Age,BMI,SBP,DBP,MAP,Heart Rate,Pulse Pressure,Glucose,HbA1c,Insulin,HOMA-IR,C-Peptide,Total Chol,LDL-C,HDL-C,VLDL-C,Triglycerides,ApoB,Lp(a),Non-HDL-C,CRP,IL-6,IL-10,TNF-α,IL-1β,IL-8,ESR,Ferritin,ALT,AST,GGT,ALP,Albumin,Total Bilirubin,Direct Bilirubin,Creatinine,BUN,Uric Acid,eGFR,Cystatin C,WBC,RBC,Hemoglobin,Platelets,Neutrophils,Lymphocytes,Waist,WHR,Body Fat %,PT,INR,aPTT,Fibrinogen,D-Dimer,Sodium,Potassium,Calcium
70.9,27.9,156,86,108,72,65,7.67,8.3,32.1,11.31,6.0,5.94,3.7,1.13,1.21,1.96,1.33,5.0,4.95,1.6,0.23,3.5,5.79,0.8,8.85,21.1,246.4,34.7,36.1,52.2,71.3,47.3,13.9,4.6,62.3,6.96,326,80.6,1.05,7.54,3.6,122,234,3.9,1.66,91.3,0.88,34.5,13.1,1.09,32.8,3.03,0.85,140.7,4.05,2.34
57.0,32.6,134,70,89,72,63,7.26,8.85,32.8,10.85,5.98,5.48,2.66,1.72,1.14,2.65,1.14,19.7,3.81,1.04,1.78,3.62,7.46,0.81,6.29,11.1,129.4,25.8,29.0,54.0,66.2,39.0,10.9,3.6,69.8,6.73,366,77.5,0.84,5.34,4.22,129,254,2.66,1.27,96.5,0.92,37.9,13.9,1.34,31.9,3.34,0.65,140.6,4.03,2.36
55.1,25.5,125,78,91,89,46,6.45,7.69,30.5,8.88,6.0,5.41,3.27,1.46,1.06,2.04,1.23,31.6,3.92,2.09,0.1,3.79,4.89,0.86,9.25,20.9,198.1,51.1,31.1,51.8,69.6,42.4,12.9,4.3,67.0,5.73,338,80.6,0.91,7.9,3.72,121,164,5.62,1.92,92.2,0.87,43.4,12.4,1.23,30.3,2.55,0.44,141.3,3.6,2.24
64.3,27.8,153,77,104,78,78,6.32,7.24,25.7,7.04,5.47,6.24,3.65,1.44,0.8,1.46,1.35,22.5,4.86,2.75,0.33,3.46,5.18,1.53,14.65,15.3,218.5,33.3,27.6,39.3,79.5,42.1,11.3,5.4,96.2,7.64,392,54.4,1.17,4.45,4.49,131,253,2.31,0.84,91.0,0.95,37.9,11.3,1.18,34.3,2.76,0.39,141.1,3.65,2.26
54.9,25.5,137,97,110,78,41,6.26,7.09,27.1,7.68,5.81,4.94,2.97,1.28,0.74,2.65,1.14,37.8,3.47,1.02,2.02,3.6,3.86,0.18,10.3,13.0,178.9,23.3,26.3,42.8,78.7,42.0,8.6,2.1,76.8,4.44,351,70.4,1.2,7.58,3.5,122,206,4.71,2.44,89.3,0.85,31.1,12.1,1.14,31.5,3.93,0.54,141.2,4.33,2.2
53.9,24.2,121,77,90,85,41,6.37,7.74,24.5,6.53,5.01,5.19,3.6,1.79,0.73,2.19,1.31,37.4,3.61,1.19,1.33,4.41,5.85,1.86,7.92,9.9,161.4,28.7,27.9,54.2,44.2,41.8,5.0,0.8,79.0,6.26,408,90.5,1.18,7.69,4.14,134,244,3.79,2.2,92.0,0.88,26.6,11.5,1.11,34.0,2.95,0.67,140.3,4.46,2.07
70.4,25.7,130,77,94,73,57,7.61,8.0,24.1,7.98,5.1,7.34,3.7,1.11,0.71,2.48,1.3,12.0,6.26,0.95,1.0,3.88,4.38,0.82,5.57,23.6,263.8,32.9,33.4,46.8,77.3,40.8,9.6,2.7,65.3,7.43,386,74.3,0.95,6.5,4.47,119,256,4.43,2.01,89.3,0.92,30.2,12.5,1.17,31.2,2.32,0.32,142.1,3.94,2.27
73.1,27.7,157,73,100,74,87,7.58,8.39,29.2,10.27,5.01,4.97,2.98,1.63,0.78,2.57,1.16,33.5,3.56,1.94,0.72,2.99,4.92,1.17,6.31,15.8,182.8,33.6,32.3,28.5,73.3,42.0,12.3,4.2,88.1,7.55,331,64.9,1.22,6.08,4.31,105,255,3.15,2.03,92.4,0.95,45.0,12.2,1.16,32.5,2.67,0.6,140.0,3.74,2.23
71.0,28.1,144,92,110,81,57,8.63,8.17,35.3,12.0,6.0,6.1,3.86,1.32,0.87,1.84,1.39,11.6,4.7,0.64,0.1,4.63,2.09,0.89,10.09,10.5,186.6,33.0,35.0,37.2,67.5,42.8,14.9,5.6,98.2,4.13,424,76.2,1.16,6.96,3.9,123,220,3.86,1.41,85.2,0.94,29.4,13.5,1.23,34.6,2.52,0.26,139.2,3.47,2.23
56.0,28.2,118,76,95,68,43,7.41,8.48,27.2,9.1,5.62,5.1,2.55,1.56,0.69,2.52,1.25,23.4,3.43,3.32,2.0,4.32,3.43,0.1,5.61,23.9,159.6,36.8,36.6,37.5,86.1,46.2,14.2,5.5,84.4,5.93,375,65.3,1.42,8.05,3.96,152,229,3.51,2.64,105.9,0.92,43.9,13.1,1.24,32.5,3.05,0.46,139.3,4.31,2.29
32.3,22.8,96,63,75,83,33,6.31,7.23,24.8,6.36,4.77,4.75,2.32,1.52,0.45,2.5,1.01,29.5,3.27,1.59,1.08,3.2,4.25,0.34,8.14,11.7,155.9,33.3,34.8,32.8,84.3,45.3,10.8,4.5,51.7,3.35,340,111.0,0.98,7.14,4.38,131,270,4.49,1.66,78.7,0.86,27.8,12.4,1.29,26.8,2.97,0.13,139.3,4.4,2.22
56.2,23.4,120,79,92,73,43,6.25,7.64,21.6,5.64,4.7,5.59,2.96,1.45,0.72,2.63,1.23,12.8,4.17,0.5,0.1,3.79,5.5,0.56,12.35,16.7,204.8,19.9,17.8,16.9,76.5,46.8,9.0,3.0,69.0,7.48,377,69.4,1.15,5.82,3.72,135,162,3.87,1.51,83.5,0.93,23.9,13.4,1.23,32.8,2.56,0.57,138.5,3.22,2.39
48.9,22.9,113,78,89,87,33,5.48,7.1,20.6,4.81,4.48,4.82,2.78,1.68,0.55,2.32,1.14,31.9,3.17,0.59,1.28,3.54,5.4,1.32,8.5,19.2,149.6,43.3,28.5,61.3,58.4,42.3,11.6,3.8,73.7,5.22,302,100.9,1.25,7.13,4.27,119,187,3.33,1.38,82.9,0.85,26.2,12.1,1.11,30.4,3.56,0.35,137.6,3.33,2.25
56.4,20.8,109,80,87,83,30,5.84,8.11,21.0,5.41,5.36,6.05,2.77,1.68,0.53,2.17,1.13,16.8,4.4,1.26,1.74,4.43,1.8,0.16,4.86,16.2,84.0,41.2,35.4,32.0,51.3,39.8,9.1,4.5,67.9,7.35,281,86.7,1.17,7.51,4.2,140,211,4.72,2.51,91.3,0.84,34.7,12.7,1.17,35.8,2.87,0.67,142.1,4.11,2.29
49.9,29.0,118,77,92,84,41,6.26,7.7,28.7,7.61,5.38,7.07,4.11,1.84,0.76,1.42,1.33,15.5,5.16,0.88,1.17,3.79,1.81,0.41,14.6,16.6,182.7,35.9,35.4,36.5,74.0,43.0,5.4,0.5,102.5,4.56,375,89.2,1.32,7.31,4.13,116,172,3.35,1.52,89.5,0.98,24.7,13.8,1.24,34.9,2.64,0.38,143.5,4.07,2.22
57.8,23.3,123,78,94,66,41,4.47,7.51,23.8,4.65,5.2,6.44,2.98,1.45,0.61,1.87,1.1,31.4,4.84,1.45,1.4,3.99,5.07,0.94,13.4,14.2,126.7,27.0,34.3,20.0,82.1,44.7,6.7,2.4,69.2,6.47,319,72.9,1.03,6.04,4.62,120,210,3.64,1.33,87.4,0.9,28.8,13.0,1.2,27.2,2.36,0.41,142.3,3.92,2.34
45.5,26.4,120,76,90,80,45,5.71,7.58,27.1,7.42,5.13,6.58,4.14,1.06,0.89,1.65,1.04,12.2,5.55,0.79,1.33,3.9,2.81,1.07,9.57,14.9,188.1,28.6,23.4,50.2,40.2,46.9,15.6,5.8,70.5,5.54,434,111.3,1.22,7.14,3.92,133,214,3.78,1.69,86.8,0.92,41.5,12.8,1.15,34.3,2.47,0.19,139.9,4.05,2.27
42.6,23.9,139,75,98,71,63,7.55,8.85,21.5,7.33,4.5,4.47,2.67,1.61,0.65,2.85,1.25,11.5,2.73,2.27,0.79,3.16,5.26,1.11,12.01,11.7,159.7,24.4,26.5,38.3,77.3,48.9,16.8,7.4,63.2,8.65,311,113.2,1.01,8.07,3.69,133,232,5.11,2.37,82.2,0.92,30.6,11.9,1.17,33.1,2.37,0.49,137.4,4.0,2.26
72.7,27.6,142,86,105,78,55,7.46,8.15,27.5,9.17,5.73,6.05,4.09,1.66,0.93,2.92,1.33,36.1,4.25,1.33,1.39,4.87,2.05,0.36,7.31,16.1,219.2,27.3,29.7,38.5,64.2,43.0,13.6,3.4,81.8,8.14,362,69.8,1.06,8.16,3.86,118,211,4.61,2.39,92.7,0.91,45.0,12.7,1.24,29.9,2.76,0.65,141.8,4.04,2.33
46.4,23.2,122,81,96,61,43,5.98,7.63,26.9,6.84,5.45,5.96,3.55,1.45,0.7,1.55,1.2,23.6,4.48,3.98,2.02,4.48,3.9,0.16,10.49,13.2,129.1,9.1,24.9,32.8,42.9,46.4,10.3,3.3,88.2,7.07,360,97.0,1.44,7.62,4.39,109,270,4.66,2.61,82.7,0.83,30.7,11.8,1.25,34.5,2.57,0.61,137.7,3.75,2.08
58.0,22.6,137,77,97,66,64,6.79,8.38,21.0,5.85,4.65,6.42,3.41,1.37,0.64,2.06,1.2,5.5,5.1,1.48,2.13,3.58,4.15,1.13,6.85,12.4,148.7,38.5,32.8,47.1,71.4,47.4,7.7,1.6,76.5,8.52,394,75.3,1.0,9.21,4.18,128,244,5.68,2.72,85.7,0.9,24.1,13.7,1.24,29.7,3.16,0.6,141.0,4.04,2.21
69.5,23.4,138,74,95,87,61,5.2,7.46,24.2,5.23,5.27,7.35,3.72,0.8,0.69,2.08,1.21,33.7,6.75,0.52,1.89,4.13,5.13,1.54,3.98,17.5,163.3,36.1,34.6,36.5,77.9,40.1,11.3,2.5,75.9,6.88,307,56.6,0.9,7.62,4.04,124,212,4.04,2.67,88.3,0.89,25.5,12.0,1.11,36.3,2.58,0.61,139.8,3.85,2.15
69.0,31.5,148,82,102,82,65,7.62,8.52,33.3,10.79,6.0,7.28,4.1,0.89,0.64,2.97,1.41,18.6,6.49,4.81,1.02,4.68,2.98,0.82,16.16,18.3,127.9,17.3,29.2,22.5,62.7,41.6,12.7,4.3,64.7,6.29,297,79.8,1.14,6.61,3.66,131,202,3.62,2.13,102.2,0.9,45.0,13.4,1.24,31.8,3.28,0.68,136.8,3.84,2.25
67.5,26.4,143,86,105,76,55,7.99,8.36,26.2,9.33,5.78,6.82,3.74,2.07,0.78,1.52,1.25,6.5,4.9,2.37,1.89,4.08,1.47,0.32,3.97,18.9,224.4,35.3,40.0,30.0,54.1,50.8,14.3,5.7,92.1,6.37,418,58.4,1.15,6.46,3.73,141,214,3.0,1.56,84.0,0.87,40.4,13.2,1.22,29.6,3.07,0.67,144.3,3.46,2.25
61.6,28.8,139,67,93,72,69,6.94,7.91,31.1,9.71,6.0,8.26,5.02,1.15,0.9,1.24,1.41,5.0,7.0,1.52,1.74,4.96,4.54,0.65,9.01,17.1,108.1,29.3,40.8,29.7,86.7,45.6,13.5,5.7,73.9,6.6,362,89.0,1.14,7.52,3.99,119,218,3.99,1.99,91.0,0.92,30.2,11.8,1.16,38.4,3.1,0.66,138.7,4.0,2.23
66.7,30.2,169,70,102,71,98,5.83,7.87,26.3,6.53,5.41,6.39,3.14,1.79,0.95,2.31,1.19,34.2,4.64,1.93,0.83,5.79,5.18,1.07,9.01,23.4,222.1,28.5,27.0,46.5,58.6,44.1,15.1,4.8,74.8,3.09,395,82.2,1.32,5.71,3.91,133,317,4.1,2.32,92.7,0.88,37.6,13.5,1.1,29.5,3.22,0.32,140.6,4.29,2.15
74.5,25.7,154,89,112,79,64,6.71,8.4,30.2,9.07,6.0,5.93,4.07,0.9,0.51,0.93,1.28,13.4,5.27,0.63,0.92,3.94,6.02,0.71,9.6,20.5,198.1,31.8,32.0,51.1,81.4,44.7,17.4,6.6,51.7,6.5,374,72.4,0.75,7.15,4.49,113,154,4.31,2.64,88.3,0.9,26.3,12.8,1.2,31.7,3.62,0.51,141.2,4.0,2.2
63.1,26.8,127,90,100,76,38,7.93,8.23,30.0,11.0,6.0,6.2,3.92,1.25,0.51,2.45,1.4,8.2,4.82,0.4,1.83,3.66,3.74,1.52,7.76,13.7,163.5,14.5,31.1,53.7,48.2,38.9,9.5,3.2,74.7,6.54,396,76.4,1.09,7.84,4.27,128,181,3.79,2.68,99.8,0.9,41.4,12.0,1.25,31.6,2.47,0.28,140.3,3.94,2.26
36.0,22.4,120,61,82,93,60,6.22,7.31,25.0,7.5,5.51,4.65,2.48,1.65,0.57,2.32,0.95,29.5,2.96,0.81,2.37,3.42,4.91,1.29,7.83,12.4,164.6,26.1,31.7,22.3,68.6,43.1,19.7,7.3,63.7,4.89,323,108.4,1.19,8.16,4.23,133,189,5.31,2.83,84.0,0.88,18.7,12.4,1.24,30.7,3.16,0.44,141.6,4.45,2.26
51.7,20.7,119,74,90,78,41,5.06,6.67,26.5,6.18,5.6,5.57,3.78,1.65,0.82,2.45,1.24,32.3,3.88,2.13,0.1,2.71,4.83,0.98,8.59,18.8,179.4,26.0,26.1,43.8,69.8,40.7,5.2,2.8,51.5,3.74,302,91.1,0.99,5.29,4.72,162,235,3.1,1.77,72.7,0.89,26.1,12.0,1.19,34.3,3.02,0.72,139.6,4.4,2.36
66.4,25.4,144,77,97,79,70,8.75,9.21,27.0,10.44,5.73,4.64,2.24,1.75,0.74,2.08,1.06,13.9,2.97,1.51,2.64,4.78,6.36,0.1,9.56,11.5,160.8,28.3,31.9,34.8,77.1,43.9,9.1,3.0,89.2,6.37,278,65.0,1.19,7.52,4.31,139,226,4.55,2.39,87.2,0.93,41.0,12.7,1.22,33.5,3.27,0.68,142.1,4.54,2.28
50.5,25.8,114,74,87,69,44,5.57,6.91,25.5,6.53,5.19,5.38,3.04,1.58,0.6,2.17,1.11,33.5,3.71,2.85,2.33,3.84,4.01,0.57,8.22,21.2,179.4,17.0,19.5,68.1,83.0,42.7,11.4,4.9,66.1,3.84,308,71.2,1.32,7.07,3.75,141,202,4.13,2.14,87.9,0.88,36.4,12.2,1.06,35.0,2.93,0.39,141.6,4.74,2.25
77.4,25.8,136,86,104,75,48,6.92,8.29,31.8,10.19,5.85,6.12,2.85,1.52,0.5,2.55,1.07,48.5,4.67,2.95,1.56,4.58,2.04,0.64,8.03,14.1,218.6,31.5,31.7,55.6,58.0,41.9,13.2,3.7,103.4,9.26,369,67.0,1.32,7.74,3.5,136,247,4.47,3.0,87.4,0.94,40.4,12.5,1.08,34.8,3.36,0.69,138.8,4.01,2.0
57.2,23.9,135,68,88,80,71,5.73,7.58,31.4,7.38,5.63,6.55,4.34,1.42,0.58,1.44,1.31,39.0,5.19,1.06,1.1,4.67,4.08,0.47,4.12,17.4,130.7,35.4,24.9,58.4,72.0,42.4,11.2,4.5,91.8,5.9,328,79.5,1.28,7.37,3.7,105,236,3.05,2.02,83.4,0.88,43.6,11.9,1.03,28.7,2.32,0.55,141.6,3.67,2.21
59.0,24.6,144,70,92,76,75,5.82,7.19,24.3,6.73,4.48,6.75,3.05,1.25,0.58,2.52,1.17,37.2,5.58,2.21,1.67,3.4,4.38,0.98,14.22,14.3,186.6,30.5,33.5,48.9,49.5,38.3,10.0,4.3,66.6,3.55,299,107.0,1.23,7.25,4.45,136,258,4.54,2.27,81.7,0.97,33.7,13.2,1.11,34.3,2.46,0.55,139.1,3.91,2.29
71.5,32.9,152,83,105,76,69,7.2,8.73,33.2,10.45,6.0,5.78,2.6,1.66,1.0,2.67,1.09,27.3,4.19,3.62,1.0,3.51,5.32,1.05,9.9,16.2,81.2,29.6,28.5,49.5,50.6,44.8,18.1,7.1,94.6,6.56,382,62.9,1.37,9.28,4.44,129,262,3.98,2.1,104.8,0.92,26.1,13.1,1.27,34.2,2.68,0.4,139.1,4.18,2.18
55.8,19.2,137,73,99,81,65,6.66,7.25,25.5,7.38,4.44,7.15,3.68,2.19,0.74,1.63,1.23,17.5,5.12,0.9,1.09,5.06,1.84,0.1,8.7,8.3,89.7,46.1,34.3,36.7,58.6,38.2,10.7,2.8,94.1,7.25,399,79.5,1.41,8.65,3.58,134,137,5.27,2.02,82.4,0.8,33.4,12.8,1.28,31.2,2.8,0.69,141.7,4.44,2.27
60.1,26.7,139,71,92,91,68,7.87,9.1,28.5,9.87,6.0,6.12,3.9,1.05,0.58,2.43,1.24,22.3,5.06,1.01,0.14,3.98,3.76,1.24,6.21,17.8,193.2,21.0,30.6,34.2,70.9,41.0,8.0,2.6,68.7,6.3,349,81.4,0.94,9.82,4.46,121,247,5.45,3.67,88.6,0.94,26.3,12.5,1.17,38.2,2.85,0.33,140.4,3.75,2.21
68.8,25.5,143,86,106,79,58,6.61,7.93,29.2,8.66,5.55,6.25,3.82,1.06,0.82,2.11,1.36,28.7,5.25,1.33,0.1,3.63,5.72,0.86,5.1,10.4,161.6,33.9,32.8,34.1,87.0,38.5,16.8,6.1,65.7,5.31,301,78.3,1.17,7.43,4.36,108,164,4.5,2.48,96.6,0.92,28.2,12.9,1.24,35.0,2.54,0.5,142.1,4.15,2.24
40.3,20.9,114,68,83,89,47,5.17,6.26,25.6,5.56,5.82,4.07,2.29,1.38,0.72,2.24,1.13,6.9,2.61,0.2,3.08,3.38,3.66,0.99,10.6,5.3,118.6,27.4,25.4,44.2,86.3,42.1,13.9,5.2,44.1,4.24,375,89.2,0.87,6.32,4.95,123,240,3.56,1.81,79.5,0.92,27.7,11.9,1.1,34.4,2.41,0.55,141.6,3.87,2.41
54.6,23.7,138,73,93,84,64,6.87,8.57,24.3,7.35,4.27,5.25,3.29,1.73,0.5,1.96,1.04,13.5,3.42,1.21,1.35,3.94,3.67,1.22,7.62,18.1,164.6,43.0,33.3,58.4,61.2,44.2,15.4,5.5,78.6,5.62,318,79.9,1.04,5.99,4.63,124,220,3.82,1.83,88.5,0.9,38.5,12.1,1.15,35.2,2.57,0.43,138.2,4.0,2.32
67.9,28.2,152,84,107,88,62,7.52,8.65,31.0,10.53,6.0,7.05,3.83,1.48,0.75,2.49,1.19,6.3,5.74,1.96,1.54,4.94,7.28,0.5,10.02,22.7,163.4,32.2,38.8,39.8,70.5,46.2,12.2,5.4,65.9,5.85,413,80.7,1.05,6.83,4.66,142,215,3.77,1.51,86.0,1.01,40.1,13.9,1.09,32.3,2.18,0.57,142.8,4.02,2.08
58.8,27.2,134,78,96,75,58,7.05,7.85,28.9,9.11,6.0,6.15,3.55,1.71,0.8,1.98,1.32,25.8,4.36,1.25,1.31,4.44,2.61,1.48,4.04,11.4,130.6,33.4,30.8,35.8,77.2,38.6,7.5,1.6,79.8,4.64,347,73.7,1.16,8.1,4.41,150,172,4.59,2.26,93.0,0.91,43.6,13.2,1.23,34.5,2.72,0.52,141.7,4.15,2.07
75.6,27.6,146,90,108,76,55,7.44,7.84,25.7,8.61,5.64,6.38,4.17,1.33,0.78,1.88,1.47,24.8,5.11,1.67,0.7,4.14,6.41,0.8,12.77,20.7,119.1,32.9,33.0,28.3,76.7,40.2,11.9,4.0,73.1,6.67,360,72.8,1.31,8.64,4.23,141,253,4.95,2.01,85.9,0.96,32.3,12.7,1.12,34.6,2.83,0.6,140.3,4.66,2.24
39.1,26.0,136,66,86,80,73,6.27,7.01,24.7,6.78,5.07,5.83,3.11,1.35,0.46,2.25,1.0,14.1,4.53,0.89,1.06,4.97,5.34,1.59,10.78,14.2,74.8,19.5,25.5,41.9,61.9,39.6,6.4,0.9,59.8,3.56,407,97.7,1.02,7.64,4.27,118,179,5.14,2.17,90.4,0.88,27.9,11.4,1.03,30.6,3.0,0.42,140.5,4.22,2.39
37.7,26.3,119,62,81,86,59,6.44,8.69,26.0,7.66,4.63,4.49,2.16,2.3,0.75,1.75,1.04,31.7,2.31,0.27,1.35,4.84,3.42,0.36,7.78,10.3,180.4,21.2,34.0,52.3,64.7,43.2,11.8,4.6,61.9,6.27,293,101.5,0.9,5.97,4.75,131,261,3.58,2.06,96.8,0.93,41.3,11.2,1.04,28.8,2.87,0.42,142.3,3.95,2.11
67.2,28.5,142,79,102,85,62,6.98,7.62,32.7,10.46,5.88,6.14,3.57,1.37,0.87,2.74,1.41,10.8,4.6,3.46,1.3,4.27,4.4,1.66,9.68,21.1,165.5,27.1,31.9,55.3,65.4,42.7,13.3,5.1,61.7,7.59,310,85.4,0.87,6.73,3.59,121,159,3.04,2.2,91.7,0.95,33.9,12.5,1.08,33.4,3.62,0.58,140.7,3.9,2.19
68.4,24.6,145,81,102,79,67,7.69,7.84,29.8,10.5,6.0,7.13,4.22,2.1,0.93,2.55,1.32,15.1,5.12,0.96,0.69,5.68,4.34,0.39,10.3,14.8,215.9,34.9,28.5,55.5,64.3,44.8,15.0,7.9,71.3,5.24,334,68.8,1.06,9.76,4.06,117,215,5.09,3.56,78.3,0.93,42.0,12.9,1.09,34.9,3.15,0.42,145.6,4.0,2.45
55.7,26.2,131,68,92,87,63,8.49,8.85,30.7,11.72,5.97,6.77,3.77,2.01,0.62,2.01,1.41,32.2,4.76,0.75,1.68,3.87,4.41,2.1,4.05,15.6,149.1,29.9,31.5,45.8,61.5,37.2,11.2,4.7,65.2,5.02,342,67.9,0.86,6.15,4.46,121,294,3.68,1.96,88.9,0.94,38.8,12.7,1.09,32.8,3.12,0.25,144.1,3.81,2.21
62.8,27.0,129,70,91,75,60,7.06,7.38,30.1,9.72,5.98,5.96,3.68,1.51,0.66,2.39,1.27,34.3,4.39,2.67,1.55,4.71,3.44,0.43,13.25,9.9,191.1,26.9,29.7,42.5,64.8,44.5,13.6,5.0,76.0,5.76,461,71.9,1.02,9.09,4.74,115,313,5.63,1.74,91.7,0.78,24.4,12.8,1.05,32.7,3.03,0.69,141.5,4.09,2.48
66.9,23.6,142,81,101,85,61,6.72,7.47,27.1,8.36,5.68,7.17,3.86,1.05,0.64,1.73,1.31,13.8,6.09,2.07,1.65,3.81,3.76,1.41,9.62,10.6,173.7,37.8,39.7,54.5,61.8,39.6,9.2,3.4,79.0,6.43,313,62.4,1.1,7.93,3.94,140,152,4.0,3.16,89.5,0.89,35.5,13.0,1.09,33.4,3.08,0.71,140.9,3.32,2.13
48.2,19.1,123,67,84,87,61,6.2,8.0,23.0,7.12,4.42,4.36,2.45,1.73,0.63,1.08,0.94,25.2,2.74,1.03,1.81,4.56,3.46,0.66,5.97,17.1,162.9,8.7,22.0,22.1,51.2,40.4,13.3,4.4,59.7,5.83,275,68.2,0.93,6.14,4.7,127,198,4.5,1.5,86.9,0.84,38.6,11.8,1.0,31.7,2.74,0.5,140.6,4.02,2.19
49.5,17.9,142,62,88,84,78,5.39,7.38,22.1,5.67,4.98,4.54,2.65,1.59,0.57,1.46,1.13,13.1,3.02,1.37,1.11,3.88,3.55,1.21,4.82,14.9,166.8,13.6,16.3,29.0,75.3,44.2,12.7,4.6,86.3,6.4,300,82.1,1.28,5.64,4.23,148,204,3.19,1.76,85.8,0.84,30.7,13.4,1.1,36.3,2.88,0.51,139.8,3.99,2.18
60.3,25.4,143,85,101,80,57,7.35,8.02,29.0,9.45,5.68,7.42,4.2,1.6,0.8,2.23,1.43,20.6,5.81,0.56,1.15,4.29,3.76,0.8,11.01,13.6,151.8,7.7,27.0,53.9,72.2,45.0,8.0,3.0,73.6,6.67,360,79.0,1.0,6.41,4.59,148,310,3.73,1.96,87.5,0.89,39.9,12.6,1.19,33.7,3.59,0.37,141.5,3.7,2.1
68.8,27.2,136,77,96,84,55,7.4,8.21,24.7,7.86,5.33,6.62,4.29,1.24,0.57,2.59,1.54,25.2,5.27,1.2,2.52,5.46,1.05,0.3,8.73,23.2,128.9,38.2,43.3,33.2,89.4,42.1,13.5,3.2,96.0,8.58,386,75.9,0.97,7.94,3.79,133,213,3.74,2.48,87.2,0.95,42.8,13.1,1.11,32.2,2.81,0.19,142.8,3.89,2.04
44.0,19.7,128,79,96,72,51,5.62,7.13,20.1,4.95,4.28,5.11,2.96,1.93,0.65,1.93,1.24,28.9,3.07,1.84,0.53,4.61,4.08,0.1,9.6,19.6,190.5,24.1,33.1,36.3,68.8,41.1,14.5,5.2,74.1,5.57,308,78.6,0.89,5.88,4.65,152,271,3.79,1.78,77.2,0.88,34.9,12.0,0.94,27.7,2.32,0.4,138.2,4.39,2.24
55.6,27.8,136,78,101,82,56,7.56,8.25,26.4,8.78,4.84,5.96,3.16,1.84,0.64,2.82,1.21,26.6,4.19,0.75,0.1,4.3,3.34,2.08,8.14,15.2,230.1,36.6,28.6,50.3,60.6,43.2,12.1,4.3,74.7,4.41,358,81.4,1.1,9.02,4.21,117,234,4.74,2.73,88.4,0.9,36.2,12.8,1.13,32.3,3.1,0.2,142.4,4.41,2.25
55.1,25.1,144,79,102,82,64,6.62,7.51,30.4,9.09,5.88,5.18,3.06,1.95,0.68,1.67,1.38,26.0,3.11,0.58,1.72,3.55,1.32,0.86,5.04,7.6,231.9,26.7,28.7,41.2,58.0,41.4,8.9,4.5,68.1,3.95,425,93.6,0.97,6.88,3.78,127,174,3.41,1.54,89.5,0.84,37.8,13.8,1.17,31.3,3.17,0.51,143.0,3.9,2.17
63.0,29.6,134,79,96,69,53,6.35,7.44,35.6,9.83,6.0,6.44,3.95,1.19,1.05,2.13,1.43,10.2,5.24,1.31,0.86,4.14,3.77,0.1,9.63,14.3,151.6,38.0,35.1,56.9,66.9,44.7,12.4,4.2,83.3,8.32,367,67.2,1.02,8.17,4.11,123,144,4.33,3.48,87.2,0.99,25.1,12.2,1.22,31.6,2.9,0.72,142.4,4.19,2.18
57.9,26.1,135,59,82,83,76,7.02,7.77,21.4,7.05,4.87,6.09,3.66,1.06,0.51,3.07,1.36,27.6,5.3,1.18,0.46,3.42,3.62,1.0,7.5,10.6,139.9,27.0,30.4,56.3,72.4,46.5,13.0,3.9,75.2,6.68,366,84.0,1.34,7.96,4.75,125,197,5.07,2.65,85.0,0.88,26.7,12.0,1.1,35.3,2.08,0.41,140.9,3.6,2.38
51.4,21.0,126,66,85,69,56,6.4,7.41,28.4,7.66,5.77,5.55,3.34,1.79,0.58,1.01,1.07,29.2,3.81,1.38,1.99,4.56,5.98,1.2,8.05,13.4,142.4,28.8,30.9,43.1,62.2,46.8,8.9,3.3,83.6,6.14,420,98.1,1.27,9.04,3.88,152,317,5.21,2.73,85.3,0.87,31.2,12.0,0.97,32.8,3.36,0.39,142.1,3.94,2.34
73.0,28.1,146,82,105,75,57,7.98,8.91,30.2,10.21,6.0,5.35,2.35,1.86,0.57,2.2,0.91,31.9,3.56,0.59,1.19,4.53,3.67,0.47,15.18,12.3,172.8,31.2,30.9,57.0,49.7,42.1,8.5,3.0,98.3,7.44,342,43.3,1.28,6.96,3.5,106,224,3.39,2.83,88.4,1.0,29.7,12.8,1.21,29.4,2.91,0.42,144.1,4.07,2.18
51.5,26.2,120,78,92,80,43,7.29,8.45,31.2,10.06,6.0,6.06,2.33,1.6,0.75,1.74,0.89,13.9,4.35,0.23,0.26,3.9,5.04,0.45,10.63,8.0,159.7,30.8,27.1,32.6,56.3,47.2,13.1,4.5,64.1,5.89,317,88.7,1.04,7.17,4.44,128,266,3.68,1.72,90.3,0.88,33.6,12.2,1.12,34.1,2.68,0.47,140.9,4.53,2.29
54.5,22.9,135,63,88,73,66,6.33,7.29,26.7,7.27,5.53,5.27,3.41,1.58,0.82,1.95,1.14,33.7,3.57,1.74,2.86,5.03,6.22,0.86,10.92,4.5,128.0,39.9,37.9,40.1,65.7,40.5,14.5,4.0,81.4,6.51,329,91.7,1.12,5.5,3.58,123,166,3.73,2.0,81.9,0.88,27.1,12.0,1.07,28.8,3.33,0.48,141.1,4.4,2.08
38.9,18.3,121,69,86,80,55,5.37,6.71,25.6,5.73,5.15,4.4,2.59,1.46,0.59,1.55,1.15,6.1,3.01,0.41,0.1,4.92,2.85,1.42,16.19,11.6,93.0,11.2,17.1,57.3,72.8,50.2,17.0,5.8,76.9,4.88,313,90.0,0.96,6.92,5.04,122,218,3.69,1.85,81.3,0.87,28.5,12.2,1.24,33.7,2.0,0.25,145.0,4.11,2.3
49.4,24.2,140,67,92,80,78,6.43,7.65,26.9,7.51,5.92,6.71,3.68,1.46,0.67,2.41,1.32,17.3,5.22,0.68,1.21,4.1,3.94,0.88,9.21,3.4,163.2,26.6,25.7,59.3,47.1,40.9,13.3,4.2,77.9,7.02,277,98.7,1.25,8.39,4.92,123,256,4.9,2.68,83.6,0.83,42.3,13.4,1.14,31.3,2.87,0.59,141.6,3.77,2.24
64.2,22.7,136,80,96,72,56,6.89,8.81,21.1,6.24,4.79,7.56,4.44,1.84,0.85,2.22,1.36,19.9,5.83,0.3,0.1,4.35,6.89,1.54,8.38,13.4,30.9,27.9,23.8,26.4,69.6,36.8,7.8,2.5,71.8,5.66,348,80.6,1.18,7.56,4.57,125,174,4.56,2.44,77.4,0.82,31.6,12.7,1.24,33.4,2.59,0.93,139.3,4.46,2.18
61.8,28.8,134,80,101,84,58,7.43,7.8,29.9,9.88,5.77,7.71,5.01,1.29,0.83,1.74,1.48,7.9,6.43,2.24,1.62,3.69,4.65,1.46,6.14,17.5,171.1,29.8,35.5,43.1,68.8,47.0,17.6,6.7,70.7,5.1,366,94.1,0.83,10.12,4.18,118,217,3.86,2.1,95.5,0.9,27.6,12.7,1.12,33.0,3.46,0.71,143.0,3.96,2.23
65.2,24.6,146,85,103,72,61,7.01,7.94,28.3,8.64,5.15,6.47,4.13,1.73,0.81,1.89,1.32,19.8,5.1,1.43,0.8,3.87,4.91,0.74,6.76,12.2,137.9,24.1,29.6,40.9,61.1,40.6,14.4,4.5,70.1,4.28,339,79.7,1.09,8.0,4.81,148,182,5.03,1.83,84.3,0.88,41.2,13.0,1.18,32.9,2.94,0.52,142.1,4.19,2.21
64.6,30.9,133,89,105,98,48,7.19,8.13,31.3,9.83,6.0,6.11,3.75,1.63,0.93,2.46,1.36,25.9,4.43,1.57,2.04,3.38,3.73,0.1,2.0,10.7,206.8,26.2,36.6,48.0,59.4,43.1,5.3,1.7,69.0,5.99,372,93.0,1.09,6.72,4.69,118,251,3.27,2.65,93.0,0.94,44.4,13.2,1.14,33.8,2.5,0.52,140.0,4.03,2.09
83.1,21.6,160,87,111,75,72,7.69,8.3,26.6,9.07,5.19,5.99,2.94,1.57,0.2,2.5,1.08,5.0,4.45,1.56,1.28,3.74,5.74,0.75,10.5,17.5,232.2,38.0,28.1,53.3,59.5,38.2,8.8,3.5,72.7,8.57,351,62.0,1.04,8.29,3.76,125,224,4.38,2.38,81.0,0.84,23.5,14.0,1.22,34.4,3.3,0.55,139.5,4.65,2.35
49.0,24.3,137,80,99,71,50,5.88,7.26,26.0,7.1,5.43,6.02,3.01,1.58,0.67,3.28,1.23,17.7,4.36,0.28,2.34,3.94,3.93,1.07,4.22,9.1,202.8,26.6,23.4,58.3,66.6,51.2,9.9,3.2,71.0,5.12,294,72.9,1.32,5.24,4.89,141,253,3.65,2.37,88.9,0.91,25.6,12.6,1.11,37.1,1.82,0.37,141.5,3.87,2.35
38.6,26.9,133,70,90,74,63,8.41,9.17,27.3,10.63,6.0,5.36,1.99,1.11,0.58,2.77,1.02,5.0,4.36,0.51,0.95,3.01,1.04,0.85,10.75,11.6,138.3,48.0,34.9,46.1,77.4,50.4,14.9,7.3,59.8,3.49,359,90.9,1.22,5.84,4.05,122,266,3.93,2.28,90.9,0.83,29.5,12.3,0.96,32.5,3.02,0.54,140.7,4.36,2.23
45.4,20.8,126,92,104,89,39,6.68,8.02,20.4,6.09,4.88,6.48,3.82,1.21,0.49,1.49,1.19,46.8,5.33,0.67,0.1,4.36,3.4,1.14,7.92,7.8,112.6,29.6,28.3,49.6,78.9,49.0,4.3,1.7,76.8,5.93,363,98.5,1.07,5.48,4.27,130,218,3.26,1.56,85.0,0.87,18.1,11.8,1.1,32.9,2.31,0.58,138.4,4.02,2.08
49.6,23.5,122,66,85,76,57,5.47,7.57,24.2,5.96,5.78,4.02,2.66,1.42,0.89,1.94,1.2,25.0,2.52,0.62,1.46,4.63,2.23,1.26,8.43,12.1,128.6,24.4,29.8,45.4,51.5,44.3,10.9,2.8,73.2,4.93,281,95.7,1.06,7.04,3.59,132,265,4.24,1.99,83.6,0.91,29.2,12.9,1.19,30.7,2.63,0.28,140.8,4.22,2.01
46.3,22.3,125,69,90,69,54,6.36,7.92,25.4,7.13,5.09,5.3,3.39,1.45,0.59,2.12,1.19,23.8,3.83,0.78,1.06,4.01,4.12,1.1,7.94,10.7,170.5,30.6,21.7,39.3,62.4,47.2,13.9,4.2,73.7,7.45,401,85.1,1.05,6.89,4.4,131,203,4.28,2.73,84.4,0.9,30.7,11.9,0.96,33.3,2.73,0.49,140.6,4.54,2.46
59.1,23.0,137,83,104,86,54,7.14,8.43,19.7,6.4,4.88,6.41,3.8,1.28,0.94,1.88,1.2,25.7,5.28,1.22,0.1,2.41,2.84,0.71,12.26,14.1,104.5,27.4,31.8,22.3,39.6,43.0,3.0,0.5,72.2,7.38,294,96.3,1.0,8.69,4.09,123,245,5.49,3.45,87.0,0.88,25.3,12.2,1.16,30.4,3.2,0.67,141.1,3.45,2.21
73.0,27.5,139,88,106,75,54,6.88,8.57,26.7,8.29,5.52,5.57,3.0,1.42,0.54,2.52,1.23,30.9,4.28,2.42,0.55,3.9,5.25,1.16,11.82,23.0,240.2,39.5,30.4,54.6,68.6,45.4,14.2,4.3,80.0,5.2,313,62.0,1.03,7.46,3.89,110,135,4.88,2.12,96.4,0.89,23.8,13.1,1.31,36.5,3.75,0.54,142.4,4.02,2.28
76.5,23.3,159,86,113,82,73,5.7,7.88,19.4,5.3,4.55,5.85,2.99,1.71,0.5,0.87,1.09,35.6,4.01,0.52,0.67,3.17,4.61,1.94,7.95,17.4,169.3,17.3,23.3,43.5,74.8,40.6,13.5,5.1,77.6,6.63,355,67.9,1.18,6.35,3.97,125,182,3.55,2.52,86.8,0.88,32.6,14.0,1.22,30.1,2.1,0.56,138.0,3.78,2.1
64.1,25.4,143,84,104,86,67,5.98,8.42,25.2,6.14,6.0,6.46,3.22,1.75,0.82,2.39,1.23,5.0,4.67,1.15,2.56,3.66,2.44,0.1,5.4,16.9,194.1,13.3,32.0,41.8,85.3,47.6,8.1,2.0,86.0,5.52,378,75.9,1.42,9.21,3.93,116,311,4.7,3.17,83.9,0.95,29.1,13.2,1.14,31.1,3.01,0.64,139.1,4.16,2.19
83.7,29.6,144,72,99,80,71,7.97,8.97,34.7,12.0,6.0,7.75,4.19,1.73,0.74,2.24,1.27,39.9,6.21,2.35,1.98,4.92,4.01,1.14,10.96,15.5,121.6,32.7,22.7,34.5,46.9,39.8,8.2,2.6,76.8,5.72,394,44.4,1.3,4.26,3.98,115,233,2.21,1.76,93.6,0.9,33.6,13.2,1.28,30.1,3.75,0.75,140.7,4.25,2.16
53.7,23.8,148,87,108,99,65,5.07,6.77,22.0,5.07,4.81,4.7,2.19,1.03,0.72,1.9,1.06,37.6,3.66,0.58,0.99,2.55,5.02,1.74,5.12,14.1,127.4,33.6,33.2,60.6,52.3,42.6,9.1,4.1,78.2,5.86,371,80.3,1.22,7.15,4.78,126,248,4.0,2.19,85.5,0.93,22.0,12.0,1.12,33.7,2.59,0.54,143.7,3.9,2.27
38.4,19.6,118,68,83,66,52,4.68,7.18,24.2,5.02,4.77,4.16,2.99,1.16,0.58,2.48,1.34,21.1,3.03,0.71,1.61,3.52,5.51,0.24,3.39,9.8,76.3,27.1,29.6,38.7,65.6,43.5,3.3,0.8,53.9,6.06,305,122.3,0.64,7.06,3.99,139,198,3.86,1.85,73.6,0.91,19.5,13.2,1.19,30.9,2.57,0.44,145.5,3.94,2.28
70.6,29.6,133,92,106,72,39,7.71,8.64,39.5,12.0,6.0,5.58,2.55,1.42,0.77,1.82,0.95,22.1,4.27,1.78,0.1,4.53,3.11,1.37,9.64,16.1,221.8,35.2,30.3,33.4,47.6,42.8,10.8,4.3,86.8,6.6,372,56.9,0.97,7.49,4.44,152,171,3.61,1.83,85.1,0.86,42.4,12.9,1.24,35.2,2.95,0.63,141.4,4.09,2.12
35.9,24.5,109,56,75,79,51,6.0,8.27,30.8,7.82,5.89,4.28,2.27,1.43,0.64,2.22,1.05,5.0,2.72,0.87,0.84,3.6,2.1,1.4,11.72,13.2,144.5,31.5,29.0,28.0,65.7,43.9,12.2,2.9,61.6,4.43,329,105.2,1.12,7.36,4.53,120,221,4.27,1.69,86.7,0.89,31.8,12.0,1.12,29.4,3.16,0.35,140.8,3.69,2.18
48.9,20.7,140,75,96,97,68,5.58,6.9,23.7,6.12,5.46,4.31,1.59,1.61,0.64,2.29,0.84,7.5,2.61,1.36,1.6,3.56,6.95,0.12,6.89,10.6,185.4,13.5,30.5,41.9,72.4,45.5,7.0,2.2,61.7,2.93,340,77.0,1.19,7.18,4.46,136,223,3.16,2.92,82.9,0.84,30.9,12.8,1.28,33.8,3.1,0.29,136.1,4.18,2.24
64.2,21.8,154,74,102,92,81,6.14,7.79,26.9,7.1,4.87,5.0,2.87,1.5,0.73,2.07,1.33,29.4,3.48,1.15,1.41,5.24,4.3,1.2,9.31,13.3,176.8,28.2,39.0,45.8,51.0,41.4,14.3,4.3,63.4,5.4,339,66.6,1.07,7.94,4.15,113,294,4.41,2.39,82.8,0.82,35.7,12.5,1.14,34.7,2.69,0.3,143.1,3.83,2.05
56.8,22.0,141,80,102,89,62,5.22,6.84,20.0,4.11,4.72,6.66,3.66,1.57,0.88,1.09,1.31,37.2,5.22,0.84,0.83,4.24,4.3,0.7,6.82,11.7,186.2,36.5,37.1,35.8,67.3,45.8,12.1,4.5,60.2,6.54,315,68.4,0.95,6.45,3.95,151,262,3.62,1.48,87.7,0.91,29.8,12.2,1.14,33.4,2.5,0.58,142.0,4.3,2.15
55.7,26.3,145,79,101,73,61,7.11,8.26,23.5,7.67,4.76,5.67,2.97,1.52,0.7,2.94,1.2,31.5,4.26,0.54,1.26,4.57,3.02,0.79,10.21,11.4,152.4,29.5,40.8,46.3,51.0,48.1,12.3,3.5,68.3,4.3,336,91.2,1.21,5.39,4.42,124,227,3.02,2.02,85.2,0.93,26.0,12.2,1.2,32.9,3.34,0.5,141.7,3.67,2.22
43.8,24.1,135,75,89,75,62,5.66,7.24,26.1,6.69,5.7,5.63,2.72,1.02,0.62,1.92,0.99,21.3,4.69,1.07,1.56,4.32,4.23,0.68,11.37,12.5,149.6,16.6,23.1,44.4,80.9,44.7,9.6,5.0,88.7,7.18,280,78.5,1.3,6.87,4.57,123,231,4.21,1.87,81.0,0.91,26.4,12.0,0.89,32.5,2.52,0.5,138.4,3.85,2.3
57.9,27.3,140,71,97,73,70,6.41,7.9,30.0,8.51,5.99,5.24,2.88,2.26,0.67,1.97,1.04,46.0,2.98,1.2,1.33,4.12,6.77,1.5,7.31,12.5,165.6,26.0,22.8,43.0,68.3,50.0,13.5,3.4,66.9,5.28,385,93.0,1.17,5.99,3.9,133,251,3.65,1.54,86.7,0.87,41.3,12.0,1.18,30.6,2.07,0.38,145.1,3.84,2.38
70.0,25.4,145,81,102,72,64,7.21,7.54,30.8,9.59,5.9,6.58,3.4,1.6,0.93,2.08,1.28,35.6,5.11,0.68,1.98,4.77,4.8,0.77,4.97,21.6,194.0,32.2,31.6,34.7,59.3,45.7,15.5,6.3,52.0,6.55,351,68.3,0.69,6.56,3.56,130,162,4.72,2.8,85.5,0.91,29.8,12.2,1.06,30.8,2.24,0.57,144.4,4.01,2.16
58.2,22.2,137,75,94,91,63,6.24,7.94,22.9,6.32,4.79,7.21,3.91,1.97,0.75,1.82,1.19,18.2,5.23,1.46,1.55,5.17,5.81,0.63,3.75,24.7,187.5,40.5,37.1,51.0,51.0,49.7,10.8,4.5,79.6,5.65,253,78.8,1.18,8.63,4.25,124,144,4.49,2.06,84.2,0.83,41.6,13.2,1.24,34.3,2.61,0.52,141.8,4.45,2.24
48.0,26.5,134,78,95,79,55,6.02,7.59,28.6,8.02,5.45,5.1,3.59,1.4,0.45,1.57,1.12,48.6,3.77,2.16,1.78,3.03,4.07,0.66,10.95,10.4,276.3,12.6,17.1,46.8,69.5,43.9,12.9,4.8,58.4,4.09,377,94.0,1.18,8.94,4.62,150,256,5.06,2.78,86.0,0.91,38.2,12.9,1.3,31.5,3.46,0.65,142.9,4.34,2.07
43.0,21.5,113,78,89,79,33,4.49,6.81,24.0,4.31,5.44,6.82,3.82,1.84,0.34,1.89,1.28,9.0,5.07,0.59,2.62,3.99,2.34,0.65,4.64,12.7,223.2,28.6,24.6,44.3,80.6,39.5,13.7,4.9,80.5,6.05,342,73.3,1.21,8.26,4.77,145,231,4.65,2.24,75.1,0.85,41.1,11.9,1.05,33.3,2.34,0.55,141.0,3.9,2.3
48.3,24.4,133,75,93,86,57,6.71,8.63,26.1,7.31,5.0,5.98,3.5,1.44,0.56,1.85,1.23,5.0,4.71,0.63,1.94,3.99,2.96,0.29,9.17,16.5,89.0,19.7,23.6,30.2,55.6,42.0,12.2,5.8,67.0,4.88,307,90.0,1.15,8.15,4.8,135,173,4.56,2.14,76.5,0.94,30.4,13.0,1.15,36.3,3.43,0.34,142.6,3.92,2.16
62.7,20.9,149,68,94,65,79,6.49,7.59,23.4,6.57,4.91,5.71,2.95,1.94,0.65,2.32,1.18,18.1,3.77,0.66,2.63,3.76,2.6,0.59,10.39,13.5,166.1,29.5,31.0,25.1,61.0,41.1,16.5,7.8,73.4,5.24,298,78.6,1.09,7.36,4.32,123,135,3.42,1.62,83.5,0.86,38.9,12.9,1.17,32.0,3.34,0.6,138.6,4.32,2.19
62.1,23.7,133,79,96,79,61,6.23,7.75,23.3,6.44,5.13,6.18,3.08,1.57,0.67,2.33,1.14,14.0,4.58,0.4,0.72,4.6,4.58,0.87,6.53,10.4,154.5,31.6,32.1,41.3,57.2,40.2,9.4,3.1,90.6,3.54,327,83.6,1.24,8.48,4.07,123,255,4.07,2.57,81.6,0.9,45.0,12.5,1.02,31.6,2.9,0.4,136.7,3.67,2.27
48.4,26.8,124,94,105,72,33,5.78,7.43,29.0,7.32,6.0,6.15,3.37,2.03,0.81,2.96,1.33,18.0,4.26,3.4,0.16,4.22,5.91,1.14,7.77,19.9,218.4,26.6,26.8,50.7,83.5,37.4,10.1,3.6,79.2,7.29,319,75.8,1.3,7.56,4.32,134,205,4.16,1.92,81.5,0.92,36.0,11.7,1.24,31.6,1.88,0.1,138.4,4.05,2.3
31.5,19.6,117,79,95,78,35,5.71,7.43,23.0,6.03,4.95,6.64,4.65,1.06,0.57,1.75,1.36,31.2,5.72,0.57,1.11,5.17,3.89,1.42,11.04,12.6,134.0,29.9,29.7,48.2,40.2,48.5,9.2,2.8,52.5,4.79,293,96.1,0.84,8.99,3.99,140,250,4.16,2.94,84.1,0.86,25.3,12.3,1.12,31.7,2.34,0.62,139.0,3.91,2.14
63.0,28.0,132,59,85,75,78,7.39,9.08,28.3,9.62,5.65,6.54,3.48,1.62,0.97,1.96,1.27,22.7,4.87,0.72,1.14,4.67,3.82,0.95,5.63,15.9,190.8,38.1,28.9,50.3,81.7,37.3,14.1,4.0,62.9,7.48,420,83.6,0.91,6.2,3.9,127,208,3.24,1.84,97.0,0.92,25.8,13.9,1.39,34.7,2.57,0.47,140.0,4.02,2.3
47.2,16.7,108,71,86,74,36,5.86,7.45,22.1,5.83,4.92,5.64,3.25,1.8,0.65,1.02,1.15,22.3,3.74,0.42,2.36,4.83,2.77,0.58,5.3,18.0,65.3,22.0,23.1,29.9,60.2,47.0,10.3,4.0,51.1,6.14,332,106.1,0.85,7.77,4.31,126,225,3.95,2.21,78.0,0.86,32.6,12.5,1.11,32.3,3.5,0.6,141.8,4.34,2.25
66.3,24.3,150,86,107,80,64,8.08,8.31,29.9,10.91,5.16,5.61,2.76,1.31,0.7,3.38,1.21,24.0,4.44,0.92,0.38,3.3,4.89,0.33,7.37,18.2,114.8,16.4,20.3,29.8,65.8,49.2,8.7,3.3,108.7,8.07,446,59.3,1.37,5.85,4.03,138,193,3.07,1.41,87.8,0.86,40.4,13.4,1.22,38.5,2.6,0.44,140.8,3.78,2.34
48.9,23.4,121,73,89,82,51,6.91,8.7,27.8,8.62,5.19,6.31,2.37,2.02,0.84,2.46,1.14,5.0,4.13,0.63,1.2,3.53,2.14,0.97,11.88,12.3,244.4,38.1,32.0,41.5,60.8,41.7,16.9,4.6,62.0,4.9,348,76.1,0.8,7.82,4.35,114,222,4.87,2.92,86.8,0.91,31.5,12.4,1.2,33.5,2.51,0.33,140.9,4.37,2.4
46.1,28.8,127,72,91,79,49,6.64,7.7,26.9,7.93,5.38,5.15,2.52,2.08,0.53,1.97,1.02,5.0,2.91,2.46,1.73,3.61,2.3,0.84,13.03,8.5,165.1,36.0,30.3,44.4,67.5,45.3,17.2,6.4,85.0,4.05,388,82.9,1.27,4.98,3.79,128,250,2.2,1.79,82.4,0.96,38.7,13.0,1.09,34.3,2.95,0.37,138.6,4.69,2.42
59.8,21.7,127,75,91,81,51,7.02,7.37,24.7,7.33,4.93,5.79,4.13,0.84,0.62,2.92,1.34,18.4,4.92,0.49,1.32,4.8,5.56,0.78,7.74,12.1,129.2,30.3,33.2,50.1,57.2,42.0,10.5,3.9,69.4,7.0,304,68.1,1.04,5.76,3.74,124,209,3.61,1.46,87.4,0.9,21.2,12.6,1.14,32.9,2.25,0.54,138.7,4.24,2.09
85.0,30.2,167,91,116,71,74,7.66,8.03,28.7,9.47,5.17,8.89,5.13,1.35,0.82,3.15,1.45,14.1,7.0,0.63,1.2,3.43,4.3,0.96,5.91,22.7,199.3,24.6,31.3,38.2,81.2,43.6,7.1,2.0,69.5,7.25,354,62.1,1.16,6.19,4.26,100,194,3.12,1.31,98.2,0.92,31.4,11.8,1.14,36.8,2.81,0.66,141.8,4.04,2.22
67.0,29.2,150,74,101,85,77,7.21,7.61,30.8,9.47,6.0,4.25,3.0,1.53,0.87,1.71,0.96,20.6,2.62,1.8,1.67,3.47,3.95,1.13,11.34,18.1,136.0,37.5,33.8,41.1,79.9,39.0,17.5,5.6,77.4,5.89,358,60.1,0.87,7.73,3.8,108,241,4.03,1.56,99.5,0.93,27.1,12.4,1.11,32.8,2.53,0.63,140.3,4.39,2.06
59.6,23.0,131,85,103,77,47,7.57,7.56,22.9,7.67,5.05,5.96,3.14,1.57,0.4,1.8,1.14,39.8,4.41,0.99,2.14,3.35,3.97,0.97,3.07,13.4,158.9,42.8,42.9,62.9,54.2,42.8,13.6,5.1,71.7,6.99,368,87.7,1.18,7.67,3.93,141,247,4.45,2.76,83.5,0.87,24.5,12.8,1.12,31.4,3.9,0.43,141.2,3.72,2.36
62.3,24.4,124,78,93,75,46,5.98,7.34,30.1,8.07,6.0,6.11,2.42,2.07,0.65,2.01,1.03,22.2,4.07,0.98,2.52,5.67,5.36,0.75,8.82,21.6,114.2,26.2,31.5,55.4,74.2,46.3,12.6,5.7,85.9,6.72,352,75.1,1.35,10.24,4.21,148,173,5.49,3.43,82.3,0.89,40.3,13.4,1.31,35.4,2.46,0.53,142.3,4.48,2.37
37.0,22.9,114,64,78,75,50,6.09,7.52,27.5,7.0,5.34,5.24,2.44,2.04,0.72,1.49,0.93,6.0,3.16,1.18,1.31,3.94,4.02,0.45,7.96,10.2,121.0,27.2,27.5,30.3,59.4,44.8,11.7,4.4,78.6,6.03,361,104.7,1.18,6.69,4.06,166,230,3.23,2.43,90.6,0.84,38.7,12.1,1.22,31.7,3.61,0.27,144.0,3.82,2.37
44.5,18.9,126,79,94,77,51,6.85,8.4,25.6,7.83,5.38,5.14,2.98,1.8,0.65,1.89,1.06,12.7,3.54,0.91,0.58,4.34,2.8,0.53,11.95,15.8,141.2,15.9,21.4,49.2,65.1,39.5,8.4,3.6,64.4,4.2,342,67.3,1.02,7.86,4.8,142,207,4.14,2.31,82.8,0.92,37.7,12.4,1.25,32.8,2.37,0.65,140.8,4.72,2.22
27.9,20.0,111,56,71,96,57,5.9,7.7,25.9,6.53,5.59,5.19,2.95,2.38,0.78,2.25,1.27,41.9,2.85,0.7,2.46,3.33,2.52,1.25,12.24,10.2,188.9,19.2,19.9,24.6,81.1,49.5,9.7,2.7,49.1,5.78,312,90.3,1.0,6.79,4.02,149,237,2.84,2.36,85.5,0.95,33.6,11.7,1.01,33.8,2.93,0.15,144.2,3.89,2.35
78.8,31.3,152,82,106,78,70,7.28,8.37,31.4,9.84,6.0,6.36,3.49,1.76,0.94,1.79,1.29,42.3,4.71,0.65,0.48,4.59,4.3,0.61,5.22,24.7,203.2,22.0,30.8,38.8,59.8,37.8,13.1,4.3,66.1,6.81,345,76.7,1.18,8.43,4.01,125,268,4.83,2.94,91.8,0.91,45.0,14.0,1.23,34.3,3.02,0.48,142.4,4.27,2.14
76.3,28.7,150,80,104,69,70,5.96,7.12,28.5,7.36,5.95,6.55,3.39,1.42,0.77,2.39,1.13,31.0,4.98,0.52,2.75,2.95,5.0,0.15,8.54,19.6,207.9,30.4,34.2,40.1,78.8,42.1,10.2,4.0,52.6,7.88,321,61.2,0.98,7.72,3.74,123,226,2.7,2.29,92.7,0.95,40.3,13.9,1.23,33.4,2.87,0.52,142.9,3.63,2.2
62.7,25.1,144,94,110,86,56,4.94,7.33,31.8,6.64,5.94,5.55,3.43,1.23,0.8,2.58,1.21,5.0,4.17,0.75,2.36,3.43,4.22,1.41,6.35,14.7,171.0,24.8,19.9,39.2,71.8,44.7,12.5,3.3,73.0,7.4,392,60.6,1.16,8.61,4.24,132,305,5.18,2.44,83.3,0.96,26.9,12.3,1.18,31.8,2.85,0.88,143.4,3.99,2.22
59.6,25.5,134,73,94,75,61,8.39,9.25,27.4,10.41,5.65,7.54,3.95,1.96,0.68,2.56,1.37,26.7,5.62,0.58,2.48,3.57,4.02,0.35,7.17,13.3,202.1,30.7,24.6,47.6,63.6,43.6,11.6,4.2,75.2,6.96,339,75.2,1.3,5.96,4.0,148,229,3.58,1.4,88.0,0.86,33.9,11.8,0.98,35.6,3.16,0.62,142.6,3.73,2.03
39.4,24.5,124,57,80,83,66,6.49,7.9,22.5,6.43,5.33,5.36,3.07,1.17,0.71,2.09,1.11,26.6,4.37,1.05,1.85,4.15,3.89,0.86,9.94,11.1,119.2,20.1,25.2,39.8,68.3,52.4,7.8,3.1,55.7,5.0,352,99.8,1.04,3.9,4.4,138,224,2.95,1.34,85.5,0.81,19.3,11.2,0.93,31.1,3.0,0.28,139.2,3.66,2.19
55.4,27.0,122,73,90,75,43,6.3,7.82,31.5,9.05,6.0,6.4,3.6,1.44,0.86,1.87,1.18,23.1,4.87,0.37,0.1,3.53,4.06,1.06,7.03,10.5,135.9,27.1,25.4,47.8,68.5,45.8,16.2,5.6,58.8,6.65,341,82.4,0.87,7.63,4.73,123,222,5.29,2.51,99.0,0.97,32.9,13.0,1.12,32.6,2.74,0.6,143.3,4.44,2.47
79.5,25.9,174,87,114,87,82,7.44,7.71,28.4,9.24,6.0,5.71,2.99,1.51,0.71,2.69,1.15,17.1,4.21,1.05,0.48,4.94,3.45,0.84,8.67,11.7,202.5,20.3,28.7,35.6,54.1,41.0,12.8,4.7,81.1,8.32,398,64.9,1.3,5.48,3.73,131,216,3.48,1.48,90.7,0.9,39.4,13.2,1.12,34.7,2.56,0.69,140.8,3.67,2.18
59.6,29.8,134,85,101,75,47,6.31,8.08,35.2,9.76,6.0,6.93,3.46,1.61,0.85,1.73,1.3,18.6,5.19,1.09,1.6,4.32,5.88,0.1,10.96,15.4,159.2,31.4,34.2,47.9,58.7,45.0,12.6,4.4,67.3,6.78,279,82.2,1.02,8.82,3.93,123,233,4.54,2.53,84.1,0.91,37.2,12.2,1.18,33.7,2.77,0.55,141.8,3.84,2.25
51.2,28.1,132,93,106,92,39,6.51,8.47,30.2,9.28,6.0,6.54,3.43,1.28,0.91,2.4,1.33,14.9,5.19,1.05,0.79,3.61,3.33,1.04,12.63,10.8,163.1,16.0,27.4,40.8,52.6,44.5,12.5,3.9,70.0,5.99,367,87.8,1.06,6.42,4.16,121,185,4.62,1.84,90.9,0.92,23.3,12.7,1.22,35.1,2.76,0.57,141.3,3.8,2.25
36.9,24.5,124,81,98,73,41,5.44,7.35,26.1,5.84,5.24,5.86,3.97,1.02,0.8,2.04,1.26,8.1,4.86,1.1,1.05,4.62,3.96,1.51,8.95,8.6,145.7,28.4,33.1,26.5,60.4,45.1,6.0,1.2,64.2,5.97,293,111.1,1.03,5.55,5.02,149,222,2.45,1.98,88.4,0.88,26.0,11.5,1.01,31.7,2.75,0.4,143.0,4.41,2.24
74.6,24.4,140,83,102,75,58,5.81,7.17,30.9,8.36,5.41,5.26,3.34,1.76,0.87,2.62,1.27,40.1,3.45,1.04,1.79,3.78,1.43,1.23,8.44,16.0,232.4,25.0,26.3,44.5,83.6,42.7,9.8,3.3,82.9,6.18,368,63.6,1.28,10.78,4.02,103,184,4.98,2.69,85.0,1.01,28.8,13.5,1.21,37.2,2.86,0.61,142.3,4.34,2.2
57.2,21.8,131,70,91,90,60,4.7,6.79,19.2,4.52,3.85,5.06,3.19,1.54,0.99,1.55,1.15,33.4,3.39,0.68,1.12,3.66,3.84,0.1,4.73,13.9,219.6,27.3,28.7,39.5,72.7,42.1,6.8,3.4,68.2,7.78,333,80.2,1.26,7.15,4.72,159,263,4.86,1.7,79.6,0.86,37.7,12.4,0.93,32.2,2.26,0.26,138.4,4.44,2.19
36.9,21.5,117,81,95,82,33,4.68,6.67,21.8,4.76,4.7,6.69,3.36,2.28,0.73,1.58,1.1,18.4,4.28,1.72,0.33,4.57,2.14,1.93,12.9,10.9,128.8,12.5,19.3,28.2,46.5,45.6,11.0,4.7,63.1,3.09,276,105.9,1.01,6.57,4.36,146,155,3.92,1.54,86.2,0.89,35.8,11.6,1.02,32.8,2.44,0.62,144.9,3.84,2.05
46.9,23.8,116,71,85,98,46,7.16,7.94,23.5,7.39,4.99,5.02,2.19,1.51,0.61,1.55,0.95,26.6,3.32,0.78,1.99,2.54,2.49,0.17,9.55,19.1,89.1,32.1,32.6,36.5,61.4,42.7,12.6,4.1,49.1,5.41,348,98.2,1.1,7.87,4.81,120,233,3.39,2.3,82.3,0.94,27.0,12.2,1.21,31.9,3.16,0.38,142.6,4.51,2.33
42.7,17.8,123,65,87,77,62,4.99,7.25,14.2,3.57,4.19,5.72,3.59,2.12,0.63,1.93,1.14,26.8,3.65,1.89,1.68,4.48,7.54,0.34,8.56,14.4,130.4,21.5,26.0,31.0,67.1,38.8,11.5,3.7,70.4,4.92,339,82.8,1.08,7.93,4.54,138,168,3.68,2.5,81.9,0.91,31.5,12.1,1.06,37.4,1.96,0.25,139.8,3.82,2.43
56.4,26.3,116,75,91,82,38,7.16,8.19,30.8,9.69,6.0,5.17,3.2,1.76,0.8,2.05,1.27,50.9,3.46,0.9,1.11,3.59,4.53,1.23,8.33,22.1,131.5,29.9,25.5,39.3,74.6,46.9,15.0,4.9,75.4,5.24,344,78.9,1.27,8.54,4.46,125,239,4.97,2.13,84.7,0.95,41.3,12.8,1.08,31.9,3.31,0.42,138.9,3.82,2.12
60.5,29.1,154,71,102,95,84,7.8,8.8,29.0,9.84,5.57,6.96,3.88,1.91,0.87,2.01,1.42,33.5,5.11,1.19,1.92,3.6,6.08,1.07,9.18,12.6,204.6,14.6,27.3,58.0,58.2,41.4,6.2,1.8,73.1,6.52,355,81.4,1.11,5.67,3.62,125,204,2.68,2.06,89.9,0.91,39.8,13.4,1.33,32.4,2.61,0.44,143.1,3.84,2.19
52.0,26.0,137,73,95,68,59,6.63,7.96,30.5,8.86,6.0,5.29,2.76,1.75,0.94,1.82,1.05,32.6,3.45,0.96,1.38,5.19,5.35,0.88,10.39,16.1,200.8,18.0,27.6,60.1,50.3,44.2,8.5,3.2,95.9,4.69,369,73.4,1.21,7.73,3.65,135,151,3.89,2.9,92.4,0.9,38.3,13.2,1.11,32.9,3.5,0.35,139.0,3.81,2.4
67.3,24.1,146,78,105,65,63,6.53,7.42,27.4,7.77,5.41,5.18,2.26,1.69,0.43,2.38,0.97,23.8,3.59,1.34,2.37,3.71,5.86,0.57,10.79,13.8,136.0,23.9,30.2,12.0,66.1,40.3,12.4,5.2,79.7,9.07,397,64.8,1.37,7.06,4.55,126,254,4.87,2.28,88.4,0.81,41.6,12.9,1.3,32.7,3.33,0.67,142.9,4.01,2.14
58.9,22.7,115,82,92,72,32,6.6,7.6,27.0,7.62,5.82,5.18,3.19,1.97,0.88,1.52,1.24,17.7,3.27,0.81,1.39,4.59,3.9,1.5,12.9,11.8,139.0,37.3,33.9,46.0,72.7,41.1,12.7,6.2,73.5,4.47,331,64.2,1.02,6.11,4.63,121,120,4.44,2.28,85.1,0.88,39.8,12.6,1.37,33.7,2.69,0.65,143.3,3.8,2.27
70.7,27.4,135,79,102,85,59,6.77,7.66,27.6,8.63,5.96,5.76,3.64,2.1,1.03,1.77,1.34,40.1,3.66,1.37,2.4,4.19,6.87,0.84,8.84,24.5,120.9,32.9,29.2,52.6,69.9,39.2,7.7,2.0,84.5,5.53,401,37.7,1.1,7.54,5.06,116,213,4.22,1.9,90.0,0.92,28.7,12.6,1.13,36.6,2.75,0.27,140.1,4.1,2.64
53.7,24.0,143,67,94,67,74,7.46,8.15,24.1,7.77,5.62,6.07,3.07,1.34,0.76,2.65,1.1,30.5,4.71,2.55,0.1,4.28,5.42,0.12,13.47,10.5,174.7,28.0,33.8,37.8,54.8,46.4,15.0,5.8,99.1,4.88,358,73.5,1.14,5.03,3.67,108,251,2.69,1.15,86.7,0.92,26.1,11.5,1.15,33.1,3.51,0.42,139.6,3.22,2.31
85.0,29.5,196,76,119,82,100,9.06,9.75,31.6,12.0,6.0,6.6,3.33,1.75,0.88,2.5,1.21,14.3,4.79,2.92,1.81,3.91,4.85,1.53,11.41,9.4,193.5,22.4,33.1,51.5,89.6,44.6,15.7,5.9,85.6,7.49,418,56.2,1.34,8.95,4.14,109,263,5.38,2.89,89.3,1.0,39.4,13.2,1.07,34.7,3.4,0.59,140.8,4.1,2.19
51.2,26.0,141,77,98,84,64,7.76,9.16,30.8,10.21,6.0,4.95,3.22,1.58,0.68,2.79,1.21,28.0,3.39,1.94,1.04,3.86,4.48,0.99,7.98,10.2,197.4,19.1,24.5,55.9,63.9,43.9,12.2,4.0,46.1,6.73,329,78.8,1.05,6.77,3.88,119,160,3.44,2.02,82.5,0.93,30.5,12.0,0.96,32.0,3.25,0.45,139.0,3.78,2.34
47.2,26.9,137,75,98,97,62,4.88,7.27,27.9,6.05,4.93,5.8,2.93,1.51,0.74,1.89,1.06,32.4,4.45,0.45,0.6,4.93,3.75,1.38,3.03,4.1,178.7,30.7,26.3,28.6,67.0,42.6,7.0,1.6,76.6,6.28,329,100.7,1.16,6.39,4.03,146,206,2.4,1.56,91.9,0.95,33.5,13.2,1.13,31.1,3.27,0.7,141.4,3.85,2.33
45.7,20.1,127,68,91,88,57,5.67,7.38,20.7,4.86,5.12,4.48,3.17,1.71,0.71,1.87,1.2,5.0,2.88,0.43,2.15,4.57,4.0,1.1,8.29,8.1,182.0,30.6,26.0,39.5,56.6,39.2,12.0,4.4,61.1,7.21,287,80.8,0.87,6.77,4.14,141,271,2.34,2.6,88.2,0.87,32.3,12.3,1.18,32.5,2.38,0.31,141.7,3.88,2.19
55.5,25.3,123,73,88,82,55,6.64,7.27,23.7,6.62,5.04,6.37,3.46,0.75,0.8,2.25,1.18,11.7,5.59,1.21,2.03,3.72,4.08,2.04,12.77,10.1,105.7,29.3,23.6,60.6,78.8,45.9,12.5,6.1,51.0,4.74,337,94.5,0.91,6.97,4.4,131,268,3.8,2.21,90.3,0.95,31.6,13.1,1.19,32.8,2.92,0.72,142.6,4.38,2.07
37.4,21.4,127,72,90,91,54,6.33,7.75,24.6,6.89,5.19,6.01,3.15,1.61,0.74,2.68,1.16,26.2,4.45,1.3,0.1,3.4,4.36,0.7,5.78,11.0,128.1,39.4,33.4,28.3,70.6,42.9,11.2,4.1,89.4,6.18,316,96.4,1.18,8.18,4.16,139,283,4.94,2.74,84.5,0.88,36.0,12.0,1.07,34.8,2.53,0.38,139.1,4.17,2.33
61.5,25.1,125,88,96,83,37,5.36,6.86,25.0,6.27,4.44,5.91,3.27,1.7,0.8,2.69,1.21,5.0,4.1,0.82,1.86,3.67,6.87,0.84,8.31,6.2,209.2,22.1,34.6,38.3,69.9,39.7,15.1,4.7,93.7,6.03,416,93.8,1.13,5.96,4.2,128,322,3.28,1.52,82.8,0.95,33.6,12.3,1.02,30.7,2.38,0.75,142.9,3.96,2.3
35.1,24.8,105,65,78,78,39,4.79,7.55,26.1,5.69,5.26,5.73,3.0,1.17,0.83,2.55,1.05,5.0,4.63,0.56,1.75,4.6,1.91,1.18,8.54,15.2,128.0,28.8,37.7,36.2,49.7,45.2,11.1,3.8,57.2,5.25,306,105.8,0.9,6.27,4.78,144,212,3.85,2.55,90.8,0.93,30.0,12.6,1.13,35.4,2.88,0.33,138.7,3.87,2.25
59.9,28.1,123,80,93,70,45,7.99,7.85,29.2,10.52,6.0,7.49,4.57,1.81,0.88,2.11,1.26,19.8,5.59,2.71,0.84,4.76,5.99,0.76,11.04,7.0,109.6,15.5,22.5,50.5,79.1,42.1,17.1,5.1,64.4,7.37,325,64.7,1.08,7.07,4.65,137,235,4.35,2.06,92.8,0.93,43.5,12.9,1.12,32.6,2.72,0.46,142.9,4.31,2.39
41.8,27.2,133,80,97,77,56,6.07,7.69,27.3,7.31,5.42,5.63,3.45,1.41,0.59,1.7,1.28,28.0,4.29,1.45,0.68,4.36,3.33,1.26,6.95,11.0,189.4,30.3,35.9,54.3,73.3,40.0,13.9,4.9,71.7,3.36,377,102.8,1.0,5.63,4.66,147,215,3.79,2.1,93.0,0.85,27.0,12.5,1.07,32.5,2.78,0.42,137.9,4.59,2.41
53.4,25.7,130,71,96,79,64,5.43,6.87,28.1,6.68,5.99,5.09,3.23,1.33,0.84,2.45,1.15,29.1,4.06,1.98,0.1,3.07,6.03,0.1,5.55,12.1,144.6,39.6,34.6,45.0,77.5,39.5,12.8,5.0,62.8,8.15,393,101.7,1.04,7.36,4.45,124,144,4.14,1.97,92.4,0.95,23.3,12.5,1.06,30.0,2.66,0.68,144.2,4.07,2.32
65.3,25.5,139,80,103,80,57,5.96,7.48,28.9,7.88,5.84,6.47,3.63,1.66,0.99,2.8,1.47,42.3,4.75,0.9,1.03,4.47,3.83,0.8,9.78,18.3,217.0,19.4,16.0,39.5,67.0,43.7,13.7,4.3,75.4,6.19,381,55.0,0.89,6.48,4.09,128,214,3.7,2.01,94.4,0.92,28.9,13.3,1.22,34.7,2.33,0.56,140.3,3.57,2.19
85.0,27.4,153,86,106,60,70,7.71,8.62,35.2,11.88,6.0,5.52,2.85,1.76,0.74,2.95,1.32,25.2,4.05,1.09,1.19,4.8,5.35,0.79,5.86,19.4,190.0,35.5,32.0,26.4,67.6,39.2,16.4,3.1,74.2,5.21,398,63.6,1.3,6.07,3.72,133,128,3.32,2.04,85.7,0.94,31.8,13.6,1.18,31.8,3.51,0.67,142.9,3.84,2.0
45.1,18.2,109,62,79,77,49,5.2,7.51,23.4,5.66,5.09,5.1,2.8,1.86,0.79,1.75,1.05,17.8,3.29,1.47,1.89,4.13,3.71,0.79,2.61,16.8,148.6,35.6,27.8,52.3,62.3,45.9,14.5,5.3,66.9,4.64,326,99.2,0.99,7.61,4.56,125,207,4.05,3.08,74.9,0.87,32.1,11.1,1.01,33.2,2.91,0.54,142.3,4.23,2.24
56.2,28.8,127,80,97,80,50,7.12,8.03,34.9,11.42,6.0,5.59,2.9,1.83,0.64,2.73,1.35,7.1,3.69,0.98,1.55,5.21,1.56,0.4,13.6,12.2,221.9,23.9,36.7,38.5,93.0,43.9,11.0,3.4,57.1,5.94,348,81.5,1.06,9.03,3.82,134,163,4.18,2.53,92.2,0.94,35.5,12.5,0.99,33.5,2.25,0.36,138.6,3.95,2.05
49.3,23.0,120,74,89,84,45,5.54,7.57,22.6,5.3,4.91,5.06,3.37,1.5,0.65,2.34,1.3,17.9,3.47,0.66,0.41,3.22,6.61,1.28,10.83,10.7,109.0,30.2,25.9,38.4,58.4,47.2,9.5,2.7,82.4,4.97,429,59.8,1.18,7.08,4.35,103,243,4.48,2.2,81.6,0.94,23.4,13.1,1.23,31.7,2.89,0.5,142.7,3.78,2.02
47.6,25.2,112,78,90,93,33,5.07,6.77,21.9,4.73,5.43,5.53,3.44,1.1,0.61,2.09,1.17,30.9,4.66,0.57,1.47,4.42,2.55,0.57,13.7,13.9,216.8,40.2,37.0,52.9,50.5,41.7,8.6,2.4,86.2,3.31,424,81.8,1.24,6.86,3.89,134,195,3.58,2.29,83.4,0.88,40.5,11.8,1.1,27.2,3.43,0.35,139.8,3.76,2.32
49.4,26.0,123,67,86,82,58,7.71,8.45,28.0,9.44,5.91,6.52,3.55,1.47,0.93,2.41,1.05,31.5,5.1,0.75,1.09,3.4,4.14,0.93,10.68,16.7,135.8,29.8,30.8,43.5,60.5,44.7,4.2,1.8,71.0,5.8,379,80.4,0.93,6.88,4.29,132,154,3.56,1.5,93.4,0.92,40.7,11.5,1.02,37.9,3.21,0.68,140.4,4.09,2.37
67.9,22.4,128,79,93,70,51,6.97,8.39,27.6,8.11,5.59,6.75,3.34,0.91,0.89,2.14,1.26,26.6,5.78,1.92,0.57,4.67,2.84,0.86,10.19,18.9,185.6,32.5,23.5,50.0,60.4,44.4,12.1,3.9,77.7,5.63,389,85.4,1.03,6.83,3.7,116,251,3.49,1.18,80.6,0.85,25.8,12.8,1.17,30.8,2.65,0.62,140.0,3.58,2.02
52.1,21.5,133,84,98,65,54,5.99,7.63,26.1,6.81,6.0,6.31,4.09,1.87,0.61,1.56,1.32,29.2,4.42,0.38,0.1,4.38,2.05,1.07,9.14,14.2,169.5,11.6,21.3,41.2,80.3,41.9,9.4,4.0,81.0,6.68,379,81.2,1.06,8.47,4.12,129,200,3.99,2.14,83.6,0.9,37.2,12.9,1.24,33.3,2.61,0.57,144.3,4.03,2.22
85.0,32.8,163,103,123,84,60,7.41,7.99,37.1,12.0,6.0,7.01,3.91,1.51,1.03,2.21,1.35,39.6,5.55,2.42,1.95,5.13,4.47,1.61,7.64,19.2,177.0,36.2,43.7,49.0,52.2,44.5,10.8,4.5,82.2,5.94,325,51.4,1.16,7.93,3.68,121,190,4.32,2.77,89.6,0.96,30.5,12.9,1.06,32.4,2.49,0.34,139.4,4.06,2.18
63.0,26.4,124,88,101,72,36,8.05,8.41,20.9,7.18,4.97,5.82,3.15,1.85,0.98,2.01,1.15,24.1,3.97,0.77,1.66,4.32,3.39,0.93,9.6,14.5,141.8,32.4,31.4,45.4,59.6,37.9,14.7,4.9,97.0,9.2,363,64.3,1.44,4.68,3.85,120,179,2.83,2.09,89.3,0.88,45.0,13.5,1.24,35.8,2.53,0.63,142.1,3.87,2.19
45.9,21.8,120,64,81,87,48,6.63,8.22,28.2,8.7,5.85,3.61,2.6,1.61,0.63,1.23,0.94,38.7,2.03,0.79,1.7,3.77,2.19,1.25,6.4,13.7,143.9,15.3,29.8,24.9,66.9,41.8,10.4,3.2,55.8,6.01,392,95.4,1.0,8.4,4.31,149,273,4.27,2.15,88.7,0.88,27.3,13.5,1.13,31.3,2.56,0.41,139.7,3.78,2.12
53.6,24.1,148,79,100,91,64,7.41,7.77,27.5,8.92,5.91,6.04,3.12,1.91,0.7,2.27,1.14,14.0,4.31,0.93,0.7,3.72,4.05,0.91,4.87,21.4,124.6,19.3,31.7,36.8,80.6,38.6,16.7,5.9,84.0,6.22,381,80.9,1.06,8.26,3.5,141,234,5.06,1.99,91.3,0.87,35.1,11.4,1.04,30.8,2.24,0.26,143.3,4.34,2.38
48.4,27.1,118,72,87,68,44,6.17,7.21,23.9,7.18,5.39,4.03,2.09,1.09,0.85,2.18,1.04,21.5,2.83,0.9,1.45,3.87,1.77,0.58,7.08,11.5,239.4,33.4,30.6,53.8,73.4,41.9,9.9,3.4,70.4,6.39,350,79.3,1.07,7.73,3.6,126,201,4.07,2.93,94.0,0.9,42.7,12.2,1.09,33.9,2.65,0.47,145.6,3.66,2.12
67.6,28.9,146,84,106,83,59,7.21,8.34,32.5,10.19,5.5,4.71,2.5,1.29,0.65,2.76,1.06,17.6,3.49,1.09,0.24,3.72,4.57,0.77,11.96,13.9,157.5,27.0,25.3,33.8,86.2,42.1,8.4,1.6,63.9,4.16,415,75.8,1.0,4.1,4.45,127,140,1.5,1.0,91.5,0.94,35.3,11.5,1.04,30.2,2.97,0.32,140.1,4.12,2.02
38.3,18.2,117,63,81,90,56,6.04,7.35,21.9,5.84,4.94,5.04,2.24,1.31,0.58,2.46,1.0,31.4,3.72,0.59,0.42,4.82,3.59,0.68,4.35,9.1,198.5,33.0,23.4,30.4,68.0,47.4,7.9,4.3,96.6,4.9,359,84.4,1.23,6.79,4.48,150,331,4.42,1.89,84.5,0.87,30.8,12.7,1.22,30.9,2.65,0.49,141.0,4.23,2.14
41.9,27.9,134,62,89,90,69,6.13,6.99,30.3,7.99,5.99,6.02,3.44,1.43,1.08,2.89,1.14,9.9,4.53,0.69,1.34,4.78,1.0,1.11,4.41,13.0,196.3,31.5,39.9,34.3,61.7,44.1,13.7,5.4,98.4,7.8,399,60.9,1.29,7.94,4.09,142,308,4.47,2.97,92.4,0.84,34.1,11.9,1.15,33.8,2.91,0.63,140.1,4.05,2.31
50.9,27.0,132,74,92,64,57,6.6,8.34,31.6,9.06,6.0,5.52,2.73,2.04,0.67,2.95,1.15,18.7,3.59,2.32,1.6,3.15,3.3,0.95,9.96,4.6,181.0,29.0,32.2,43.5,75.4,42.0,14.9,4.8,70.1,5.35,368,91.9,1.15,7.59,4.68,123,282,4.61,2.79,88.0,0.93,34.3,12.2,1.2,36.3,3.52,0.21,143.1,4.43,2.22
66.2,25.5,135,85,102,72,48,6.4,7.26,28.6,8.53,5.71,7.25,3.76,1.72,0.84,1.78,1.18,5.0,5.39,1.21,0.1,4.05,5.06,0.45,6.85,14.6,170.5,26.4,21.4,54.6,50.2,38.0,9.5,1.8,82.6,6.4,377,76.2,1.07,7.63,3.88,147,189,4.64,2.66,89.6,0.89,25.6,13.5,1.2,30.9,3.57,0.54,140.8,3.69,2.14
72.8,23.2,143,83,102,67,64,7.13,7.98,21.2,6.87,4.06,6.35,3.21,1.84,0.74,1.42,1.22,30.8,4.28,1.12,0.44,4.06,2.89,0.73,9.55,19.7,188.8,28.9,34.1,45.2,46.8,38.5,8.3,2.7,73.9,6.09,369,69.0,1.05,8.59,3.84,136,194,4.25,1.89,89.0,0.87,36.7,12.2,1.16,32.1,2.81,0.55,143.3,3.81,2.26
74.6,30.1,148,87,109,83,59,6.34,7.42,30.6,8.92,5.36,6.23,3.19,1.44,0.78,2.8,1.16,38.7,4.8,0.96,1.06,3.55,5.29,0.1,11.05,14.3,204.9,36.5,26.1,23.6,79.2,42.9,16.4,5.3,75.6,8.5,415,60.8,1.22,7.71,3.74,113,229,3.98,1.81,87.8,0.89,34.5,12.0,1.14,34.6,3.18,0.28,140.7,3.91,2.23
64.4,27.2,138,82,99,82,57,7.42,8.09,24.1,7.55,5.61,7.2,3.63,1.26,0.78,3.02,1.28,34.1,5.93,0.94,2.09,4.28,4.96,0.75,9.46,15.6,177.9,32.8,28.6,49.3,69.0,45.4,7.3,2.5,63.0,5.91,407,75.2,1.06,8.78,4.92,133,182,5.35,3.08,85.6,0.91,37.6,11.4,1.01,28.2,2.76,0.67,145.8,5.06,2.0
57.0,20.5,117,78,95,57,39,6.53,7.41,25.3,7.53,5.48,6.84,3.86,1.75,0.87,2.75,1.51,32.6,4.95,0.67,0.59,4.89,2.63,0.83,6.16,22.1,104.6,21.8,27.1,32.2,77.3,42.1,14.1,3.2,59.7,4.37,313,90.7,1.13,7.37,4.32,130,182,4.97,2.34,81.9,0.85,34.4,13.4,1.23,36.2,2.62,0.59,136.8,4.23,2.29
67.5,25.4,152,84,104,76,71,6.72,8.15,31.5,9.13,5.27,6.45,3.48,1.73,0.79,2.43,1.22,33.4,4.55,1.9,1.46,4.57,4.39,1.78,12.0,16.8,106.1,37.6,46.1,47.9,56.5,46.1,10.2,3.2,99.8,9.79,378,59.7,1.47,7.54,4.2,120,275,4.18,1.95,83.1,0.95,29.5,13.5,1.21,30.9,2.41,0.86,142.1,4.21,2.33
44.3,32.7,138,74,99,89,66,7.36,8.22,29.6,9.29,5.71,5.51,3.05,1.57,0.96,1.55,1.09,30.6,4.13,0.7,1.56,4.82,5.14,1.5,10.28,2.8,217.5,36.6,40.1,45.4,79.8,41.6,13.0,4.2,69.5,3.82,417,99.3,0.89,7.99,4.54,122,226,4.08,2.26,91.0,0.88,45.0,12.2,1.22,31.1,2.86,0.5,140.9,4.26,2.25
35.9,22.4,106,70,82,82,35,5.71,7.75,22.6,5.81,5.24,4.94,3.66,0.98,0.89,2.15,1.31,29.2,4.01,0.21,1.03,3.57,2.41,0.29,8.1,4.8,43.8,29.3,27.3,30.7,71.6,43.9,14.7,5.0,69.1,5.01,335,82.7,1.09,6.25,3.7,130,187,4.28,2.32,82.9,0.85,28.0,11.5,1.11,32.4,3.24,0.25,140.6,4.09,2.25
63.2,23.4,133,91,106,80,37,6.1,7.31,22.9,6.27,4.82,4.69,2.52,1.46,0.62,2.32,0.93,31.3,3.23,1.14,1.51,4.04,3.99,0.95,8.03,13.7,181.3,27.4,29.7,38.8,66.0,42.0,12.8,4.3,66.9,5.19,290,77.7,0.97,6.01,3.93,111,256,2.99,2.41,89.7,0.85,34.2,13.3,1.18,33.3,2.32,0.6,141.8,4.38,2.41
45.9,20.5,120,73,91,77,46,6.49,8.6,22.0,6.36,5.29,5.38,3.2,0.92,0.45,2.59,1.31,14.4,4.69,0.74,0.17,3.56,5.67,0.94,9.18,8.8,149.2,29.2,33.6,33.7,67.1,48.9,10.6,3.7,74.0,4.74,302,88.7,0.95,6.96,4.52,122,204,3.99,2.09,86.4,0.88,29.7,14.1,1.25,29.9,2.71,0.63,141.0,3.49,2.19
57.2,30.2,124,80,96,72,44,7.53,7.5,32.6,11.14,6.0,5.33,3.22,1.54,1.07,3.17,1.32,20.5,3.89,0.84,0.82,4.16,2.88,0.72,7.13,14.2,174.3,15.4,35.8,44.3,69.9,43.8,15.0,6.5,56.1,4.58,320,93.0,0.85,7.89,4.23,127,142,4.13,2.09,94.5,0.98,32.0,12.5,1.21,37.2,2.69,0.42,141.6,4.17,2.22
59.4,27.7,117,80,91,79,38,6.5,7.11,27.8,8.28,5.12,5.79,3.16,1.34,0.77,2.71,1.25,23.8,4.63,2.0,2.52,4.24,4.94,0.8,3.27,13.1,127.0,30.8,31.1,33.9,55.7,37.7,12.4,3.9,65.8,5.39,334,70.1,0.99,8.4,5.09,126,175,4.75,2.41,91.2,0.94,35.7,12.0,1.2,26.5,2.96,0.65,142.0,4.2,2.26
61.0,29.5,131,79,97,80,50,6.61,8.51,32.6,10.01,6.0,6.4,3.63,0.94,0.92,2.05,0.99,19.0,5.34,0.24,2.51,4.58,2.61,0.63,10.27,18.9,183.4,42.9,35.6,35.1,61.5,46.0,23.2,7.4,60.9,7.23,324,70.9,0.95,8.35,3.98,118,199,4.12,3.04,100.8,0.88,28.0,13.5,1.25,30.2,2.91,0.15,144.7,4.38,2.23
69.3,27.1,138,79,102,83,63,6.9,8.14,31.9,9.43,6.0,4.58,2.52,1.6,0.63,1.76,1.02,5.0,2.85,3.25,2.11,4.85,4.24,1.87,10.33,11.7,191.8,30.3,27.8,49.6,70.9,47.8,6.4,0.9,93.6,4.42,406,51.9,1.18,7.47,4.48,129,224,3.92,2.77,87.6,0.9,23.5,12.2,1.16,31.9,3.11,0.8,135.9,3.67,2.18
68.0,29.9,128,84,97,85,44,6.81,8.04,34.3,10.83,6.0,5.3,3.0,1.47,0.86,2.64,1.07,8.6,3.9,2.49,2.3,4.46,5.1,0.69,2.0,14.9,291.0,30.6,36.5,55.2,61.7,41.7,6.4,1.8,57.6,7.81,343,68.4,0.96,7.28,4.44,109,223,3.69,2.26,93.9,0.9,31.6,12.6,1.25,31.0,3.63,0.68,145.1,3.76,2.22
60.3,22.7,135,74,98,79,59,7.74,8.54,22.1,8.18,4.24,5.36,2.71,1.72,0.49,1.79,1.17,25.8,3.69,0.73,0.1,3.5,1.0,1.0,9.59,15.1,175.3,21.6,32.7,43.7,48.4,40.4,14.1,3.8,61.7,7.34,388,81.9,1.29,6.53,4.25,124,269,3.92,1.75,82.6,0.91,37.9,11.1,1.0,36.1,2.47,0.13,146.3,3.77,2.39
52.7,24.8,141,75,98,88,65,6.79,8.12,31.0,9.26,5.83,5.74,2.96,2.26,0.71,2.91,1.26,33.5,3.6,0.78,0.53,3.2,3.28,0.1,13.33,14.4,218.0,31.3,21.6,34.7,68.8,46.3,11.5,4.8,48.8,6.21,291,70.1,0.68,7.39,4.4,119,214,4.15,2.65,82.1,0.88,41.5,12.4,1.13,28.5,2.45,0.53,137.6,4.26,2.33
59.3,26.0,143,73,95,76,76,6.78,8.01,32.2,9.2,6.0,5.55,3.06,1.57,0.62,1.36,1.15,23.1,3.82,1.51,1.09,4.34,4.88,1.27,4.74,14.8,111.3,26.4,28.3,33.5,76.0,49.1,13.7,4.7,64.5,6.17,333,75.2,1.15,5.29,4.09,112,202,3.35,2.24,93.3,0.85,29.7,11.9,1.12,36.9,2.94,0.21,141.3,4.23,2.22
50.8,28.2,128,77,93,69,53,6.03,7.13,34.1,8.72,6.0,5.74,2.37,1.34,0.63,2.52,0.96,55.7,4.47,1.48,3.29,4.93,4.4,1.45,7.9,3.3,205.2,39.6,29.1,38.0,77.9,46.4,8.7,3.8,66.9,6.03,358,92.0,1.03,7.12,3.5,136,274,3.5,1.55,89.9,0.94,44.2,13.3,1.17,31.8,3.43,0.38,143.8,3.78,2.16
55.6,25.6,113,81,91,83,35,7.25,8.45,27.2,8.63,6.0,5.31,3.52,1.54,0.67,2.41,1.37,11.7,3.86,0.73,1.04,4.0,3.35,0.3,7.51,13.8,175.4,20.9,29.3,48.5,72.0,38.6,11.2,5.1,85.9,7.79,389,77.3,1.13,10.57,4.38,131,261,5.71,3.08,91.0,0.95,32.7,12.0,1.23,29.4,2.24,0.59,142.9,4.6,2.17
85.0,26.3,160,85,106,78,72,6.82,8.17,25.8,8.44,5.58,5.19,3.72,1.49,0.38,2.13,1.26,29.6,3.8,0.55,1.89,3.09,3.06,0.57,13.03,17.3,200.2,24.5,23.7,32.5,78.3,43.4,12.6,3.7,80.2,5.11,402,56.7,0.9,5.92,4.12,115,199,3.57,2.24,88.0,0.9,34.7,13.7,1.21,29.0,2.95,0.61,145.1,4.13,2.28
60.2,25.4,136,64,87,83,70,6.21,8.18,24.2,6.7,5.44,5.5,3.09,1.77,0.53,1.68,1.28,38.5,3.69,3.97,1.76,5.33,5.27,1.18,11.68,18.3,189.4,22.9,22.4,48.7,77.9,44.2,9.5,3.1,70.6,6.99,327,62.7,1.16,7.59,4.43,129,232,4.6,2.31,92.9,0.91,26.2,12.6,1.15,32.5,2.84,0.73,141.9,4.1,2.07
63.4,20.6,139,81,100,68,55,7.03,8.72,20.3,6.15,4.43,5.52,3.3,1.77,0.73,1.0,1.16,36.0,3.79,1.86,1.58,4.33,3.84,0.88,5.51,17.8,243.6,40.0,37.8,46.7,67.3,40.0,12.7,5.5,80.6,5.45,381,72.2,0.97,7.81,4.19,132,199,3.57,2.15,78.6,0.81,35.3,12.8,1.32,31.4,3.2,0.55,137.2,3.98,2.46
49.5,17.0,143,72,94,93,71,6.16,7.71,20.5,5.4,4.81,5.01,3.19,1.87,0.59,1.53,1.19,30.3,3.06,0.93,1.2,4.12,4.84,1.07,9.1,13.6,172.2,22.0,24.6,47.0,39.5,47.9,7.0,2.6,67.8,6.65,259,87.1,1.14,7.65,4.69,119,179,4.36,2.37,83.3,0.77,30.4,12.8,1.02,33.1,3.08,0.45,143.6,4.34,2.25
70.2,28.9,135,76,97,84,59,5.22,6.62,32.2,7.08,6.0,6.38,2.98,1.09,0.62,1.92,1.1,36.4,5.26,1.47,0.4,3.33,5.02,0.72,15.03,17.1,148.5,25.1,30.8,53.0,80.9,43.6,12.4,4.8,107.1,6.14,411,60.8,1.57,6.32,3.75,131,303,3.07,2.04,95.4,0.85,39.4,12.9,1.19,32.4,2.86,0.73,142.7,4.1,2.07
67.1,24.9,111,86,93,76,24,6.71,8.56,30.9,9.47,5.96,6.34,3.86,1.42,0.78,2.72,1.44,24.0,4.81,1.72,0.1,4.04,3.72,1.8,6.26,20.8,153.4,10.7,27.4,42.5,56.0,46.5,14.9,6.0,70.6,7.24,294,73.7,0.91,8.05,4.72,134,195,4.88,1.96,80.2,0.9,29.2,12.5,1.08,35.7,3.05,0.5,144.3,4.63,2.23
67.2,25.3,129,70,89,71,58,6.97,7.58,25.9,7.98,6.0,6.57,3.44,1.38,0.57,1.82,1.26,43.3,5.12,1.86,2.37,4.45,6.01,0.54,8.12,20.1,211.1,20.3,33.1,24.6,53.2,39.3,7.3,3.3,82.6,4.66,372,66.6,1.3,6.8,3.73,97,228,4.67,2.08,85.7,0.89,27.7,12.4,1.12,33.0,2.59,0.55,138.3,3.67,2.14
60.6,27.8,141,87,104,88,52,6.66,7.97,29.1,9.24,4.93,5.57,3.98,1.04,0.86,2.5,1.46,38.4,4.51,0.34,0.8,4.31,3.33,2.16,9.57,15.3,187.2,33.1,30.9,49.4,52.8,44.3,7.8,3.0,85.3,4.25,407,69.9,1.19,5.52,4.15,146,159,1.73,1.8,94.6,0.94,29.7,13.0,1.09,32.0,3.13,0.52,138.8,3.57,2.19
70.4,30.6,145,83,104,70,61,7.49,8.14,31.4,10.65,5.47,5.13,2.75,1.22,0.8,1.83,1.1,13.3,3.86,1.11,0.1,3.61,6.23,1.47,6.26,24.4,117.9,34.5,32.6,46.4,96.9,39.6,15.3,6.5,70.6,6.39,397,59.1,0.81,8.61,4.37,112,244,4.41,2.39,100.3,0.93,27.6,11.8,1.04,36.0,3.39,0.55,141.4,3.84,2.06
73.3,28.4,133,67,90,96,69,5.79,7.22,27.5,7.34,5.79,7.32,4.39,1.46,0.72,2.45,1.41,27.5,5.78,1.03,1.69,3.99,6.48,1.26,13.37,13.7,201.8,24.0,28.6,38.1,72.6,42.8,7.3,2.5,81.1,8.46,296,74.9,1.0,8.31,3.86,98,165,4.7,2.18,94.1,0.96,32.1,14.0,1.27,34.2,2.87,0.75,144.1,4.2,2.18
61.4,31.2,124,82,95,75,38,4.96,7.28,33.6,7.33,6.0,6.6,3.56,1.28,0.81,1.12,1.24,5.0,5.19,1.15,1.7,3.65,5.84,0.33,6.67,9.7,128.7,25.8,37.6,57.5,53.6,47.5,13.8,5.2,69.3,6.79,345,64.8,1.08,6.13,4.49,123,286,3.37,1.62,92.7,0.97,33.4,12.8,1.18,35.0,2.67,0.42,144.5,3.93,2.01
56.6,26.3,129,75,93,93,56,5.96,7.58,28.9,7.33,5.26,5.16,3.72,0.95,1.11,3.2,1.44,41.1,4.41,1.74,1.96,5.03,3.91,1.32,3.97,13.8,187.2,43.0,35.1,42.9,57.5,39.1,12.3,4.2,77.6,6.68,383,80.8,1.17,6.57,4.1,133,294,4.08,1.58,85.1,0.89,25.7,12.4,1.2,35.7,2.79,0.38,139.7,4.43,2.18
68.7,27.2,129,78,95,77,56,7.27,8.34,29.3,9.22,5.48,6.38,3.31,1.27,0.63,2.24,1.29,26.1,5.06,0.43,2.19,4.55,8.21,1.12,6.46,13.9,143.8,50.1,36.5,41.0,66.9,38.4,11.3,4.8,79.1,7.57,385,87.3,0.94,6.7,4.16,116,238,3.72,2.35,92.1,0.87,24.1,13.0,1.0,32.7,3.13,0.39,140.6,3.92,2.13
47.2,24.4,130,69,87,93,61,3.81,6.08,26.7,4.12,5.14,6.52,4.05,1.27,0.72,0.46,1.26,38.5,5.29,0.43,0.53,3.69,4.18,0.1,9.99,2.3,147.5,36.4,34.6,53.1,71.2,47.1,16.2,5.1,70.0,5.11,357,99.3,1.06,4.99,4.26,130,231,2.48,1.1,85.1,0.82,32.5,12.1,1.09,32.5,2.8,0.12,146.7,4.38,2.21
49.4,20.1,120,72,88,73,47,5.42,7.14,24.5,6.18,5.54,6.83,4.01,1.76,0.72,1.49,1.15,21.2,4.9,0.6,0.53,3.31,4.37,0.12,5.65,9.9,139.2,37.5,40.4,35.5,68.3,44.0,14.7,3.8,58.9,6.3,242,93.8,1.07,7.93,4.08,161,218,3.85,2.46,80.5,0.93,42.0,12.4,1.11,34.6,2.34,0.68,139.9,3.83,2.17
57.4,27.8,128,75,94,80,56,5.33,6.86,30.6,7.14,6.0,6.23,3.59,1.37,0.61,1.71,1.3,5.0,4.99,1.25,1.08,4.19,4.15,1.03,9.01,15.2,229.8,43.0,36.4,39.5,54.6,46.9,13.0,5.1,96.8,5.57,416,77.2,1.39,8.17,5.13,125,219,3.9,2.3,89.6,0.88,30.6,12.0,1.08,26.7,3.22,0.36,142.5,4.36,2.24
37.1,16.0,106,54,73,86,49,5.26,7.05,16.2,4.06,4.58,5.81,3.29,1.67,0.26,1.3,1.04,53.5,4.15,1.19,1.87,3.73,2.08,0.78,9.78,10.6,168.7,40.3,28.8,25.9,67.5,42.6,5.6,1.1,76.7,4.87,381,93.7,1.06,6.4,4.09,175,248,3.15,1.64,80.2,0.78,30.6,12.5,1.14,31.6,2.44,0.36,139.8,4.46,2.36
67.9,24.4,142,89,106,83,53,8.38,8.64,29.7,11.1,5.32,5.01,2.49,1.48,0.6,2.13,1.06,25.0,3.49,3.15,0.1,3.81,6.4,0.67,4.62,12.7,232.7,24.8,38.9,31.4,59.5,42.6,13.4,3.8,58.9,6.08,347,64.9,1.02,7.48,3.5,145,220,3.83,2.79,94.1,0.9,41.8,12.8,1.1,32.8,3.06,0.8,142.3,3.91,2.25
46.4,23.6,125,72,91,89,50,6.15,8.31,26.5,7.16,4.93,5.59,2.04,1.45,0.79,1.73,0.94,10.3,4.1,0.79,1.38,3.33,3.09,1.37,6.37,12.3,274.9,19.8,34.0,30.8,77.2,46.3,7.8,3.7,66.5,4.87,352,87.0,1.16,7.11,4.01,127,266,4.1,2.08,90.1,0.83,29.1,12.5,1.02,33.3,2.08,0.42,139.2,4.21,2.39
52.3,21.9,130,69,87,75,55,6.21,7.5,23.1,6.03,4.39,5.33,3.36,1.75,0.59,1.59,1.07,36.4,3.67,1.58,2.04,3.42,5.47,0.42,9.17,13.7,167.7,40.6,38.9,47.5,65.9,44.4,11.4,4.8,54.7,5.56,352,92.9,1.04,7.42,4.33,128,187,4.0,1.96,84.1,0.89,25.3,13.4,1.24,30.6,2.89,0.55,139.4,4.17,2.2
55.4,23.3,132,68,88,80,64,7.14,7.22,26.5,8.5,5.99,6.0,3.11,1.72,0.63,1.57,1.17,47.2,3.99,1.56,2.02,4.13,5.9,0.63,10.23,16.5,228.3,18.9,24.5,27.6,56.4,38.1,11.0,3.6,83.4,5.75,408,82.9,1.27,5.57,4.09,130,283,2.74,1.36,82.0,0.88,40.9,12.1,1.02,35.5,2.82,0.28,140.4,4.19,2.27
58.5,30.5,135,85,101,90,47,7.13,8.62,32.6,10.26,6.0,7.5,4.59,1.92,0.95,2.85,1.64,20.5,5.5,1.68,1.96,3.87,5.12,0.54,6.52,11.5,143.0,22.0,27.8,24.2,74.1,51.7,16.8,3.4,74.2,5.23,373,86.3,1.11,7.84,4.62,135,204,3.81,2.49,96.3,0.97,38.1,12.6,1.18,31.1,2.06,0.72,140.1,4.44,2.27
53.9,27.8,121,68,89,75,53,6.63,7.99,32.5,9.83,6.0,6.17,3.54,1.68,0.63,2.87,1.26,21.5,4.48,1.08,2.18,5.52,3.07,1.1,8.54,16.8,216.0,20.8,20.2,43.9,70.0,44.3,10.3,4.0,73.4,5.72,349,94.4,1.08,5.72,4.65,131,193,2.8,2.05,97.2,0.95,26.9,11.6,0.98,31.5,2.97,0.46,140.5,4.35,2.36
57.2,22.8,124,77,93,83,50,7.21,8.05,22.3,6.92,4.93,4.98,3.22,2.09,0.64,2.01,1.24,25.7,2.87,0.81,0.1,4.37,3.66,0.1,7.21,9.4,135.5,25.4,33.6,32.4,60.0,39.4,7.0,3.0,64.8,6.12,355,79.7,1.05,8.0,4.1,128,236,4.12,2.91,89.1,0.93,38.1,13.0,1.23,31.2,2.38,0.34,142.2,4.22,2.16
57.3,23.5,128,72,90,77,61,6.9,7.78,29.8,9.33,5.95,4.76,2.94,2.04,0.44,2.12,1.32,9.5,2.97,0.55,2.55,3.32,1.0,0.57,10.23,11.7,166.5,10.9,25.0,36.1,74.5,44.3,15.0,5.6,71.1,4.68,344,81.9,0.98,5.9,3.55,116,238,2.87,1.7,86.6,0.9,37.5,12.6,1.14,35.9,2.85,0.34,144.9,4.26,2.31
52.6,20.5,148,70,99,80,78,6.42,7.33,23.4,7.17,4.56,6.84,2.77,1.96,0.66,1.4,1.14,14.3,4.84,0.48,1.49,3.09,3.89,0.1,9.6,19.8,184.8,13.8,15.3,47.9,72.8,45.1,12.9,4.9,83.2,6.44,343,62.3,1.3,5.52,3.76,140,154,3.37,1.56,80.6,0.84,27.8,12.6,1.14,27.4,2.65,0.72,139.9,3.65,2.16
48.7,26.0,114,67,82,81,49,6.44,8.5,26.2,7.58,5.63,6.2,3.66,1.03,0.75,2.22,1.22,43.8,5.26,1.24,2.39,4.26,5.22,0.69,6.98,8.5,189.8,23.0,35.3,40.9,79.3,47.0,13.4,4.6,84.7,5.2,287,106.6,0.99,7.0,4.3,137,206,4.54,2.15,89.9,0.86,33.4,12.4,1.11,36.9,2.24,0.37,139.0,4.02,2.2
71.0,25.8,138,77,102,72,62,6.7,7.87,26.0,7.99,5.33,6.47,3.42,1.58,0.83,2.32,1.25,22.0,5.07,1.21,0.38,3.79,4.1,1.21,9.53,13.3,128.9,18.3,26.1,54.2,75.6,45.0,15.4,5.1,88.9,6.97,380,61.3,1.15,7.42,3.5,102,128,3.49,2.29,93.0,0.88,22.3,12.6,1.11,37.2,2.42,0.42,141.4,3.69,2.17
32.7,16.0,112,66,80,78,44,6.17,6.89,16.7,4.74,3.52,4.68,3.04,1.94,0.35,1.65,1.17,11.6,2.8,0.55,0.1,4.81,2.79,1.19,6.81,5.0,112.9,31.5,26.8,35.2,60.7,44.7,16.7,5.0,49.6,4.01,362,110.4,0.89,6.81,4.33,132,207,4.3,1.73,78.6,0.93,22.8,13.7,1.22,30.2,2.43,0.3,139.0,4.1,2.33
55.5,25.0,128,78,93,81,44,6.34,7.8,21.7,6.67,4.98,6.05,3.56,2.02,0.67,2.33,1.37,17.4,3.96,1.57,2.76,4.2,3.71,0.5,9.5,10.3,192.8,27.5,22.7,50.6,45.3,38.3,8.7,2.5,71.9,7.2,389,77.0,1.13,6.12,4.81,146,197,3.71,2.42,87.0,0.89,45.0,12.6,1.24,35.3,3.24,0.5,137.8,4.39,2.13
52.4,25.6,140,70,93,79,75,7.58,8.77,29.8,10.15,5.8,5.03,3.01,1.36,0.52,2.44,1.26,35.5,3.55,0.92,0.56,2.83,5.9,1.1,9.49,13.6,149.5,32.4,34.4,36.4,67.5,45.1,7.4,2.9,76.2,7.0,390,78.5,1.19,7.34,4.41,145,236,4.13,2.21,85.4,0.91,36.0,12.7,1.03,32.9,3.16,0.49,143.2,4.05,2.15
63.0,28.5,135,80,98,92,52,6.2,7.66,35.6,10.01,6.0,6.46,3.45,1.53,0.73,1.73,0.99,5.0,5.01,0.71,1.07,3.4,4.2,0.74,15.17,17.4,116.3,33.0,35.8,44.7,70.4,38.0,14.2,5.2,67.2,4.93,353,73.8,1.22,7.65,4.19,113,187,4.97,2.51,101.7,0.98,27.2,12.1,1.05,37.3,3.7,0.59,141.4,3.31,2.16
40.5,22.6,117,77,89,89,44,7.27,7.77,20.4,6.59,4.52,4.53,2.12,1.47,0.88,2.73,0.95,25.1,3.22,0.74,1.69,3.61,6.62,1.51,7.05,11.2,151.4,24.7,28.2,29.2,64.7,48.4,10.4,4.3,50.0,5.75,337,85.1,0.91,8.25,3.98,140,208,4.45,2.64,81.3,0.9,17.6,12.8,1.25,34.4,2.62,0.45,141.2,3.79,2.27
52.0,23.1,136,63,93,82,75,6.77,7.49,22.7,6.59,5.26,5.38,2.79,2.19,0.61,2.0,1.1,52.1,3.24,1.61,1.93,4.3,3.23,0.8,7.7,11.8,160.9,34.5,29.5,32.6,30.0,41.6,11.2,2.8,57.8,7.39,384,62.0,0.88,7.34,4.35,135,276,4.24,2.36,81.5,0.86,37.3,12.5,1.2,38.1,2.63,0.57,137.2,4.26,2.15
56.8,30.8,153,79,105,74,71,6.32,7.29,33.8,9.13,6.0,5.68,2.41,1.07,0.61,3.2,1.01,47.2,4.74,0.65,2.2,3.38,4.48,0.1,6.11,8.7,174.1,34.0,47.6,43.0,73.8,45.3,8.3,1.6,92.0,5.05,408,87.8,1.22,6.45,4.13,138,304,3.61,1.53,94.5,0.96,43.8,12.9,1.28,28.9,2.87,0.45,140.0,3.85,2.26
70.8,26.5,157,75,103,72,83,7.45,8.83,28.3,9.75,5.39,3.55,1.72,1.34,0.63,2.52,0.64,30.4,2.47,1.44,1.52,4.12,3.81,1.3,5.02,13.0,201.4,25.7,24.3,27.8,56.1,40.3,13.0,4.3,64.3,5.43,408,75.9,0.98,5.87,4.19,118,178,3.25,1.76,88.4,0.89,41.2,13.5,1.22,34.0,2.7,0.88,138.6,4.31,2.17
62.0,27.6,136,72,93,95,70,6.43,7.68,31.5,8.7,6.0,5.81,2.61,1.0,0.51,3.23,1.07,38.9,4.89,1.15,0.49,3.22,7.39,0.62,6.72,8.3,191.1,15.3,24.0,41.2,74.4,41.5,12.0,3.4,76.4,7.13,330,66.0,1.17,5.46,4.47,90,260,3.23,2.55,94.4,0.93,35.4,12.7,1.05,28.8,2.6,0.45,141.2,3.69,2.29
43.8,21.6,121,74,88,72,52,6.13,6.9,23.8,6.72,5.22,4.74,2.03,1.71,0.44,2.57,0.99,37.9,2.92,0.56,1.81,4.01,4.16,0.69,10.04,14.6,125.7,30.0,33.2,36.0,84.8,42.1,11.0,4.0,69.1,3.87,311,95.7,0.92,7.29,4.72,128,244,4.03,2.82,88.0,0.9,35.9,12.0,1.0,30.9,2.84,0.63,141.1,4.18,2.27
52.2,26.3,130,72,94,81,56,6.26,7.78,26.2,7.41,5.63,5.69,3.18,2.25,0.83,2.29,1.14,21.1,3.45,0.88,1.89,4.24,7.26,1.0,10.28,16.2,147.5,18.1,22.9,41.8,62.2,45.9,6.7,1.3,71.2,4.86,338,92.3,1.05,8.04,4.33,141,154,4.65,2.47,84.1,0.89,39.7,11.1,0.99,38.2,3.11,0.38,141.3,4.19,2.42
68.6,21.9,140,71,91,80,67,6.52,7.81,23.8,7.16,5.48,5.84,3.43,1.45,0.42,1.66,1.12,34.5,4.53,0.44,0.1,4.89,3.76,0.11,8.92,15.2,213.1,29.0,24.0,25.8,72.1,40.6,15.1,6.2,74.6,5.27,304,63.3,1.29,6.33,4.32,117,184,3.14,1.75,81.0,0.89,26.3,12.6,1.21,34.6,1.97,0.33,140.0,4.29,2.22
43.6,21.8,113,81,89,78,32,6.87,7.76,17.4,5.16,3.86,6.88,3.77,1.69,0.68,1.71,1.27,43.6,5.16,0.94,2.4,4.17,6.19,0.87,7.19,13.5,135.5,26.6,34.4,45.4,64.8,46.8,12.1,3.6,80.4,6.44,292,93.2,1.16,7.23,4.16,145,107,3.65,1.28,80.5,0.95,31.7,12.0,1.07,34.6,2.6,0.18,139.2,3.84,2.14
57.1,21.2,140,82,101,71,57,6.75,7.47,20.6,5.94,4.85,5.87,3.03,1.64,0.63,2.29,1.19,7.7,4.38,0.44,0.1,3.52,4.33,1.08,6.55,17.2,150.9,14.7,27.9,52.7,72.0,41.6,14.1,6.2,75.4,5.21,360,89.3,0.98,6.95,4.68,136,234,3.49,1.89,86.5,0.85,26.0,12.0,1.06,34.1,2.25,0.54,140.8,4.28,2.21
57.9,23.1,134,63,89,73,75,5.61,6.88,28.0,7.1,5.01,6.02,2.93,1.4,0.58,2.06,1.09,29.8,4.61,1.98,2.16,4.94,5.47,1.06,5.41,14.5,111.1,28.6,32.3,54.5,67.0,42.6,5.1,2.2,67.5,5.65,358,65.8,1.0,8.12,3.87,119,178,4.28,2.4,87.2,0.94,23.6,13.5,1.26,34.0,2.8,0.68,141.9,4.52,2.24
53.4,28.2,131,67,88,76,66,5.97,7.92,32.9,8.63,6.0,6.39,3.39,1.45,0.8,1.93,1.32,27.0,4.97,1.04,0.83,3.91,2.27,0.54,6.41,18.8,164.2,30.6,33.4,62.1,59.1,43.8,11.7,3.3,73.8,4.97,367,87.9,0.82,8.16,4.18,119,229,4.99,2.32,89.5,0.9,22.4,13.2,1.2,31.4,3.0,0.3,139.9,3.37,2.15
85.0,26.4,140,90,108,71,45,7.53,8.36,32.6,10.52,6.0,7.05,3.55,1.49,0.59,2.72,1.28,25.5,5.53,1.03,1.88,4.48,5.25,1.34,4.2,13.9,204.4,29.7,28.0,42.2,57.6,41.6,9.3,4.9,67.5,8.45,364,62.1,1.03,5.03,4.44,90,310,2.54,1.41,89.9,0.98,31.5,12.1,1.06,32.5,3.28,0.5,139.8,4.08,2.33
53.0,26.5,131,75,93,91,58,6.96,8.17,29.6,9.74,6.0,6.25,3.41,1.32,0.86,2.28,1.16,22.8,4.95,2.13,1.78,3.67,2.52,0.39,12.24,12.0,88.7,29.4,30.2,38.3,84.4,40.9,11.6,4.3,79.0,4.88,297,100.6,1.33,8.41,4.08,116,287,4.95,2.77,84.7,0.87,39.5,12.7,1.07,31.3,2.69,0.54,139.3,3.5,2.21
63.4,30.2,121,92,104,80,28,6.64,7.92,24.4,6.95,5.09,6.49,2.96,1.47,0.7,2.79,1.08,25.9,5.04,0.68,1.31,4.07,4.67,0.51,13.57,12.8,129.6,24.9,31.1,47.9,71.6,45.0,14.1,5.1,67.8,4.53,340,81.3,0.9,7.6,3.63,115,188,4.32,1.88,90.2,0.92,43.5,12.3,1.19,26.3,2.86,0.52,140.0,3.81,2.16
48.8,23.8,120,78,89,76,42,7.65,8.46,24.4,8.0,5.4,6.23,3.71,1.65,0.62,1.73,1.24,26.2,4.42,0.62,1.63,3.53,1.72,0.76,2.24,15.0,103.7,31.6,35.2,38.2,74.8,43.3,12.7,4.4,64.8,3.86,330,83.9,0.84,6.37,4.15,132,185,3.28,2.02,81.0,0.95,25.1,12.7,1.24,32.2,2.15,0.36,140.1,3.84,2.27
64.3,28.7,134,83,101,80,52,7.73,8.18,34.3,11.7,5.93,4.25,2.11,1.8,0.7,2.92,1.11,36.6,2.4,0.41,1.24,4.2,4.16,0.96,8.9,9.0,204.0,23.8,32.8,24.6,71.2,44.5,11.2,4.3,82.6,7.23,365,69.1,1.08,6.7,4.71,127,270,4.34,1.97,92.2,0.98,42.7,12.3,1.03,33.8,2.47,0.33,139.1,4.01,2.13
68.4,27.8,145,75,98,84,74,6.59,7.71,34.1,10.37,6.0,7.87,4.48,1.93,0.86,2.52,1.37,29.1,5.81,2.79,1.99,4.54,6.1,0.75,9.04,21.6,105.2,20.3,24.6,48.9,78.6,42.3,11.1,4.3,72.9,7.39,298,90.9,1.19,7.55,3.5,123,176,4.52,1.91,91.2,0.95,43.8,12.5,1.11,31.9,2.97,0.62,140.5,4.17,2.31
50.9,24.5,147,79,103,77,71,5.9,7.92,30.4,7.33,5.73,7.0,4.21,1.71,0.77,2.67,1.44,20.4,5.25,3.07,3.15,3.76,4.93,1.54,8.87,15.5,165.3,32.6,35.5,38.9,54.3,45.5,7.0,1.7,68.6,7.22,308,82.0,1.25,6.57,4.33,127,264,3.61,2.64,83.0,0.85,44.7,13.1,1.24,32.2,2.35,0.58,143.5,4.33,2.32
57.3,27.1,139,69,91,87,68,6.64,8.38,28.0,8.6,6.0,6.16,3.52,1.46,0.35,2.74,1.28,12.8,4.62,0.41,0.22,3.68,2.31,0.96,6.25,20.7,195.6,36.1,25.3,28.8,66.7,42.2,9.1,3.0,88.5,4.67,345,82.3,1.26,6.04,3.97,113,331,3.28,2.11,91.5,0.92,32.5,13.1,1.1,34.2,3.31,0.56,140.6,4.1,2.25
47.3,29.2,142,85,104,71,57,6.51,7.27,26.4,7.37,5.19,4.83,2.98,1.74,0.82,2.28,1.31,16.7,3.19,0.65,0.1,4.23,1.12,0.86,11.12,12.1,166.9,34.4,32.4,39.3,70.8,41.8,15.1,5.4,59.6,5.21,395,87.9,0.82,6.13,4.26,147,253,3.42,1.52,96.3,0.93,42.1,13.4,1.24,34.6,3.03,0.45,138.5,4.28,2.31
44.3,21.4,128,75,92,89,52,7.1,7.97,24.1,7.7,5.15,6.42,2.7,1.29,0.37,1.98,1.12,25.3,5.23,0.92,0.93,3.52,4.66,0.97,9.3,9.6,140.1,24.0,22.1,35.5,79.9,45.7,9.7,3.9,77.1,8.45,353,100.0,1.11,5.68,4.22,128,275,2.36,1.91,79.4,0.84,20.3,12.3,1.09,29.2,2.47,0.27,136.4,3.72,2.21
70.4,23.6,152,75,99,78,73,7.58,8.63,26.2,8.62,5.48,5.42,2.78,1.44,0.62,3.09,1.1,15.0,4.03,0.88,0.89,3.11,6.81,1.2,11.17,18.4,192.4,11.3,20.5,36.5,99.1,40.8,14.0,5.4,90.2,6.36,395,76.9,1.44,9.07,4.48,141,258,4.58,2.16,84.6,0.92,36.7,12.0,1.0,31.5,2.23,0.61,145.1,4.34,2.06
51.4,21.1,145,79,99,79,65,6.24,8.37,28.5,8.49,5.13,5.96,3.72,1.44,0.61,1.82,1.32,33.9,4.4,0.92,0.96,4.23,2.61,0.96,5.86,17.0,204.9,37.4,41.3,40.4,70.0,48.2,14.3,5.2,87.3,5.25,342,81.2,1.16,7.14,4.31,98,202,4.16,1.88,85.3,0.85,20.0,13.1,1.33,34.4,2.54,0.5,143.3,3.04,2.21
29.0,24.5,105,84,90,76,27,6.58,8.5,27.2,8.0,5.37,4.38,2.61,1.23,0.64,2.51,1.16,26.6,3.14,0.75,0.54,3.95,6.75,0.1,3.91,6.6,140.8,11.6,17.9,50.7,55.0,45.8,13.2,4.2,92.4,5.06,357,94.2,1.26,9.32,4.91,148,247,4.34,3.33,86.9,0.85,34.4,12.6,1.12,32.9,2.46,0.16,141.1,4.47,2.24
79.2,30.9,143,85,104,68,53,8.21,8.29,32.2,11.55,6.0,8.32,5.32,1.4,0.89,2.37,1.54,37.7,6.78,1.92,2.1,3.96,4.63,1.42,9.46,9.3,98.6,35.1,30.8,32.7,53.6,37.4,12.8,4.0,73.0,7.53,384,57.8,1.11,8.13,4.52,110,172,4.1,2.58,88.5,0.87,39.4,13.5,1.27,37.3,2.37,0.57,143.9,4.46,2.0
48.4,22.2,132,77,94,66,54,6.29,8.15,24.9,6.86,5.26,4.4,3.1,1.77,0.75,1.09,1.02,14.8,2.62,0.52,0.14,4.32,1.05,0.88,5.15,5.1,205.9,43.0,36.3,40.4,54.0,42.3,10.8,2.8,61.9,6.17,329,71.7,0.81,7.7,4.33,122,277,4.04,2.42,82.7,0.95,22.2,12.0,1.0,35.7,2.25,0.5,142.0,4.3,2.15
55.0,18.2,128,71,89,72,57,6.38,7.71,22.7,6.45,3.98,5.47,3.13,1.52,0.45,1.25,1.17,12.8,4.01,1.03,1.59,4.42,1.79,1.18,11.25,14.5,182.6,25.3,24.5,27.2,56.2,40.5,10.8,4.3,84.5,5.31,313,80.1,1.3,5.88,4.11,150,179,4.68,2.16,78.1,0.84,24.5,12.0,1.21,38.8,2.74,0.47,140.9,4.7,2.12
77.7,25.3,149,84,102,82,66,7.55,8.69,29.4,9.92,5.68,4.49,2.37,1.72,0.58,2.47,1.05,37.5,2.86,0.68,1.8,3.92,5.73,0.62,2.0,23.0,182.5,30.0,31.9,53.7,33.0,45.0,13.4,4.2,92.1,6.33,300,60.2,1.34,7.33,4.17,122,239,4.37,2.44,87.1,0.88,41.4,13.4,1.37,33.2,3.11,0.3,139.1,3.47,2.09
56.3,26.4,130,67,87,72,60,7.13,8.38,26.1,8.4,5.82,5.9,2.86,1.18,0.72,2.62,1.02,24.4,4.76,0.86,1.56,3.34,4.35,0.1,6.66,8.4,88.0,31.2,39.1,36.5,57.5,45.8,5.2,1.7,64.8,5.54,324,73.8,0.78,7.26,4.47,129,267,4.54,2.07,88.5,0.87,26.1,12.1,0.98,36.8,2.54,0.39,144.9,4.3,2.37
56.0,24.5,126,77,95,67,45,5.96,6.97,23.2,6.15,5.22,5.47,2.82,1.1,0.46,2.28,1.14,20.4,4.49,0.37,1.65,3.62,6.36,0.1,6.18,12.4,153.8,28.8,33.7,37.0,74.2,43.3,15.2,5.5,80.2,5.17,385,60.8,0.98,6.37,3.78,111,202,3.1,2.29,93.2,0.95,30.8,12.4,1.12,30.5,2.99,0.38,140.2,4.08,2.29
43.3,23.7,138,73,96,73,61,5.72,7.58,29.8,7.17,6.0,6.48,3.4,2.24,0.6,2.59,1.19,30.5,4.27,0.72,2.03,4.37,2.09,0.36,7.06,10.2,121.4,45.7,32.9,53.9,65.2,45.4,10.8,3.8,103.3,4.28,411,86.8,1.21,6.34,4.46,137,200,3.67,1.23,85.3,0.84,32.6,14.1,1.39,38.1,2.69,0.51,140.1,4.07,2.36
38.4,21.0,106,83,90,77,28,5.72,7.76,18.6,4.63,3.9,5.0,2.51,1.38,0.82,2.11,0.94,29.9,3.6,0.58,1.28,4.09,3.96,1.08,8.83,18.6,103.5,18.8,25.4,49.6,60.7,44.6,10.7,3.7,70.7,7.41,307,98.5,1.16,7.3,4.31,119,224,3.14,1.92,76.3,0.83,33.9,13.5,1.19,33.1,3.06,0.79,140.8,3.71,2.32
56.0,27.8,140,65,91,77,72,6.28,7.63,34.0,9.67,6.0,6.92,3.44,1.16,0.53,1.85,1.18,7.7,5.84,1.98,1.1,3.71,4.19,1.53,9.35,22.8,164.3,21.1,32.1,55.6,46.1,46.0,10.8,3.1,85.1,5.6,293,82.1,1.09,7.75,4.07,133,186,4.1,2.29,90.9,0.9,44.4,13.1,1.22,34.2,2.54,0.52,141.2,4.15,2.35
62.4,26.5,142,77,97,78,63,5.69,7.25,22.2,5.41,4.81,5.21,3.02,1.63,0.68,2.43,1.27,39.7,3.66,1.13,1.71,3.55,4.07,1.0,10.01,16.3,151.3,25.6,33.5,24.6,78.8,44.5,11.2,4.1,95.0,6.02,401,61.2,1.31,5.7,3.9,136,225,3.39,1.93,96.2,0.91,33.6,12.3,0.99,35.6,2.95,0.34,142.4,4.11,2.23
61.7,27.2,121,88,102,88,39,7.45,7.59,27.2,9.21,6.0,5.83,3.88,1.64,0.65,2.42,1.42,18.2,4.14,1.26,1.82,4.4,3.7,0.32,10.37,18.1,153.7,42.5,35.7,49.6,72.3,45.1,8.2,2.6,105.8,6.14,374,73.5,1.32,7.64,3.93,145,182,3.49,2.16,89.2,0.94,38.6,12.3,1.06,29.7,2.89,0.5,142.2,3.78,2.38
52.2,24.7,121,74,94,90,45,6.8,8.17,29.8,9.0,5.96,5.56,3.43,1.81,1.0,1.88,1.29,43.0,3.79,1.0,2.01,3.89,3.53,0.45,7.57,16.5,193.9,22.8,30.5,42.1,65.1,43.2,11.6,4.0,76.1,5.75,296,81.2,1.12,7.76,4.78,125,190,4.46,1.61,85.5,0.87,39.0,13.0,1.2,29.9,3.38,0.47,139.9,4.03,2.12
58.2,26.6,127,77,94,96,52,5.72,7.44,28.0,7.04,4.88,6.36,3.37,2.17,0.65,2.37,1.25,6.9,4.17,0.31,0.1,4.46,4.44,1.49,14.35,8.7,177.6,31.7,33.9,41.8,39.4,41.4,13.4,5.6,89.9,6.75,237,84.1,1.28,6.47,4.07,126,243,3.8,1.17,88.0,0.97,36.1,13.6,1.19,33.2,3.03,0.61,141.2,3.63,2.23
36.0,23.7,123,64,89,68,61,5.92,7.09,21.8,6.09,5.11,5.76,3.57,1.19,0.6,2.08,1.29,25.6,4.36,0.26,1.1,4.53,4.18,0.15,12.18,13.2,129.6,35.4,31.6,42.0,57.7,47.1,5.6,2.4,59.0,4.47,300,89.7,1.0,5.9,4.9,121,257,2.94,1.74,88.4,0.87,28.2,11.9,1.05,32.7,2.91,0.57,141.8,3.96,2.18
63.5,22.8,132,72,90,71,64,6.45,7.59,26.5,7.07,5.3,6.4,3.66,1.27,0.5,1.76,1.25,20.9,5.18,0.91,0.42,3.83,4.68,1.89,7.14,10.6,148.2,32.7,27.9,53.1,71.6,47.5,7.7,2.2,77.1,7.68,327,85.3,1.11,7.85,4.22,118,206,3.9,2.16,83.9,0.85,26.8,12.5,1.01,38.4,2.24,0.74,139.9,4.33,2.35
59.9,26.3,134,66,86,85,65,6.95,8.04,28.3,8.55,5.6,6.19,3.39,1.86,0.73,2.16,1.13,5.0,4.21,1.34,1.78,4.6,6.05,1.79,7.7,13.6,153.1,36.3,37.1,53.4,65.7,46.5,14.5,5.0,70.0,6.81,305,93.2,1.1,4.18,3.75,110,154,1.94,0.89,82.9,0.86,30.9,12.8,1.21,30.6,2.63,0.59,144.1,4.35,2.27
81.7,30.2,138,82,99,74,53,6.68,7.62,30.5,9.43,5.49,7.06,3.84,1.58,0.84,3.08,1.27,32.0,5.52,1.32,1.95,4.11,2.87,1.92,7.11,22.1,178.8,41.4,38.0,55.4,70.5,46.1,14.2,6.2,58.9,6.63,383,64.0,1.0,7.7,4.06,90,256,4.06,1.88,90.5,0.9,38.5,12.3,1.01,37.9,2.52,0.62,141.6,4.31,2.31
58.1,28.4,158,72,100,87,87,5.85,7.43,27.6,7.74,6.0,5.36,2.87,1.57,0.64,2.91,1.11,5.0,3.63,0.69,1.1,4.17,1.47,1.02,9.15,14.2,191.6,31.7,22.5,45.5,74.0,43.8,12.5,4.1,55.3,5.08,316,86.5,0.92,9.16,3.74,110,203,4.88,2.8,91.0,0.87,40.8,11.8,1.2,32.2,2.49,0.72,144.4,4.38,2.09
46.7,24.9,126,75,96,82,57,6.84,7.22,26.8,8.84,5.32,6.0,3.56,1.43,0.85,2.27,1.37,18.8,4.5,0.84,0.71,2.7,5.48,0.66,5.15,16.6,117.7,23.8,24.9,62.4,66.5,41.3,9.1,3.2,76.7,6.94,351,95.2,1.06,3.86,4.58,135,309,2.38,1.68,89.5,0.93,39.8,11.7,1.01,31.6,2.83,0.39,138.1,4.34,2.2
57.4,22.0,136,71,92,91,63,5.18,7.63,22.4,5.17,5.49,6.97,3.89,1.8,0.68,1.93,1.38,36.1,5.13,0.83,1.74,3.43,2.76,1.01,5.7,19.0,226.3,27.2,26.5,34.6,73.5,40.7,13.5,5.3,80.4,5.91,440,67.7,1.37,8.18,4.14,121,216,4.23,2.51,81.9,0.84,25.8,13.0,1.24,32.5,2.92,0.5,142.5,3.85,2.06
54.1,22.1,123,72,87,87,50,6.16,7.59,31.8,8.84,6.0,4.29,2.07,1.9,0.77,1.28,0.85,16.3,2.51,1.57,1.19,3.48,3.56,1.32,2.0,6.4,190.6,23.3,26.8,21.7,55.3,47.7,7.6,2.8,61.5,4.29,341,79.6,0.94,7.81,4.6,140,228,5.1,2.87,83.1,0.88,38.0,12.7,1.21,31.9,2.96,0.45,139.3,4.18,2.28
63.2,24.3,130,76,92,87,56,6.45,7.28,25.6,7.59,4.97,6.3,3.15,1.47,0.64,2.98,1.22,12.3,4.77,1.74,2.47,3.84,3.4,0.54,6.94,6.1,65.4,47.3,41.9,41.4,51.6,37.3,12.0,3.9,95.2,7.71,354,72.2,1.43,5.63,4.74,131,201,3.89,1.54,86.9,0.85,26.6,13.4,1.14,34.4,3.36,0.21,140.0,4.34,2.18
58.3,25.6,153,77,105,76,77,6.61,6.82,26.3,8.12,5.98,6.45,3.67,1.21,0.75,2.7,1.26,32.5,5.13,0.79,2.71,4.08,3.24,0.28,11.26,18.6,172.0,23.5,45.3,40.6,71.6,47.8,7.3,1.9,61.6,5.08,341,101.3,0.91,7.83,3.52,117,231,4.42,2.53,85.0,0.86,22.0,11.6,1.01,31.9,3.02,0.69,143.0,3.66,2.31
42.9,22.8,102,68,82,79,36,6.38,8.1,23.5,6.76,5.0,6.68,3.84,1.48,0.62,2.43,1.3,19.1,5.24,0.86,2.07,4.11,1.7,0.69,7.61,16.4,198.1,30.3,17.9,52.8,72.5,42.2,11.0,3.9,73.7,6.49,371,79.0,1.19,8.1,4.19,108,368,4.28,2.97,84.7,0.93,26.5,11.4,1.0,28.6,2.33,0.52,140.4,3.64,2.27
38.4,19.2,119,62,80,78,55,7.08,8.27,27.8,9.05,5.65,5.81,3.07,2.21,0.8,0.84,1.05,17.1,3.58,0.94,1.43,4.19,2.94,0.45,7.79,12.0,168.6,12.6,25.0,29.0,70.1,50.7,7.5,3.2,64.6,2.16,352,112.8,1.23,5.4,3.93,143,217,2.7,1.56,83.0,0.93,38.9,12.5,1.11,31.2,2.91,0.1,146.0,3.64,2.06
61.2,21.9,122,78,89,66,42,5.2,7.18,19.2,4.58,3.87,5.81,2.75,1.13,0.66,1.92,1.2,38.4,4.76,1.36,2.75,3.62,5.24,1.47,8.94,16.0,155.8,27.0,29.2,43.5,67.7,42.8,13.6,5.8,77.4,5.78,303,73.7,1.08,6.44,5.05,122,270,3.7,1.94,79.4,0.93,20.3,12.2,1.01,34.2,3.07,0.67,142.3,3.51,2.06
74.6,20.7,138,88,103,88,51,7.35,8.52,24.8,8.26,5.04,6.2,3.91,1.45,0.61,2.0,1.3,9.7,4.65,3.16,1.56,4.48,4.58,0.62,5.25,20.4,185.1,23.0,26.3,22.2,63.6,44.0,12.5,3.2,91.1,8.29,331,61.8,1.15,7.68,3.88,125,216,4.47,2.15,83.9,0.82,31.5,12.5,1.18,30.2,3.4,0.56,140.1,3.7,2.21
59.0,16.0,123,75,94,83,52,3.93,6.81,18.0,2.87,4.38,4.74,3.02,1.6,0.45,1.86,1.15,17.4,3.16,0.89,0.82,5.1,4.96,0.88,8.15,17.5,176.5,28.3,29.5,45.9,68.4,50.4,9.7,4.8,85.2,6.22,305,88.0,1.13,8.4,3.68,147,267,4.52,2.76,72.9,0.79,30.1,13.3,1.15,34.4,2.77,0.65,142.2,3.87,2.28
67.8,25.7,130,76,96,76,53,8.03,8.59,23.7,8.37,4.54,5.75,2.37,1.46,0.64,2.11,1.05,33.8,4.54,2.44,0.84,3.84,3.68,1.39,10.87,14.4,211.1,33.5,33.1,42.8,71.3,41.5,14.9,5.0,86.2,7.29,346,88.8,1.19,6.83,5.02,135,139,3.56,2.41,84.0,0.98,39.9,12.5,1.13,36.3,2.82,0.57,140.9,4.48,2.0
70.2,33.4,146,84,105,90,63,5.94,7.37,31.0,8.03,5.94,5.49,3.55,1.43,0.9,2.31,1.17,8.7,4.03,0.72,0.81,3.62,5.78,1.47,8.98,19.5,121.3,43.0,36.5,45.8,72.3,41.3,9.3,4.0,84.7,5.57,449,71.2,1.22,7.39,3.81,130,293,4.24,2.36,94.1,0.94,45.0,12.6,1.23,37.2,3.25,0.35,143.1,3.9,2.2
61.2,30.7,113,66,85,75,43,9.13,8.9,33.3,12.0,6.0,7.45,4.01,1.57,0.94,2.95,1.38,44.4,5.9,0.86,1.35,3.61,3.49,0.94,11.0,13.0,146.9,41.1,36.8,68.0,97.4,41.0,11.9,3.6,60.0,6.47,382,90.7,0.98,6.47,3.54,124,233,3.59,1.85,99.3,0.88,28.2,12.6,1.19,33.9,2.9,0.52,140.6,3.63,2.13
48.2,20.9,121,72,92,65,55,5.82,7.58,20.8,4.89,4.65,5.83,3.29,1.82,0.51,1.53,1.25,19.8,3.85,0.25,1.59,4.06,1.0,1.0,11.81,13.3,224.8,24.9,30.6,48.2,53.8,41.1,9.4,2.0,86.0,5.79,342,75.0,1.14,7.01,3.85,146,215,3.57,1.5,76.1,0.92,35.9,12.4,1.07,27.9,2.17,0.31,141.8,4.08,2.14
60.3,25.7,134,76,95,87,59,7.79,8.96,28.7,9.8,6.0,5.21,3.32,1.6,0.73,2.02,1.32,33.5,3.52,1.23,0.19,3.71,4.72,0.34,10.09,15.1,172.7,20.3,30.7,29.1,104.7,42.1,13.2,3.6,62.8,6.33,395,73.9,1.24,8.52,4.25,124,256,4.74,2.54,86.4,0.91,38.4,13.1,1.28,34.6,2.11,0.33,141.6,4.02,2.16
72.5,22.3,128,74,92,67,57,7.6,8.26,30.3,10.16,5.93,6.14,4.04,1.54,0.67,2.25,1.25,34.1,4.65,1.75,0.95,3.0,5.65,1.38,6.0,12.8,243.5,19.5,27.7,36.2,52.2,40.4,12.9,4.3,78.2,9.13,352,52.8,1.1,7.66,4.09,108,220,3.91,2.22,84.4,0.91,25.2,12.2,1.16,36.0,3.59,0.71,141.6,3.81,2.22
64.4,21.8,151,73,98,76,78,6.18,8.18,24.8,6.84,4.94,6.7,4.09,1.65,0.69,2.66,1.25,21.4,5.02,0.23,1.4,3.13,3.46,1.44,6.99,11.7,291.5,28.3,26.3,66.1,71.1,39.1,15.3,5.8,72.9,7.87,275,68.8,1.01,6.87,3.82,118,172,3.4,2.16,88.6,0.79,25.9,12.7,1.1,31.5,2.12,0.58,143.4,3.88,2.15
67.0,22.4,132,76,94,79,56,6.35,7.82,20.5,5.95,5.67,6.65,3.75,1.15,0.39,2.44,1.3,17.6,5.56,1.26,1.8,4.64,6.18,0.1,13.9,24.2,157.1,27.5,43.3,58.8,52.4,41.9,11.6,4.1,82.1,7.45,414,75.7,1.26,7.36,3.94,116,120,4.05,2.26,92.5,0.87,34.6,13.5,1.19,33.2,2.77,0.77,137.7,4.36,2.02
52.4,23.6,126,82,94,83,40,5.77,7.54,23.1,5.97,4.79,4.96,2.18,1.75,0.53,2.56,1.11,22.1,3.26,1.43,1.29,4.8,2.82,1.74,9.06,9.6,117.6,28.9,31.9,49.2,68.9,45.1,3.0,0.7,67.6,6.74,337,86.7,1.14,6.16,4.3,124,297,3.1,2.48,84.3,0.93,38.1,13.8,1.34,33.8,3.2,0.42,141.2,3.64,2.26
55.6,24.1,125,84,95,86,35,7.17,9.05,25.6,8.08,5.26,3.27,0.99,1.17,0.48,2.21,0.82,31.3,1.97,1.44,1.51,4.99,5.16,0.51,8.66,15.1,157.4,22.8,32.3,20.6,77.3,40.8,9.8,4.3,72.4,4.86,256,98.3,1.25,5.99,4.77,124,213,2.93,1.52,88.7,0.87,30.5,11.8,1.13,37.2,2.14,0.35,139.7,3.56,2.2
56.6,25.5,132,71,88,84,65,6.34,8.33,26.3,7.13,5.3,6.2,3.76,1.46,0.72,2.9,1.38,11.0,4.84,0.53,0.29,4.15,6.76,1.12,5.46,15.9,210.5,39.3,31.5,56.5,66.0,43.0,16.7,5.8,93.8,5.64,297,96.5,1.48,8.6,4.37,132,197,5.25,1.95,87.7,0.95,36.5,12.8,1.05,32.2,2.38,0.58,138.4,4.15,2.14
57.4,26.9,147,74,101,84,73,6.14,8.24,28.8,8.13,5.71,5.26,3.43,1.46,0.6,1.32,1.07,8.4,3.67,1.78,0.63,3.44,4.26,0.91,7.87,13.7,219.9,16.7,28.7,33.1,77.4,47.5,9.9,3.7,59.0,4.05,392,80.9,1.01,9.2,4.0,118,200,4.86,2.3,89.2,0.86,33.9,12.5,1.06,35.1,2.35,0.38,139.5,3.9,2.2
72.0,25.6,168,78,105,72,90,7.42,7.89,28.7,9.42,5.83,6.62,3.31,1.36,0.64,3.28,1.21,41.4,5.17,1.27,1.27,3.76,4.14,0.82,10.25,18.7,271.7,23.1,30.1,53.2,62.1,37.9,5.4,4.4,79.0,5.15,290,59.8,1.1,5.35,3.99,138,273,3.87,1.35,89.3,0.9,29.4,12.9,1.23,34.4,3.56,0.53,140.2,4.51,2.17
29.8,21.7,119,73,92,84,42,5.11,7.93,29.1,6.48,6.0,6.01,3.2,1.81,0.45,2.95,1.05,12.7,4.22,1.09,1.68,3.13,3.47,0.74,8.13,11.0,145.1,17.2,16.3,29.2,38.4,51.4,12.2,4.3,53.4,3.66,385,117.1,0.7,7.35,4.81,152,215,4.36,2.64,77.5,0.95,36.2,11.6,0.96,32.0,3.64,0.44,140.1,4.05,2.29
58.4,21.7,143,77,98,66,63,6.14,7.54,24.2,6.55,5.29,6.57,3.39,1.51,0.57,2.21,1.21,27.2,5.22,0.94,1.45,3.1,6.64,0.34,6.52,10.5,188.6,24.2,24.4,42.8,73.4,41.3,12.8,3.9,83.4,6.13,349,89.3,1.05,8.25,4.89,121,247,4.12,1.95,83.7,0.83,25.3,13.1,1.26,36.2,2.53,0.48,141.8,4.0,2.21
57.0,20.8,148,76,103,91,75,6.39,7.6,20.1,5.49,4.95,7.0,3.62,1.6,0.45,2.39,1.1,20.4,5.3,1.24,0.59,4.18,4.78,1.11,7.24,16.0,140.3,35.4,27.3,33.2,66.1,44.0,9.6,3.7,66.3,4.47,364,85.5,1.06,5.75,3.79,134,208,3.74,1.26,84.7,0.89,34.5,13.1,1.34,30.8,3.07,0.42,142.2,4.3,2.25
41.5,18.5,121,74,89,68,52,5.3,6.28,24.8,5.69,5.64,6.22,3.85,1.99,0.68,1.75,1.39,20.2,4.25,1.57,1.07,4.35,7.09,0.72,11.7,9.4,56.9,21.9,23.0,31.8,58.4,48.4,10.4,4.2,71.1,5.33,321,99.6,0.93,6.34,4.83,144,179,3.13,2.07,76.9,0.88,19.2,13.8,1.29,32.7,2.97,0.21,140.0,3.56,2.26
66.1,27.9,156,77,100,76,77,6.66,7.96,33.1,9.62,6.0,7.56,4.25,1.75,0.83,2.18,1.5,40.5,5.82,1.1,2.54,5.2,4.77,0.19,10.09,22.1,174.0,29.7,26.7,48.9,61.7,47.4,8.9,3.4,61.1,6.07,371,80.4,0.8,6.68,4.01,123,253,4.66,2.34,92.5,0.92,33.0,12.0,1.02,33.4,2.72,0.68,144.5,4.18,2.3
49.3,22.9,134,84,103,69,52,7.55,7.84,26.3,8.73,5.59,6.72,3.6,1.73,0.68,1.87,1.25,21.4,5.05,1.13,1.72,3.97,3.04,0.33,9.69,14.3,116.1,31.8,30.9,26.9,69.8,45.4,13.2,4.7,88.0,4.49,364,73.1,1.21,9.32,3.66,124,269,5.24,2.18,78.3,0.88,38.2,11.4,1.05,28.7,2.18,0.4,140.2,3.91,2.41
53.7,18.8,128,74,95,73,55,5.92,7.62,21.1,5.75,5.11,6.61,4.7,1.73,0.53,1.82,1.32,18.4,5.0,1.94,1.16,3.22,3.26,0.23,9.48,10.6,193.6,21.7,33.0,59.4,55.6,41.5,11.3,5.1,75.1,7.73,333,69.8,1.19,9.15,3.53,127,196,5.31,2.04,81.1,0.83,23.5,13.8,1.34,35.8,3.78,0.58,137.2,4.36,2.24
80.2,27.4,153,79,102,78,74,7.01,7.54,30.9,9.76,5.69,6.32,2.9,1.14,0.44,2.58,1.18,20.8,5.14,1.31,0.52,3.95,4.74,0.59,4.56,18.7,112.2,31.8,33.2,32.5,72.5,39.2,8.1,3.9,83.0,5.45,317,58.7,1.13,6.56,4.53,121,208,3.63,1.65,95.5,0.92,33.0,13.1,1.2,36.1,2.11,0.69,140.9,3.84,2.13
70.1,22.7,122,78,92,73,49,6.58,8.51,24.5,7.62,6.0,4.88,2.9,2.3,0.58,2.27,1.29,17.5,2.68,0.59,0.69,3.84,1.36,1.07,8.86,11.9,148.0,28.3,23.7,28.4,81.3,40.6,11.4,3.9,88.7,8.03,365,64.2,1.32,5.68,4.68,135,219,3.26,1.97,84.1,0.88,33.0,12.6,1.19,33.6,2.9,0.72,141.5,4.08,2.07
64.9,30.8,144,90,106,89,52,7.62,8.53,25.7,9.08,5.16,8.31,4.15,1.16,0.7,3.49,1.46,15.2,7.0,1.95,1.41,3.74,3.64,0.52,11.36,16.2,187.5,21.3,25.6,49.0,91.2,48.4,8.9,2.6,61.4,3.5,285,78.6,1.06,8.32,3.92,140,235,4.46,2.55,89.9,0.88,37.1,12.9,1.11,32.6,2.6,0.51,134.8,3.97,2.28
62.6,23.8,120,75,90,80,49,5.83,8.32,27.5,7.7,5.48,5.92,3.19,1.66,0.71,2.08,1.27,17.1,4.44,2.62,1.59,4.26,3.65,1.39,7.43,14.0,191.5,23.2,26.6,51.8,83.1,41.7,15.5,5.8,69.0,6.02,381,74.8,1.19,8.03,4.09,122,298,3.96,2.11,80.4,0.94,40.4,11.9,1.03,33.1,3.28,0.49,143.7,4.19,2.13
56.0,26.8,116,84,95,76,33,7.1,7.64,31.2,10.02,5.7,6.93,3.87,1.28,0.83,1.54,1.23,42.8,5.7,2.38,1.84,3.32,4.55,0.84,11.12,10.6,168.9,31.2,25.0,39.1,67.5,44.4,14.2,4.5,76.2,4.57,363,62.9,1.37,8.73,3.53,106,209,4.97,2.92,91.0,0.87,27.9,12.8,1.24,34.6,3.21,0.34,140.9,3.97,2.47
82.0,31.1,155,83,106,77,72,7.83,9.04,36.6,12.0,6.0,6.16,3.72,1.38,0.87,3.35,1.27,32.6,4.79,2.39,1.74,4.13,7.62,0.75,9.83,14.4,266.3,40.8,38.2,36.1,71.3,38.2,11.7,4.8,60.3,6.1,377,41.2,1.3,6.49,4.28,118,196,4.08,2.0,97.9,0.88,45.0,13.1,1.13,34.2,2.48,0.55,139.3,4.16,2.46
67.6,23.3,128,74,88,88,58,5.28,6.42,23.0,5.25,5.34,6.68,3.57,1.5,0.85,1.35,1.2,19.2,5.13,0.28,0.95,4.4,4.44,0.82,10.51,24.9,237.6,36.9,39.1,32.1,62.0,39.1,12.1,4.6,58.1,8.46,233,81.7,1.05,8.23,4.11,137,209,3.93,2.43,85.4,0.87,37.1,13.5,1.02,31.7,2.49,0.59,139.4,4.61,2.19
49.0,24.1,126,79,94,87,48,7.84,8.51,27.3,9.77,6.0,3.73,1.9,1.19,0.6,1.97,0.79,34.2,2.39,0.66,0.87,4.87,1.12,1.52,8.21,12.8,133.5,43.8,31.9,32.9,59.3,44.1,15.2,7.5,62.4,5.17,296,81.7,0.94,6.14,3.69,114,188,4.14,1.19,84.7,0.86,35.0,13.0,1.16,31.2,2.2,0.33,142.5,3.99,2.09
41.2,24.6,123,66,86,72,56,7.46,7.98,27.7,8.98,5.42,5.27,2.78,1.96,0.6,2.37,1.3,5.0,3.27,0.64,2.92,4.2,2.47,0.14,10.71,9.6,218.9,31.2,31.6,44.1,74.6,43.7,11.0,5.0,56.2,3.88,319,93.5,0.96,7.6,4.47,114,161,4.48,1.97,79.3,0.89,40.8,12.9,1.2,32.0,2.9,0.46,142.6,4.21,2.33
64.8,26.1,140,86,103,73,59,6.25,7.44,28.0,7.34,5.84,5.96,2.85,1.22,0.88,2.38,1.14,39.7,4.76,1.22,0.88,4.65,4.73,1.68,3.7,12.5,245.4,24.8,27.7,39.9,62.8,42.0,13.5,3.9,72.7,6.9,379,68.0,1.27,7.31,3.6,132,223,3.8,2.98,89.2,0.86,40.3,12.9,1.26,30.9,3.12,0.76,140.0,4.74,2.43
57.3,26.0,124,80,94,83,48,5.83,7.21,27.9,7.67,5.77,6.29,3.71,1.68,0.74,1.4,1.31,38.4,4.6,3.02,0.38,3.79,4.38,1.4,8.34,16.1,168.5,27.5,27.5,45.3,70.1,38.8,15.8,5.1,80.9,5.68,318,68.8,1.04,9.58,4.45,116,242,5.04,2.74,85.8,0.92,31.8,13.6,1.37,33.7,2.71,0.45,138.4,4.16,2.1
40.9,18.9,127,64,83,83,67,6.01,7.14,22.0,5.52,5.21,6.11,3.47,1.92,0.54,1.48,1.16,48.9,4.25,0.42,0.1,3.83,6.27,0.81,10.17,8.7,155.6,23.5,27.6,39.7,52.5,44.5,9.7,1.9,79.4,5.61,439,82.0,1.31,7.38,3.96,117,230,4.99,1.83,78.3,0.92,33.3,12.7,1.16,30.1,2.71,0.21,141.1,3.31,2.46
63.1,27.2,137,79,97,71,46,5.8,6.9,29.2,7.65,6.0,5.21,3.04,1.24,1.02,1.43,0.99,35.3,3.82,4.58,1.22,4.9,5.84,1.57,9.26,11.0,179.9,25.4,27.2,49.7,82.8,47.4,16.2,4.0,97.9,5.41,357,80.1,1.26,7.12,4.3,122,216,4.38,1.98,96.4,0.92,22.8,12.4,1.18,30.8,3.7,0.5,141.9,3.8,2.04
54.8,23.1,134,72,95,85,64,7.54,8.09,28.0,9.11,6.0,6.24,3.4,1.6,0.75,2.49,1.35,28.0,4.62,0.8,2.02,3.19,5.51,0.67,11.35,13.2,140.0,29.6,26.1,35.7,61.6,41.0,15.5,5.5,73.8,4.89,304,79.0,1.12,7.3,3.99,119,187,4.59,2.24,78.2,0.83,28.3,12.1,1.11,40.7,3.2,0.27,142.2,3.69,2.1
64.4,26.8,126,82,95,72,45,6.55,7.82,32.0,9.67,6.0,7.05,3.8,1.52,0.71,2.82,1.24,38.7,5.74,0.76,0.84,3.77,3.98,0.97,7.59,14.6,151.6,31.8,24.2,35.0,79.5,45.5,12.3,3.4,78.5,5.41,349,79.2,1.03,7.2,3.5,151,228,3.84,2.51,82.8,0.87,45.0,12.4,1.15,38.1,3.36,0.73,140.2,4.32,2.25
63.3,28.4,137,94,109,90,43,8.33,9.13,27.9,10.72,5.9,8.03,4.89,1.0,0.66,1.86,1.5,15.7,7.0,2.03,2.57,4.72,5.98,0.61,6.52,13.2,228.5,19.8,29.6,42.5,57.9,32.4,9.7,4.7,75.9,7.25,321,81.9,0.95,5.98,4.57,122,225,3.57,2.04,92.1,0.93,20.9,13.1,1.18,33.5,1.96,0.55,141.0,4.02,2.33
50.7,26.1,140,73,95,84,68,5.94,7.59,27.1,7.33,5.82,6.39,3.92,1.05,0.92,2.64,1.37,17.8,5.4,1.79,1.34,3.91,2.72,1.35,3.23,9.4,182.5,36.8,38.8,42.5,56.0,41.4,12.5,5.3,76.4,5.52,306,87.3,1.08,9.41,4.71,132,244,5.35,2.55,87.2,0.83,30.5,11.7,1.1,34.7,3.07,0.36,141.1,4.37,2.24
65.6,26.9,149,84,106,70,66,6.88,8.4,27.3,8.73,5.59,5.73,3.72,1.56,0.77,2.73,1.31,22.5,4.21,1.79,2.25,3.86,5.82,0.52,7.32,13.6,154.8,13.8,30.4,41.4,82.5,36.9,10.0,3.3,81.8,5.18,399,79.2,1.31,9.32,3.94,120,230,5.04,3.3,87.5,0.86,23.0,12.9,1.11,35.8,2.95,0.46,143.2,4.22,2.26
52.0,26.2,122,76,90,76,47,7.65,7.73,26.5,9.02,5.04,4.83,2.81,1.56,0.73,1.98,1.04,39.0,3.24,0.66,0.69,3.85,3.64,0.8,9.6,11.1,126.2,26.3,37.8,33.8,57.7,47.5,8.9,2.9,84.1,6.12,378,81.7,1.09,6.86,4.39,117,240,3.83,2.38,89.9,0.84,28.6,12.0,1.25,32.4,2.32,0.29,143.7,4.21,2.36
52.8,26.4,125,77,92,76,47,6.41,7.53,23.2,7.28,4.66,7.34,4.58,1.64,0.83,1.21,1.37,12.4,5.52,1.43,0.74,4.1,1.93,1.2,10.4,10.8,135.5,37.4,30.4,49.7,46.5,46.3,13.5,5.9,84.2,6.05,379,94.5,1.37,7.97,4.45,128,276,4.94,2.21,90.1,0.91,39.2,11.8,0.88,33.3,2.43,0.63,144.3,3.66,2.37
51.6,28.7,121,76,91,82,49,7.04,8.31,30.1,9.66,6.0,6.58,3.46,1.41,0.91,1.82,1.14,11.0,5.22,0.59,1.39,4.66,4.94,1.35,3.85,14.0,156.2,34.2,38.0,32.3,52.7,40.7,8.6,4.4,78.8,6.54,412,91.2,1.06,9.52,4.47,147,247,6.04,2.81,87.7,1.01,43.2,11.9,1.13,31.9,2.73,0.74,143.6,4.19,2.18
71.6,26.5,137,76,95,77,63,7.92,8.6,30.0,10.3,6.0,6.15,3.3,1.31,0.81,2.05,1.26,26.4,4.59,0.79,1.69,4.57,6.55,0.42,11.59,24.8,215.8,25.4,24.7,36.6,77.4,43.1,10.3,2.8,96.9,6.25,384,72.9,1.15,8.96,4.77,128,233,4.8,2.93,86.8,0.86,29.7,12.9,1.2,36.7,2.29,0.34,145.1,4.42,2.12
54.6,25.0,117,79,92,70,40,6.15,7.23,26.4,7.24,5.38,4.53,2.97,1.5,0.83,2.89,1.22,31.3,2.99,0.99,1.16,4.03,3.51,1.22,5.16,18.7,131.8,43.3,38.5,55.0,74.6,47.2,11.2,3.1,74.2,5.83,307,72.1,1.12,6.77,4.42,116,153,3.07,2.46,87.8,0.93,43.5,13.1,1.22,35.9,2.51,0.64,143.1,3.62,2.35
74.5,29.7,146,82,104,67,65,6.36,8.05,30.7,8.62,6.0,5.66,3.45,0.98,0.86,2.27,1.23,15.3,4.67,0.86,1.57,4.67,6.86,0.34,7.71,24.1,217.8,26.3,40.0,31.8,58.3,46.1,7.2,2.3,72.0,7.21,389,68.7,1.16,7.43,3.91,113,255,4.91,1.62,93.4,0.91,45.0,12.6,1.05,37.6,2.64,0.54,140.3,3.96,2.25
79.4,26.1,155,78,108,82,81,6.01,7.29,28.9,7.64,6.0,6.76,3.6,1.4,0.8,1.64,1.18,32.0,5.32,2.58,1.86,4.26,2.18,0.1,6.5,15.2,197.8,12.0,28.5,48.5,60.4,40.3,12.6,4.7,75.8,5.72,308,43.0,1.13,5.66,4.18,102,198,3.94,1.72,90.6,0.85,27.8,11.8,0.94,34.6,3.11,0.81,144.7,4.15,2.25
49.1,19.9,116,80,93,81,40,6.54,7.46,27.1,7.38,4.88,5.71,2.72,1.86,0.49,2.02,1.26,38.9,4.07,0.63,0.1,4.53,2.21,0.45,9.3,19.2,166.6,28.6,36.8,23.6,73.0,37.4,10.7,3.3,71.5,6.74,316,100.4,1.09,7.94,4.14,148,229,4.57,2.37,79.5,0.93,39.3,14.4,1.36,37.9,2.54,0.18,138.2,4.09,2.19
25.0,22.5,108,67,77,83,40,6.11,7.75,23.6,6.51,4.86,3.67,1.94,1.47,0.92,1.36,0.81,35.7,2.38,0.65,0.98,3.4,3.3,1.24,8.33,9.8,182.7,12.0,21.6,20.0,78.3,43.3,14.5,5.4,52.2,4.54,330,103.3,1.11,8.02,4.12,112,187,5.31,2.18,86.1,0.97,25.2,12.7,1.26,31.1,2.64,0.37,145.2,4.53,2.36
70.5,25.8,140,80,102,80,63,7.83,8.42,24.5,8.11,5.98,6.61,3.36,1.91,0.53,2.57,1.11,27.8,4.8,0.74,0.88,5.06,3.88,0.82,10.09,19.7,212.0,21.3,28.0,24.8,66.2,44.6,10.3,5.2,71.2,5.21,344,64.5,1.08,8.95,4.58,128,298,5.08,2.45,92.2,0.92,26.6,13.5,1.24,38.6,3.23,0.5,139.5,4.28,2.1
53.9,20.8,139,84,102,74,55,6.03,7.3,23.2,5.46,5.1,4.3,3.06,1.18,0.66,1.45,1.12,21.6,3.03,1.78,0.92,4.17,3.13,0.6,13.67,15.3,111.4,30.4,24.9,39.8,72.0,49.9,10.3,2.5,60.4,4.43,261,71.1,0.93,8.01,4.47,129,124,3.95,2.82,83.1,0.89,20.7,13.6,1.3,31.5,2.15,0.59,142.9,4.2,2.27
47.6,25.2,120,62,85,82,64,5.32,6.94,32.4,7.57,5.91,6.81,4.05,1.4,0.5,1.62,1.29,43.2,5.6,0.66,1.61,2.36,4.17,0.85,9.25,10.9,116.4,23.9,29.4,47.2,75.2,44.0,8.5,2.6,75.9,5.54,312,86.4,0.97,7.41,3.58,137,286,3.42,2.44,87.3,0.9,43.4,12.5,1.1,29.1,2.91,0.45,143.8,4.29,2.27
50.9,28.4,124,86,101,101,42,4.91,6.53,25.7,5.38,5.4,6.14,3.07,1.57,0.75,2.31,1.26,22.7,4.63,2.14,0.99,5.04,3.29,0.9,6.44,15.9,156.9,33.8,34.9,56.7,90.9,42.0,11.8,3.0,76.7,5.14,358,81.2,1.27,5.93,4.02,129,242,2.6,2.62,90.3,0.91,38.8,12.4,1.16,37.6,3.02,0.48,141.9,4.28,2.26
53.0,19.5,118,68,83,88,49,8.41,8.55,25.1,9.11,5.67,5.09,2.38,1.58,0.5,3.0,1.13,33.9,3.42,1.75,0.1,4.04,3.57,1.18,9.52,15.2,181.0,15.5,24.6,46.9,51.4,50.9,10.9,3.1,52.7,6.55,301,105.3,0.87,7.53,4.57,138,147,4.14,2.03,79.0,0.88,15.0,13.4,1.31,34.3,3.02,0.47,137.0,4.11,2.32
73.6,29.9,135,86,103,76,57,7.78,8.83,34.7,11.08,5.69,7.19,3.64,0.93,0.82,3.57,1.34,47.2,6.26,1.07,1.16,3.78,4.92,0.1,13.92,9.2,236.1,36.8,32.6,53.9,59.3,43.3,14.1,4.7,71.2,6.31,405,75.5,1.03,6.77,3.5,129,295,3.49,2.08,89.1,0.96,43.1,13.8,1.23,35.0,2.63,0.81,139.6,3.95,2.1
59.9,17.6,136,71,91,73,59,6.21,7.7,13.8,3.56,3.65,5.74,2.93,1.73,0.6,1.3,1.13,33.0,4.1,0.97,0.37,3.66,3.23,0.79,10.05,13.7,173.0,10.3,19.7,24.3,59.9,39.5,10.7,3.2,98.1,6.74,395,67.3,1.41,7.88,3.9,105,241,4.04,2.49,78.1,0.92,21.8,13.1,1.28,32.1,2.4,0.48,141.9,4.3,2.3
73.4,25.6,143,76,98,55,69,7.24,8.5,28.9,9.24,5.68,7.2,3.89,1.46,0.57,1.95,1.34,11.7,5.68,0.96,1.7,4.28,4.34,0.9,10.91,19.7,249.3,38.4,35.5,34.6,77.3,41.7,18.2,6.8,87.0,5.79,313,47.2,1.44,6.6,5.13,103,119,3.58,2.34,90.0,0.88,27.2,13.5,1.1,31.6,3.44,0.71,142.7,3.8,2.21
63.9,31.2,141,91,109,88,48,6.13,7.77,33.6,8.96,5.88,6.39,3.96,0.84,0.82,2.62,1.51,8.3,5.57,1.81,2.05,3.5,3.36,0.19,3.36,16.1,147.4,26.8,31.7,52.0,63.4,45.8,12.7,4.6,81.5,6.34,371,49.7,1.18,7.99,4.03,111,201,4.82,2.94,90.8,0.94,40.8,12.0,1.05,31.3,2.51,0.63,140.9,4.02,2.14
54.3,23.5,143,89,109,86,59,5.83,7.17,24.8,6.54,5.25,5.84,2.82,1.59,0.88,2.61,1.16,19.1,4.27,0.9,0.1,3.67,2.3,0.15,9.23,15.2,144.2,39.0,27.4,56.1,69.2,43.4,9.0,3.4,66.0,7.41,405,73.1,1.01,8.72,4.69,148,244,4.52,2.65,85.6,0.89,35.8,12.4,1.17,33.1,2.38,0.61,141.2,3.72,2.11
53.3,24.7,143,74,99,75,69,7.93,7.81,25.2,9.3,5.22,5.55,3.97,1.16,0.5,1.2,1.22,31.2,4.28,0.8,0.67,3.68,5.24,0.65,7.26,10.2,152.4,20.6,18.6,28.6,66.8,46.1,7.8,2.5,77.0,5.72,345,68.6,1.12,7.56,4.87,141,292,3.8,1.83,86.4,0.94,38.7,13.6,1.39,32.3,2.83,0.32,138.1,4.27,2.43
64.7,28.1,123,83,96,68,38,7.57,7.91,27.9,9.55,5.68,6.36,3.12,1.4,0.63,2.42,1.2,28.6,4.94,1.27,1.63,3.85,6.89,0.85,6.06,16.0,142.3,44.4,33.6,58.7,66.5,37.9,13.8,4.7,76.4,5.69,342,76.4,1.06,7.75,3.79,144,201,4.02,2.04,98.0,1.01,45.0,13.3,1.21,28.4,2.54,0.64,144.8,4.42,2.21
67.8,21.0,144,79,106,68,65,5.93,7.19,22.6,6.26,4.75,7.14,3.36,1.08,0.75,1.69,0.98,49.9,5.95,0.43,0.1,3.7,5.97,0.82,7.97,14.9,221.7,17.8,18.8,17.0,68.1,38.2,7.8,2.5,68.7,5.36,371,70.5,1.01,8.47,4.23,118,110,5.12,2.6,86.0,0.92,28.4,12.0,1.01,37.6,3.23,0.59,140.6,3.78,2.18
70.0,26.6,145,94,110,82,49,6.05,7.22,27.2,7.64,5.17,5.74,3.83,1.49,0.74,1.21,1.25,28.7,4.34,1.2,1.95,4.54,4.93,0.57,8.42,14.9,68.2,14.0,22.7,42.7,79.4,40.1,12.5,4.2,72.4,6.5,342,69.7,1.04,9.58,4.92,102,273,5.24,3.32,92.1,0.94,29.9,12.6,1.29,32.4,2.73,0.38,143.0,4.01,2.1
54.9,24.8,126,62,80,79,64,6.17,7.98,25.2,6.6,4.7,6.33,4.01,2.13,0.72,1.44,1.38,18.8,4.1,1.54,2.16,4.19,3.18,0.56,6.25,10.8,147.6,27.7,28.1,39.4,53.8,42.7,14.1,5.3,68.3,7.57,397,73.0,1.16,7.05,4.44,121,242,4.02,1.54,90.9,0.93,42.4,13.5,1.22,35.8,3.32,0.46,143.9,3.92,2.35
60.1,30.8,141,83,99,86,57,6.91,8.35,30.7,9.56,5.83,5.55,2.98,1.36,0.97,2.14,1.19,9.4,4.21,1.35,1.25,4.26,3.81,0.66,8.67,17.9,217.4,40.3,35.7,44.5,64.2,44.1,14.8,3.6,57.1,4.34,332,82.0,0.95,7.89,5.15,110,131,5.12,1.9,91.7,0.99,32.5,13.0,1.23,31.2,3.02,0.86,138.9,4.41,2.33
65.0,22.1,119,73,92,79,44,8.21,9.49,28.7,10.77,6.0,4.15,2.43,1.01,0.52,2.23,1.07,37.4,3.0,1.94,0.7,4.41,5.94,1.03,7.63,16.5,164.4,32.4,27.2,40.0,51.9,44.6,9.0,3.4,61.4,6.15,317,61.5,1.15,9.21,3.9,130,231,6.49,3.07,89.8,0.98,39.5,12.9,1.15,33.6,2.7,0.49,141.6,4.5,2.3
53.4,23.3,144,59,87,87,86,6.28,7.33,21.9,5.97,4.87,5.86,3.39,1.72,0.59,2.56,1.29,22.6,4.03,0.8,0.1,3.96,1.0,1.45,10.17,14.1,207.6,35.9,43.0,32.6,68.1,51.1,14.6,4.4,71.3,3.79,375,82.1,1.06,7.91,4.98,151,241,4.67,1.86,86.2,0.82,39.2,12.7,1.17,35.1,3.27,0.42,141.6,3.91,2.24
44.4,20.5,126,69,88,83,59,5.08,7.68,17.7,3.76,4.13,5.69,3.19,1.43,0.51,2.01,1.26,5.0,4.15,0.66,1.89,3.4,3.36,0.1,8.74,20.0,245.1,31.8,23.4,43.1,62.1,42.2,12.6,4.1,61.1,4.89,336,100.6,0.94,4.52,4.36,143,215,2.76,0.91,82.4,0.9,25.8,12.3,1.08,34.3,2.56,0.5,140.4,3.15,2.34
48.3,20.7,116,86,95,86,27,6.08,8.17,27.0,7.45,5.13,5.38,2.44,1.16,0.56,2.41,1.17,22.7,4.19,0.46,2.83,5.09,5.08,1.13,9.16,14.2,163.0,18.8,32.0,36.8,77.7,43.2,9.1,1.9,68.8,5.94,340,83.9,1.2,6.13,4.19,120,193,2.78,2.29,77.9,0.77,29.2,12.2,1.29,31.7,2.69,0.37,142.8,4.41,2.17
55.1,28.0,127,73,90,63,49,7.05,7.93,28.9,8.63,5.69,4.81,1.65,1.45,0.96,2.34,0.95,10.8,3.38,0.88,2.76,4.57,2.42,0.78,11.01,18.2,213.0,35.1,32.9,53.2,65.5,41.4,11.3,3.7,54.5,3.85,271,89.5,0.94,8.05,4.5,97,198,4.61,2.33,89.2,0.96,28.1,12.1,1.2,34.0,3.04,0.51,139.8,4.1,2.26
65.9,26.0,122,86,96,69,37,5.87,7.63,26.4,6.56,5.75,6.29,3.12,1.64,0.46,1.77,1.13,18.2,4.68,3.89,1.3,5.05,5.07,1.22,9.98,16.8,279.3,28.7,27.7,57.2,61.3,45.8,12.9,4.7,86.8,5.97,344,50.1,1.18,7.03,4.1,106,204,3.9,1.99,81.5,0.93,28.8,13.4,1.36,35.0,3.01,0.5,141.4,4.04,2.21
73.1,25.1,141,90,108,75,52,7.29,8.64,26.9,8.53,5.74,6.32,4.2,1.2,0.52,2.14,1.18,23.7,4.94,1.49,0.45,4.65,5.07,1.45,8.1,14.9,198.3,21.9,31.5,40.7,64.4,45.5,9.1,3.5,104.4,7.32,400,40.1,1.34,9.27,4.04,132,228,5.54,3.33,86.6,0.88,24.1,13.1,1.13,33.3,2.58,0.64,140.7,4.28,2.23
41.7,21.5,115,71,86,89,46,7.02,7.99,24.9,7.9,5.04,4.7,3.33,1.18,0.42,2.41,1.3,11.2,3.51,0.6,1.91,3.74,1.67,0.45,2.0,7.1,153.0,27.2,26.5,30.1,84.9,43.3,12.3,3.3,82.7,5.65,314,93.4,1.34,9.09,4.58,140,261,4.81,2.3,81.3,0.77,32.4,12.8,1.01,29.3,2.2,0.41,145.5,3.93,2.09
50.8,22.4,114,75,89,94,40,6.42,7.66,23.3,6.71,3.95,4.52,2.38,1.05,0.86,2.55,1.1,16.7,3.4,0.52,1.15,2.6,4.16,1.29,9.58,13.7,198.1,25.8,24.7,27.2,46.2,50.1,15.6,5.8,86.6,6.31,377,92.5,1.23,6.33,3.57,130,139,3.58,1.39,83.1,0.88,26.3,12.8,1.14,31.0,2.81,0.75,139.7,3.84,2.44
53.7,23.0,137,63,89,78,78,5.78,7.14,26.7,7.16,5.23,5.49,2.63,1.44,0.57,1.92,1.08,13.8,4.1,0.38,1.63,3.27,3.16,0.19,5.29,2.5,211.3,37.8,41.5,58.4,57.8,41.6,14.8,6.1,81.3,4.79,359,78.4,1.3,5.85,3.94,129,233,3.52,2.41,79.8,0.9,38.6,13.4,1.42,31.7,2.52,0.48,142.6,3.93,2.4
67.5,22.3,151,74,99,73,80,6.21,6.66,21.8,5.75,4.58,6.37,3.62,1.61,0.6,1.55,1.17,14.8,4.74,0.69,1.5,4.4,5.0,0.89,7.8,16.4,174.2,22.0,16.6,53.5,67.2,45.7,11.3,3.6,81.2,6.86,338,91.2,1.12,6.95,4.41,121,236,4.77,2.18,87.4,0.88,39.3,13.1,1.17,33.4,2.83,0.51,144.9,4.18,2.1
51.7,23.4,128,81,94,64,54,5.08,7.07,24.4,5.21,4.79,6.01,3.48,1.48,0.43,2.11,1.31,10.5,4.53,1.55,1.39,3.97,5.08,0.74,9.24,14.3,145.9,22.2,26.8,47.4,57.5,48.2,11.8,4.1,74.2,5.09,400,69.4,1.22,6.61,4.68,120,231,4.42,2.25,88.1,0.87,41.4,13.0,1.27,36.6,2.68,0.63,139.2,4.32,2.3
52.8,23.3,126,76,89,86,59,6.31,7.37,18.9,5.45,4.16,4.98,2.98,1.23,0.63,2.3,1.13,16.8,3.68,0.77,2.09,3.76,4.68,0.85,12.06,12.2,232.9,21.0,28.6,38.8,71.2,39.6,9.4,1.6,62.6,6.6,326,78.4,1.03,8.94,4.41,149,207,5.55,2.56,92.3,0.85,22.5,12.7,1.07,34.9,2.54,0.26,141.2,4.56,2.1
41.1,20.7,123,73,96,76,45,6.22,7.18,26.9,7.2,5.86,5.46,1.99,1.86,0.74,2.56,0.98,11.3,3.78,0.47,2.08,2.51,3.94,0.32,13.56,10.9,143.2,40.5,39.5,48.6,63.4,46.4,10.5,3.0,78.5,2.65,330,92.8,1.23,5.6,4.5,158,286,3.44,1.64,89.4,0.87,37.2,11.8,1.0,30.0,2.71,0.66,138.8,4.16,2.28
63.8,26.1,138,81,102,103,50,6.15,7.74,27.2,7.26,5.57,6.73,4.97,1.52,0.76,1.82,1.48,30.2,5.09,0.71,0.88,4.01,4.73,1.05,5.29,9.7,220.6,22.9,27.3,53.3,69.5,34.7,6.5,2.5,84.1,6.05,349,76.8,1.29,8.2,4.32,111,272,4.3,2.18,89.4,0.87,28.7,12.6,1.14,37.8,2.79,0.38,137.3,3.99,2.0
56.1,25.4,121,92,105,74,29,8.21,8.02,29.8,10.33,6.0,4.93,3.16,1.45,0.69,2.0,1.21,25.2,3.44,1.58,0.6,3.38,2.4,1.66,4.18,19.3,179.3,38.1,46.9,36.7,67.0,45.9,12.7,5.2,68.7,6.05,351,75.6,0.94,8.87,4.62,102,207,5.24,2.79,92.1,0.94,31.2,13.0,1.35,32.6,3.13,0.68,139.6,4.33,2.21
50.2,22.3,120,71,86,96,50,6.92,8.28,26.4,8.21,4.85,5.64,3.02,1.7,0.41,2.46,1.08,36.8,3.96,0.9,0.1,3.58,3.98,0.35,9.05,11.4,235.5,17.9,30.1,37.3,63.8,40.6,12.9,4.1,79.1,7.42,376,73.5,1.14,8.03,3.73,127,222,4.03,2.74,85.6,0.88,23.8,12.9,1.26,34.2,3.0,0.68,139.9,3.75,2.2
54.9,24.2,128,87,101,85,40,5.1,7.24,27.5,6.69,5.5,6.84,3.48,1.42,0.63,1.77,1.26,45.4,5.4,0.71,1.0,4.52,2.92,0.92,8.78,9.5,131.7,31.1,19.2,29.7,50.0,45.3,11.3,6.1,65.7,5.96,284,89.1,1.14,7.66,4.05,132,253,4.11,2.38,84.9,0.83,36.1,13.5,1.06,30.4,3.66,0.4,140.1,4.49,2.36
71.5,33.1,149,86,105,71,66,6.16,7.42,33.3,8.8,5.72,5.54,3.44,0.91,0.88,2.21,1.17,31.7,4.55,1.21,0.52,3.41,6.01,1.28,4.49,18.1,146.2,33.6,28.0,45.3,69.3,44.5,9.0,3.4,70.6,6.79,403,70.0,1.2,7.3,4.05,126,266,4.9,2.61,95.3,0.96,26.6,12.7,1.2,32.4,2.89,0.51,140.8,4.12,2.37
45.9,29.9,127,88,98,83,39,6.02,7.49,31.9,8.84,6.0,6.91,4.0,1.15,0.65,2.92,1.31,27.7,5.58,3.98,1.83,3.52,5.06,0.81,8.27,13.1,200.9,39.8,37.1,61.3,43.4,47.5,12.2,3.2,80.1,6.09,367,83.8,1.29,9.34,4.42,136,194,5.4,3.07,95.4,0.95,28.1,12.6,1.05,34.9,2.65,0.45,140.9,3.97,2.43
47.9,20.6,126,64,83,85,60,7.36,7.71,20.8,6.79,4.2,6.75,3.75,1.51,0.71,1.37,1.31,31.3,5.17,1.86,1.03,4.15,5.03,1.55,9.94,11.1,117.8,34.0,24.7,49.9,56.7,46.7,15.7,6.5,77.5,7.19,362,91.2,1.13,6.76,3.5,122,184,3.83,1.61,99.0,0.94,35.4,12.4,1.07,30.2,2.79,0.55,138.6,3.75,2.37
73.0,24.0,128,83,100,76,43,7.59,8.6,23.0,7.23,5.46,5.86,3.41,1.0,0.81,3.25,1.2,29.3,4.76,2.98,1.21,4.58,7.12,0.7,4.55,14.7,190.5,27.7,32.6,41.3,73.2,42.2,14.1,3.9,76.7,6.23,444,64.9,1.3,8.75,3.57,143,224,4.99,2.57,91.1,0.93,38.1,13.9,1.31,33.8,3.12,0.45,142.2,4.23,2.21
58.9,21.9,139,74,97,85,65,7.73,8.44,24.5,8.16,5.34,5.42,2.94,1.5,0.56,1.84,1.19,23.5,4.09,0.36,1.89,3.77,3.69,0.76,5.04,13.9,230.0,21.6,25.0,10.5,80.2,42.1,11.0,4.1,71.3,4.39,320,77.2,0.99,7.01,4.2,128,176,3.81,1.92,85.1,0.85,29.4,12.9,1.28,34.1,3.21,0.48,143.6,3.97,2.27
66.0,29.1,141,82,100,86,61,7.16,8.18,28.4,8.74,6.0,7.06,4.05,1.65,0.89,2.81,1.38,22.9,5.64,1.16,1.67,4.9,3.53,0.35,6.16,20.5,104.3,42.5,30.4,39.4,94.8,42.4,18.3,5.7,79.0,4.52,313,69.6,0.95,5.17,4.54,127,139,1.76,1.85,93.9,0.98,28.4,13.1,1.3,30.7,3.37,0.49,144.0,4.01,2.26
62.8,24.3,162,87,111,83,73,6.54,7.97,30.7,8.83,5.94,5.75,3.46,1.65,0.67,2.07,1.09,10.9,4.1,0.76,1.19,3.25,3.75,0.89,7.42,16.5,188.2,22.1,23.5,40.0,61.1,39.6,19.2,5.6,54.4,6.85,346,70.7,0.9,6.97,4.0,118,186,3.2,2.28,88.7,0.84,28.2,12.7,1.18,28.7,2.42,0.35,140.7,3.59,2.11
57.6,25.6,129,80,98,79,48,5.7,7.09,28.3,7.31,5.34,4.02,2.35,1.54,0.88,2.23,1.14,32.9,2.33,1.51,2.68,3.16,1.79,0.86,10.2,13.8,218.3,9.7,29.4,35.2,55.4,42.7,9.0,3.9,65.6,6.23,361,71.6,1.17,7.04,3.96,134,238,4.18,2.16,87.8,0.9,34.0,12.5,1.17,35.1,3.36,0.35,142.9,3.94,2.35
53.8,30.4,136,87,102,71,51,7.29,7.54,29.4,10.08,5.49,6.06,3.45,1.33,1.11,2.32,1.26,22.3,4.8,2.19,2.0,3.12,1.86,1.21,7.2,16.9,167.5,15.4,18.7,41.7,71.6,42.7,10.0,3.3,57.9,5.42,390,80.1,0.83,7.01,4.47,96,285,3.4,2.51,96.5,0.96,27.9,11.7,1.17,39.8,2.85,0.51,139.7,3.91,2.31
68.0,26.1,169,76,107,78,92,6.79,8.28,27.1,7.76,5.67,6.46,4.11,2.01,0.56,2.65,1.4,40.8,4.35,1.49,1.0,3.04,5.34,0.54,8.29,15.6,141.0,15.1,32.2,41.1,89.2,40.1,12.8,5.9,77.9,5.8,333,70.4,0.95,6.64,3.99,138,188,3.6,1.25,88.1,0.97,40.6,12.1,0.97,34.5,2.47,0.57,140.7,4.17,2.29
71.9,28.8,147,77,101,80,73,7.05,8.3,30.5,9.42,6.0,6.9,3.15,1.21,0.89,2.18,1.26,34.6,5.63,0.8,1.03,4.22,2.37,0.49,14.8,17.6,169.0,34.1,39.1,38.7,85.6,37.0,9.0,2.3,91.8,7.01,335,45.4,1.03,8.23,4.43,118,209,3.91,2.23,87.6,1.0,38.0,13.0,1.33,35.2,2.74,0.45,142.2,3.94,2.0
71.0,28.1,143,83,104,64,58,8.46,8.52,29.8,10.94,6.0,5.55,2.73,1.05,0.96,2.18,1.22,16.0,4.43,0.88,1.96,3.43,2.83,1.07,5.2,16.4,145.5,46.8,35.6,46.1,54.7,38.4,14.9,4.0,84.2,6.93,301,75.8,1.26,8.35,4.0,120,221,4.23,2.3,92.8,0.97,28.1,13.0,1.12,31.3,3.31,0.58,140.8,3.24,2.25
43.8,21.5,112,71,85,81,37,5.99,7.66,24.8,6.23,5.07,5.23,2.89,1.81,0.48,2.87,1.18,37.1,3.37,1.27,1.44,3.18,3.76,1.55,6.14,14.2,161.0,9.4,16.4,33.3,62.7,35.0,10.8,3.4,64.8,5.98,281,92.2,0.85,6.57,3.92,142,202,3.61,2.07,86.1,0.87,22.4,12.5,1.16,35.9,3.02,0.33,138.3,3.95,2.36
73.7,30.0,162,83,108,78,80,8.44,9.22,31.8,11.94,6.0,7.19,3.66,1.31,0.71,2.56,1.34,5.0,5.84,2.16,0.51,4.27,3.92,1.2,10.21,14.7,173.3,23.7,33.9,35.7,77.6,41.1,12.3,6.6,70.6,5.32,344,56.3,1.13,7.2,4.63,108,184,4.42,2.38,92.4,0.95,26.8,13.5,1.19,32.7,2.38,0.79,143.1,3.62,2.2
53.7,21.9,117,68,83,69,50,5.06,7.48,19.9,4.46,4.47,5.57,2.91,1.46,0.55,1.54,1.13,45.8,3.98,1.06,1.99,4.52,5.43,1.77,11.05,8.7,145.1,26.7,26.3,56.9,76.4,44.7,9.6,4.0,64.9,3.68,333,100.2,0.98,5.87,4.76,122,237,3.79,1.76,85.3,0.89,34.2,12.6,1.06,35.6,2.35,0.46,139.4,3.76,2.19
48.9,27.9,132,84,98,78,46,8.86,8.7,23.5,8.72,5.84,4.68,3.09,1.71,0.74,1.76,1.12,6.4,2.91,1.13,2.34,4.65,4.1,1.12,9.34,16.2,180.6,41.3,28.0,40.2,72.0,36.0,9.7,3.8,95.9,4.82,450,82.1,1.17,7.34,3.93,131,178,3.67,1.68,94.5,0.89,43.9,12.3,1.15,34.0,2.34,0.62,139.9,4.31,2.12
56.0,23.0,126,73,88,76,57,6.16,6.98,24.1,6.6,5.61,6.71,3.63,1.51,0.61,2.97,1.17,28.7,5.3,1.05,2.23,4.55,2.95,1.1,13.51,19.6,230.6,20.2,36.8,15.3,60.2,44.2,5.1,2.2,75.3,4.37,277,66.8,0.98,8.83,4.4,128,191,5.01,2.81,85.0,0.88,33.8,12.5,1.15,34.4,2.54,0.24,143.2,3.54,2.09
68.0,24.7,138,90,106,94,54,7.4,7.67,28.7,9.08,5.91,5.83,2.48,1.35,0.66,1.95,1.06,28.5,4.47,1.4,2.55,3.48,5.86,1.2,9.06,11.1,191.0,32.1,27.1,59.1,73.8,42.1,16.1,5.2,80.3,4.84,365,85.3,1.17,9.08,3.99,117,208,4.28,2.78,85.4,0.97,34.2,13.0,1.17,34.9,2.87,0.6,142.4,4.13,2.23
64.5,22.5,122,78,95,80,42,7.28,8.02,24.1,7.79,5.16,6.69,3.51,1.39,0.78,3.16,1.4,36.7,5.31,1.69,2.96,4.2,5.43,1.61,2.21,15.7,229.6,24.2,20.9,29.9,77.6,39.2,14.0,7.1,51.8,7.98,303,91.6,0.82,6.66,4.4,132,231,3.69,1.41,81.9,0.91,37.3,12.6,1.13,34.6,2.4,0.63,141.6,3.94,2.2
54.9,21.8,143,80,98,87,68,5.95,8.06,27.9,7.77,5.81,4.52,2.51,1.56,0.35,2.17,1.11,18.8,2.73,1.44,2.67,4.33,2.03,1.48,8.41,11.7,230.7,46.8,36.2,51.4,54.3,42.2,14.4,5.4,60.1,3.08,344,74.9,0.98,9.56,3.9,125,162,5.73,2.75,83.0,0.96,26.1,13.2,1.33,33.5,2.67,0.47,138.2,3.87,2.22
68.1,24.9,137,84,102,77,46,7.51,7.96,27.0,9.15,5.75,5.92,3.27,1.46,0.55,2.32,1.12,5.0,4.55,1.21,1.58,3.74,4.78,0.31,6.38,19.0,154.0,28.6,30.2,33.8,82.8,45.6,12.5,4.7,77.4,7.06,329,66.8,1.17,6.99,4.47,125,211,3.81,2.25,93.5,0.86,27.7,12.9,1.34,35.8,3.4,0.47,139.0,3.75,2.37
59.7,17.9,119,69,87,63,53,6.82,7.67,25.4,7.76,5.15,5.88,3.45,2.2,0.66,1.98,1.31,19.1,3.61,0.93,1.06,4.12,3.15,1.24,12.23,15.1,181.1,26.8,34.6,41.8,77.9,40.3,4.4,2.3,70.1,7.18,371,73.7,1.13,6.02,4.68,122,169,3.97,2.47,78.9,0.84,34.7,12.8,1.27,31.2,3.47,0.48,142.0,4.16,2.11
51.1,23.4,140,77,95,85,60,5.83,7.17,29.0,7.34,5.51,5.6,3.27,1.54,0.75,3.13,1.22,19.9,4.17,0.93,0.1,3.27,2.94,0.97,10.97,26.2,146.2,27.4,27.7,39.1,56.2,44.1,9.1,2.2,74.6,6.98,387,65.3,1.21,5.43,3.91,123,197,3.41,1.19,87.2,0.91,33.0,12.0,1.12,32.0,3.45,0.58,142.3,4.18,2.21
49.5,22.4,121,87,98,74,36,5.72,7.15,27.8,7.09,6.0,4.64,2.5,1.56,0.49,0.87,0.83,5.0,3.1,0.59,1.26,3.64,6.81,0.73,3.28,11.3,101.8,22.9,26.0,48.0,76.0,45.0,10.4,2.9,74.0,6.05,339,88.8,1.11,5.73,4.33,134,257,3.27,2.03,83.4,0.91,32.9,13.1,1.06,36.1,2.1,0.27,141.5,3.53,2.42
62.9,27.9,141,82,105,77,57,7.03,8.01,25.8,8.24,5.38,4.21,1.84,1.97,0.84,2.43,1.03,23.7,2.18,0.75,1.73,4.24,4.47,0.1,12.11,20.7,186.4,36.6,35.8,41.9,76.0,40.5,8.6,2.8,83.3,7.93,419,81.5,1.04,7.7,4.66,128,216,4.11,1.88,89.1,0.91,43.7,13.6,1.29,33.6,3.49,0.63,140.3,4.38,2.19
57.0,26.1,141,84,104,71,57,6.64,7.31,27.9,8.38,6.0,7.14,3.75,1.67,0.92,2.08,1.2,9.9,5.3,1.52,1.37,4.93,3.86,0.1,10.94,20.4,127.3,18.8,29.1,32.9,75.9,46.4,5.9,2.8,52.1,7.94,372,90.5,0.97,6.91,3.83,120,288,3.53,1.56,85.2,0.94,28.1,11.8,1.13,32.0,2.88,0.55,140.1,3.74,2.24
41.5,20.9,124,76,88,81,46,7.11,8.49,27.5,8.66,6.0,5.57,2.82,1.73,0.61,1.94,1.25,29.9,4.06,0.55,0.1,4.7,3.97,0.64,7.07,13.5,173.9,9.4,24.3,37.0,83.1,45.9,7.5,1.6,57.1,4.87,386,95.7,1.04,6.1,4.12,129,226,2.63,1.35,83.3,0.91,37.9,12.6,1.2,34.7,2.85,0.37,141.3,4.2,2.25
68.2,24.8,118,83,96,87,35,7.41,8.15,27.9,9.25,5.89,6.94,3.71,0.94,0.54,2.31,1.37,20.5,6.09,1.95,1.12,4.44,5.73,0.15,7.92,15.8,117.2,26.2,31.1,36.3,66.7,41.7,11.5,4.0,76.8,7.03,349,79.5,1.09,6.44,4.38,124,255,2.9,2.18,85.2,0.84,32.8,12.8,1.07,35.5,3.27,0.53,138.9,3.69,2.28
52.2,23.6,135,76,95,87,64,6.37,8.68,27.4,7.37,5.76,6.44,3.82,1.39,0.8,1.95,1.27,46.1,5.14,0.96,1.8,4.07,3.02,0.67,12.25,13.4,171.0,33.3,32.2,21.5,69.2,50.9,11.8,4.0,65.5,7.28,380,73.7,0.99,5.79,4.21,123,256,3.68,1.79,91.0,0.92,40.5,12.7,1.22,29.4,3.11,0.48,141.2,3.93,2.04
77.1,31.7,149,90,111,91,59,8.06,8.06,28.6,10.04,6.0,7.04,4.03,1.15,1.09,2.67,1.4,20.8,6.07,2.45,0.62,4.0,3.82,1.26,2.28,17.1,125.0,26.2,30.5,38.3,36.0,44.7,14.0,3.7,76.2,5.81,337,81.3,1.41,6.6,3.5,125,211,4.39,1.85,94.5,0.98,36.5,13.3,1.34,35.7,2.13,0.86,138.8,3.66,2.18
41.2,20.5,116,76,88,94,46,4.32,7.3,28.4,5.68,5.85,5.09,3.13,1.5,0.48,1.74,1.34,27.2,3.61,1.23,1.4,3.16,4.85,0.56,9.43,16.0,182.9,26.7,32.4,66.3,77.5,39.6,17.5,5.7,71.6,5.07,302,85.0,0.92,8.1,4.26,124,177,3.92,2.61,82.3,0.88,24.8,11.0,0.92,32.4,2.59,0.47,138.7,3.9,2.27
55.8,22.5,129,66,87,63,62,5.93,8.02,22.4,6.16,4.43,6.08,3.19,1.5,0.66,1.34,1.22,20.2,4.72,1.67,1.65,3.53,1.89,0.91,11.41,10.2,153.1,16.5,24.2,18.6,77.8,42.3,12.9,4.9,65.6,5.14,426,75.6,1.08,9.36,4.94,133,218,5.18,2.83,84.1,0.81,40.7,13.1,1.24,34.6,2.7,0.35,141.5,4.01,2.14
49.6,20.6,109,75,85,70,39,6.37,7.52,17.4,4.95,3.99,6.62,4.25,2.17,0.77,2.15,1.39,5.0,4.41,0.68,2.13,3.53,5.5,0.29,7.79,11.9,141.8,33.8,34.4,41.5,81.2,51.4,11.2,2.7,75.1,6.29,296,79.5,1.23,9.26,5.13,149,204,4.31,2.82,84.1,0.86,37.4,13.2,1.13,32.5,2.29,0.39,142.2,3.7,2.29
46.3,19.1,124,70,88,65,49,6.85,7.77,21.3,6.92,5.31,5.41,3.24,1.05,0.6,2.31,1.43,19.9,4.43,1.09,2.62,4.37,1.55,0.99,10.03,11.0,204.8,29.8,35.5,35.0,53.4,41.3,16.9,7.0,78.5,3.36,320,80.8,1.09,7.81,4.08,110,204,3.8,2.22,87.0,0.88,25.2,13.2,1.19,33.5,3.23,0.27,141.6,4.14,2.34
52.2,25.2,115,73,86,85,42,6.72,7.49,19.8,6.07,3.95,7.31,4.07,1.25,0.44,1.91,1.34,31.6,6.0,1.6,1.03,4.6,3.72,1.12,8.44,6.2,152.9,27.7,27.0,59.0,76.8,43.9,6.6,2.7,73.9,7.55,274,81.6,1.07,6.53,3.91,106,230,3.72,1.55,83.5,0.87,31.5,12.0,1.01,28.0,3.42,0.19,138.8,4.19,2.29
79.2,28.1,147,94,111,72,51,8.5,8.39,26.8,10.05,5.22,5.18,3.09,1.61,0.83,3.41,1.27,31.2,3.51,0.56,1.46,4.45,2.2,0.11,5.69,20.4,189.2,30.4,44.4,31.8,80.1,45.3,5.3,2.1,89.6,7.71,331,56.4,1.17,6.81,3.82,119,152,3.49,2.72,92.0,0.96,37.4,13.1,1.16,31.7,2.81,0.43,137.8,4.83,2.37
59.7,29.0,138,74,93,76,68,7.71,8.35,38.2,12.0,6.0,4.85,2.4,1.68,0.63,3.1,1.01,19.5,3.18,3.32,1.63,4.78,2.71,0.56,5.84,18.9,168.1,18.4,25.6,42.1,58.2,45.0,8.3,2.9,48.9,6.59,307,83.7,0.89,8.27,4.92,118,185,3.59,3.04,85.6,0.95,40.7,12.4,1.1,34.8,3.02,0.55,141.2,4.38,2.19
48.5,26.9,138,66,91,79,73,6.23,7.63,27.3,7.99,5.48,6.63,2.81,0.78,0.55,2.62,1.0,5.0,5.72,3.99,1.99,4.12,6.04,0.33,10.45,10.5,189.1,17.7,24.6,46.6,77.5,46.3,13.3,3.8,64.8,2.75,323,80.0,1.13,6.87,4.65,99,185,4.64,2.7,94.5,0.92,33.5,11.3,1.06,39.0,2.92,0.67,137.2,4.42,2.3
36.1,29.5,112,78,90,85,27,6.47,7.09,26.3,7.79,5.4,5.16,2.59,0.79,0.53,2.74,1.08,29.5,4.4,1.68,1.81,3.44,5.34,1.12,6.23,14.9,194.8,28.8,35.1,41.7,69.2,47.2,11.9,3.7,78.6,3.98,375,97.1,1.1,7.3,5.03,150,222,3.99,1.97,92.0,0.93,33.9,11.8,1.15,32.7,2.89,0.55,142.6,3.51,2.33
37.3,22.3,132,60,81,69,68,6.35,8.59,24.8,7.54,5.65,7.03,4.17,1.58,0.82,2.04,1.35,26.9,5.42,1.35,2.43,4.0,5.51,0.94,3.53,4.5,186.7,30.2,32.2,31.7,43.4,45.0,8.1,3.1,58.6,6.87,357,87.5,1.34,9.13,4.83,146,201,4.47,2.47,78.5,0.89,35.9,11.6,1.15,30.1,3.29,0.23,138.6,3.5,2.25
51.6,23.4,137,61,89,69,73,6.04,7.42,22.8,6.79,4.64,6.75,3.74,1.84,0.54,2.61,1.33,32.7,4.71,1.4,0.1,3.59,1.9,0.83,8.48,13.1,146.1,31.2,31.1,40.1,72.2,41.4,9.4,2.8,61.1,5.46,299,93.8,0.93,7.36,3.76,133,196,4.11,2.04,80.6,0.89,19.1,12.7,1.11,32.9,2.14,0.35,145.5,3.99,2.36
50.4,20.1,121,80,93,79,44,7.34,8.2,25.9,8.07,4.8,6.73,3.65,2.06,0.65,2.83,1.18,19.2,4.63,0.75,1.57,4.41,2.45,0.77,6.52,12.2,210.6,22.2,30.8,33.4,55.8,45.2,7.4,2.7,71.6,3.66,305,92.6,1.24,9.78,3.92,121,230,5.34,3.36,85.4,0.82,22.8,11.5,1.08,30.3,3.02,0.32,139.1,4.59,2.28
55.3,26.7,121,78,93,89,45,5.86,7.18,25.5,6.25,4.76,6.64,3.31,1.44,0.82,2.56,1.28,5.0,5.17,1.02,1.71,3.8,4.65,1.0,4.48,13.9,130.1,34.3,34.3,39.8,45.4,42.3,8.0,2.1,73.7,6.22,397,81.0,1.15,5.81,3.97,138,205,3.4,1.74,82.7,0.89,37.9,12.0,1.0,35.9,2.84,0.1,142.0,4.79,2.12
30.7,22.0,98,71,82,81,26,6.13,7.46,25.3,6.03,5.53,4.55,1.72,1.61,0.67,1.71,0.83,27.9,3.02,1.39,1.1,3.97,4.73,1.03,8.33,10.2,118.4,37.4,42.4,50.0,67.5,44.0,16.5,6.1,60.6,5.65,404,96.8,1.0,7.22,4.28,136,235,3.8,1.95,85.4,0.89,35.7,11.8,1.06,31.7,2.56,0.34,139.1,3.87,2.36
56.9,26.8,136,75,96,73,60,7.37,8.04,25.2,8.53,5.38,4.63,3.12,1.31,0.78,2.29,1.22,22.7,3.35,0.62,0.1,4.43,2.96,0.58,10.35,13.4,162.0,27.7,30.8,45.6,64.9,47.9,11.0,4.3,96.5,6.88,415,78.3,1.45,7.55,3.96,143,177,4.31,2.41,87.7,0.97,44.7,13.1,1.19,35.5,2.62,0.61,140.8,3.83,2.19
70.3,23.0,133,71,94,60,65,6.5,7.75,33.2,9.77,6.0,7.13,3.84,1.83,0.72,2.36,1.38,40.2,5.45,0.62,1.21,3.57,3.56,0.51,8.11,14.1,219.7,29.0,25.6,45.1,83.9,41.2,16.8,4.6,82.2,6.46,283,58.4,0.97,6.26,3.87,131,182,3.91,1.58,84.5,0.92,39.1,14.6,1.25,33.1,3.55,0.52,141.8,4.2,2.18
77.5,28.4,160,76,104,86,81,6.89,7.94,31.3,9.6,5.73,5.16,2.67,1.99,0.79,2.74,1.09,24.2,3.22,1.11,0.77,4.6,2.89,0.81,4.89,16.4,137.9,27.5,28.8,45.8,69.9,46.9,8.7,3.1,69.6,8.16,403,64.5,1.11,8.57,4.28,126,293,4.05,2.03,88.5,0.98,34.5,13.2,1.25,36.7,2.3,0.41,143.3,4.0,2.17
35.3,22.8,109,68,84,75,43,5.97,7.81,24.6,6.17,5.09,6.67,3.4,1.82,0.54,1.97,1.13,21.2,4.79,1.23,2.63,3.22,6.23,0.75,9.54,16.0,186.9,25.4,31.1,48.4,72.9,45.9,12.7,3.2,51.0,4.08,407,100.1,0.82,8.6,4.5,130,204,4.39,2.63,81.3,0.83,20.8,11.6,1.04,27.7,2.77,0.26,142.7,4.05,2.35
48.4,24.2,117,65,83,71,53,7.06,8.12,25.6,8.01,5.79,6.21,3.92,1.61,0.56,1.89,1.42,27.4,4.6,0.58,1.57,4.2,3.27,1.85,11.15,10.1,158.0,28.5,32.7,53.3,70.9,43.6,12.1,2.7,77.0,6.35,281,112.2,1.06,9.64,4.8,153,142,5.72,2.69,84.7,0.88,36.5,12.1,1.11,32.5,3.47,0.4,142.4,4.24,2.36
47.7,21.7,127,75,93,66,51,5.79,7.68,22.4,5.82,4.53,5.46,3.35,1.21,0.62,2.74,1.31,15.2,4.21,0.8,0.62,3.96,4.03,0.64,14.7,21.3,142.8,39.5,33.5,38.0,77.0,38.7,14.6,4.6,61.0,5.68,378,77.3,0.93,7.49,4.42,128,240,3.84,2.24,86.1,0.96,26.5,12.8,1.27,33.7,2.32,0.56,143.0,4.89,2.24
59.7,28.7,129,76,95,68,54,6.14,7.57,27.5,7.75,5.37,6.47,3.17,1.33,0.76,1.73,1.17,15.2,5.2,1.11,0.1,4.52,4.35,0.99,12.41,11.6,214.5,36.7,30.3,52.8,55.3,49.5,12.6,6.6,100.9,6.24,381,45.4,1.19,4.97,3.93,110,192,2.69,0.5,90.4,0.89,34.2,11.9,1.05,32.3,2.65,0.48,140.0,4.39,2.21
43.4,29.4,125,76,95,74,49,7.64,8.41,28.4,9.72,5.29,6.28,3.92,1.73,0.85,1.97,1.42,21.0,4.56,0.56,1.79,3.19,5.54,1.06,5.03,12.6,124.0,36.3,40.2,31.9,66.7,44.5,14.8,5.8,75.2,5.03,348,83.9,0.9,7.47,4.44,131,238,3.87,1.88,94.0,0.9,37.5,13.0,1.25,33.1,2.83,0.52,142.2,4.61,2.06
78.2,24.1,157,84,110,75,74,7.31,8.06,31.5,10.42,6.0,5.95,3.22,1.5,0.85,1.53,1.16,12.9,4.39,0.3,1.81,3.09,3.14,1.51,10.6,19.1,274.7,23.4,38.3,16.6,66.1,34.9,12.8,5.6,87.8,6.59,358,42.7,1.25,8.47,3.5,132,207,4.45,2.52,85.5,0.88,44.6,13.2,1.32,34.8,2.97,0.58,140.9,3.47,2.12
58.5,27.2,136,81,98,70,51,7.65,8.73,27.4,9.28,5.74,7.15,3.69,1.01,0.8,1.88,1.21,20.2,6.14,0.61,1.13,4.46,5.94,0.42,8.82,12.7,161.3,21.4,29.4,58.9,73.7,46.3,7.8,3.2,77.8,6.16,375,70.4,1.11,6.92,3.5,131,243,3.56,1.47,92.3,0.99,37.5,12.6,1.26,35.5,2.79,0.53,143.1,4.37,2.14
56.5,16.1,129,77,93,79,54,6.53,7.89,13.5,4.27,4.37,6.43,3.42,1.47,0.4,2.42,1.16,46.1,5.01,1.05,1.7,3.79,2.24,1.51,4.63,19.2,173.8,26.2,35.4,31.6,68.7,43.3,13.5,4.9,88.8,5.8,381,64.0,1.17,7.44,4.49,122,218,3.46,1.64,79.4,0.82,26.4,11.6,1.04,34.4,2.47,0.35,141.4,3.74,2.27
77.1,29.3,151,82,105,76,71,9.13,9.0,27.6,11.4,5.73,6.54,3.28,1.43,0.46,3.22,1.24,36.4,5.01,1.91,1.11,3.98,6.35,0.8,9.0,19.1,248.2,39.6,39.9,48.0,60.3,38.9,11.7,4.8,51.5,7.48,393,59.0,1.0,7.06,4.44,114,202,4.11,2.13,90.0,0.95,42.3,13.6,1.16,34.8,3.04,0.5,142.8,4.6,2.19
57.8,19.3,113,76,87,96,38,7.09,7.97,25.4,7.64,5.28,5.05,2.25,0.97,0.47,1.95,1.06,26.6,4.11,1.3,2.11,3.63,1.62,2.1,13.86,13.1,176.5,38.5,42.4,27.0,61.7,46.1,9.6,2.8,61.0,5.28,269,70.9,1.04,7.06,4.25,124,267,4.41,2.4,77.4,0.88,20.2,12.2,1.05,35.1,2.8,0.31,141.7,4.49,2.14
62.8,24.0,140,80,98,65,62,6.09,7.5,25.2,7.25,5.63,6.92,4.12,1.49,0.48,2.32,1.47,41.8,5.28,1.6,2.11,4.58,4.15,1.05,11.72,20.2,221.8,7.4,26.2,23.1,86.1,35.2,12.4,4.7,88.9,8.28,328,81.6,1.18,8.56,4.02,107,130,4.62,2.21,90.2,0.82,19.8,12.8,1.04,29.8,3.1,0.62,142.8,4.2,2.24
49.0,19.9,126,56,75,80,70,6.45,7.74,22.5,6.81,5.15,3.81,2.01,1.65,0.49,1.94,0.96,12.6,2.27,0.61,0.1,4.19,6.44,0.21,5.01,8.4,82.6,44.5,34.0,33.7,44.6,41.9,15.0,6.2,90.7,5.17,349,82.2,1.59,8.68,3.77,122,172,5.25,2.5,78.7,0.87,25.5,12.4,1.18,30.6,3.19,0.41,139.4,3.8,2.25
41.6,22.3,129,76,91,82,56,5.67,7.31,28.1,7.22,5.48,5.82,3.45,2.21,0.68,1.36,1.29,52.0,3.66,0.53,0.13,4.15,4.89,0.72,8.08,9.1,136.9,29.5,34.0,45.7,72.7,43.8,10.0,4.1,55.4,6.32,396,106.4,1.07,5.33,4.85,130,196,2.69,1.5,86.6,0.86,30.4,11.4,1.09,28.6,2.22,0.1,137.7,3.94,2.01
50.7,26.6,135,77,100,72,58,6.28,7.42,25.8,7.29,6.0,6.45,3.66,1.17,0.74,3.3,1.31,17.0,5.44,1.3,2.96,3.32,4.68,1.52,9.58,15.1,179.7,35.6,31.1,37.9,80.0,46.4,10.7,4.7,50.7,6.69,233,89.7,1.2,6.47,4.49,147,157,3.28,1.31,89.4,0.94,35.6,12.4,1.13,33.9,3.25,0.54,143.0,3.98,2.36
84.2,22.5,148,88,107,77,57,5.86,7.73,26.7,7.44,5.49,5.45,3.22,1.67,0.93,2.67,1.15,48.3,3.67,1.18,2.03,4.32,3.15,0.89,2.9,21.1,233.6,12.3,26.8,32.6,75.4,47.9,6.5,2.4,85.0,7.42,324,64.9,1.13,5.84,4.07,133,189,3.42,2.22,82.9,0.95,23.8,12.5,1.02,35.2,2.73,0.78,144.4,4.26,2.28
65.6,24.8,149,71,100,85,81,6.57,8.11,24.8,6.75,5.31,6.75,2.89,1.69,0.77,2.33,1.03,47.3,5.17,2.01,0.34,3.44,3.27,0.85,3.07,16.5,208.3,25.5,36.2,32.5,90.2,41.9,5.9,3.4,83.0,6.55,292,67.9,1.19,9.62,4.14,107,194,5.5,2.81,89.0,0.88,28.8,12.4,1.1,36.7,3.19,0.43,141.1,4.16,2.2
61.3,23.8,132,76,95,79,51,7.07,8.75,27.9,9.14,5.91,5.83,2.86,1.58,0.96,1.73,1.06,5.0,4.34,1.37,0.1,3.63,6.28,1.21,8.57,14.0,199.5,33.5,35.7,52.6,77.4,44.4,10.9,3.7,77.8,5.35,294,91.4,0.97,8.34,4.0,122,258,4.53,2.43,91.7,0.88,32.4,13.0,1.29,33.9,3.04,0.59,142.8,4.47,2.26
46.3,28.3,129,68,88,92,62,6.64,7.58,28.5,8.25,5.91,5.46,3.23,1.03,0.87,2.18,1.09,39.9,4.41,2.22,1.56,3.23,4.7,0.72,8.68,11.4,205.0,19.8,29.1,49.6,69.2,52.4,13.4,6.4,70.3,4.93,395,93.6,1.02,4.64,3.89,122,223,2.89,1.54,93.6,1.02,30.0,12.8,1.22,30.7,3.61,0.42,137.7,4.54,2.22
68.9,27.6,139,87,101,61,51,6.2,7.87,28.2,8.1,6.0,6.96,3.32,1.03,0.91,1.88,1.35,20.0,5.89,0.96,0.41,3.93,5.74,0.73,2.56,20.1,196.6,5.7,25.7,32.8,61.3,42.5,8.6,3.5,55.7,6.58,325,65.9,0.88,7.35,4.21,125,207,3.4,1.58,90.8,0.89,27.4,12.9,1.23,33.8,2.83,0.24,140.1,3.83,2.05
41.7,19.5,124,60,82,73,62,4.67,6.07,24.4,5.11,4.93,4.43,2.58,1.54,0.54,1.8,1.09,15.3,2.78,1.56,1.02,4.67,3.99,0.39,9.29,12.5,71.5,27.4,31.8,44.0,69.0,46.0,15.7,5.2,66.1,5.27,238,99.6,1.39,6.57,4.17,129,214,3.46,2.34,87.9,0.81,16.4,11.8,1.34,27.4,2.69,0.72,141.0,4.21,2.48
39.2,21.3,114,64,84,92,51,7.68,8.67,26.6,8.7,5.8,6.06,2.78,1.5,0.46,2.27,1.11,28.3,4.42,2.83,1.32,4.19,3.45,1.78,11.49,8.0,216.1,25.2,31.7,35.4,72.1,41.0,10.6,2.8,66.9,6.66,330,95.5,0.95,6.02,4.24,124,188,3.79,2.23,76.7,0.93,27.6,11.9,1.11,30.9,2.68,0.39,137.3,4.21,2.35
51.3,28.8,147,81,106,88,64,7.09,7.46,29.7,9.21,6.0,4.41,2.43,1.36,0.71,2.19,1.19,10.5,2.98,1.13,1.27,3.76,5.21,0.23,7.44,9.2,130.4,40.9,39.6,42.1,65.2,49.7,11.4,3.4,65.9,5.17,436,83.8,1.0,8.33,4.97,136,260,5.06,2.55,87.3,0.92,40.4,12.1,0.93,26.7,2.42,0.5,138.0,4.04,2.34
81.5,29.9,172,82,113,82,92,6.86,7.54,29.6,9.33,6.0,6.75,4.35,1.89,0.8,1.66,1.26,30.1,4.73,2.04,2.3,4.11,5.08,0.97,8.34,23.7,202.8,28.7,34.3,43.2,59.2,39.2,10.6,2.9,58.4,6.37,282,64.1,0.79,8.95,3.97,123,258,5.34,2.87,91.1,0.94,38.8,11.8,0.99,34.9,3.18,0.53,141.9,4.37,2.16
80.8,24.9,158,78,102,87,80,7.48,8.37,32.0,10.57,6.0,6.24,3.74,1.28,0.6,3.31,1.33,12.7,5.12,0.78,2.76,4.08,4.38,1.07,9.78,14.4,193.8,26.8,25.9,46.8,53.6,42.3,14.3,4.9,88.8,5.12,378,65.1,1.27,7.98,3.5,135,161,4.9,2.26,93.1,0.99,32.6,13.2,1.22,33.3,2.38,0.57,140.4,4.17,2.3
52.6,23.5,144,82,100,64,61,8.18,8.34,28.0,10.01,5.56,5.27,2.16,0.86,0.52,2.38,1.17,24.8,4.26,1.7,0.94,4.07,1.98,0.86,9.45,14.3,168.2,32.3,27.8,31.7,67.5,44.4,8.7,2.0,83.8,6.71,413,60.0,1.06,6.37,4.06,115,289,3.32,2.26,89.6,0.83,22.3,11.6,1.05,32.3,3.17,0.5,140.4,3.86,2.11
49.9,23.3,111,81,89,86,34,6.86,7.63,24.5,7.28,5.47,5.96,3.62,1.57,0.73,2.35,1.26,38.5,4.41,1.9,0.42,4.14,5.49,0.25,3.15,18.3,120.4,34.9,34.1,46.0,47.2,44.2,11.4,5.0,63.1,6.29,338,83.9,1.12,6.33,3.9,138,198,2.63,1.57,78.7,0.88,34.2,12.5,1.13,30.2,2.77,0.31,140.2,4.03,2.23
38.3,21.0,103,75,87,89,29,3.72,6.16,20.9,3.65,4.78,5.27,3.63,1.62,0.47,1.5,1.42,26.6,3.69,0.61,1.55,3.39,4.44,0.33,5.33,13.0,74.6,19.8,30.5,61.5,58.2,43.6,9.3,3.4,67.2,6.38,413,102.7,0.82,6.85,4.36,135,201,3.64,2.04,81.3,0.83,24.6,11.4,1.02,30.2,2.11,0.65,138.2,3.96,2.35
58.9,19.9,128,82,100,73,48,8.4,8.99,26.5,10.43,5.15,6.42,4.65,1.8,0.37,1.36,1.47,18.6,4.66,1.4,2.57,4.09,3.31,1.12,6.92,11.1,130.6,32.5,33.2,40.3,36.7,43.9,9.9,3.5,69.7,7.29,308,81.4,1.04,6.7,3.64,138,239,4.0,2.02,76.6,0.88,32.7,12.0,1.02,34.7,3.44,0.63,140.7,3.84,2.17
59.9,23.2,134,76,95,100,63,5.07,6.66,25.4,5.08,5.85,6.24,3.62,1.74,0.49,1.89,1.35,29.5,4.54,1.26,0.97,2.97,6.01,0.46,5.52,10.2,204.2,22.4,24.6,38.7,76.0,48.4,11.2,3.0,69.8,7.04,401,66.8,0.84,7.25,4.37,128,243,4.39,2.16,85.3,0.87,39.1,13.1,1.22,29.4,1.5,0.59,141.2,4.03,2.32
67.5,30.3,140,81,100,81,64,7.11,8.03,30.9,10.58,6.0,6.69,3.13,1.74,0.77,2.26,1.28,6.5,5.04,1.67,2.07,4.38,4.77,0.1,12.53,22.9,120.3,30.3,32.4,43.4,80.6,49.4,11.2,3.3,83.1,7.53,416,45.7,1.11,8.1,4.01,136,213,4.19,2.86,96.9,0.88,33.0,12.9,1.28,34.6,2.82,0.53,140.2,3.64,2.25
68.9,25.1,124,76,95,61,50,5.98,7.34,27.2,7.3,5.56,6.28,3.63,1.26,0.55,2.46,1.28,13.4,4.97,1.97,0.68,3.38,4.83,1.07,10.06,11.6,144.9,32.9,26.1,46.4,67.8,41.9,14.8,3.4,84.4,7.33,354,85.0,1.14,5.64,3.92,104,202,2.62,2.57,91.5,0.93,42.3,11.7,1.21,31.4,2.95,0.45,140.4,4.17,2.23
55.6,24.4,143,78,97,82,64,5.97,7.81,27.3,7.42,5.41,5.42,3.62,1.29,0.65,2.52,1.24,17.6,4.14,1.43,1.33,4.74,5.48,0.42,4.78,11.4,184.8,33.9,25.0,25.3,87.5,42.1,11.7,5.4,87.1,7.01,295,76.2,1.13,6.27,4.3,110,269,3.02,1.84,87.9,0.9,29.6,12.3,1.25,28.6,1.92,0.65,140.7,4.45,2.17
64.7,26.2,160,76,104,73,79,7.12,8.4,27.9,8.7,5.83,5.8,3.11,1.84,0.81,2.64,1.18,32.7,3.93,1.09,0.39,2.55,5.33,1.16,7.44,16.4,133.4,30.6,32.1,58.8,82.6,40.3,13.2,3.5,89.4,4.27,320,85.5,1.16,7.31,4.12,129,193,3.75,2.38,87.1,0.86,28.2,13.0,1.1,36.3,3.01,0.63,142.9,4.04,2.26
49.6,30.6,143,74,98,90,69,5.28,6.41,34.7,8.14,6.0,6.28,3.87,0.7,0.9,2.75,1.26,27.3,5.71,1.84,1.41,5.04,4.49,0.77,11.54,11.9,142.5,21.7,37.5,52.5,70.7,52.0,11.6,3.0,69.8,4.36,268,94.3,1.17,8.96,4.25,115,222,3.98,2.37,93.3,0.89,30.0,12.1,1.1,35.8,2.59,0.41,140.8,4.34,2.44
64.4,25.8,149,84,104,83,68,6.78,8.31,31.4,9.52,5.58,5.87,2.89,1.57,0.62,3.11,1.17,29.6,4.51,2.29,1.28,3.06,4.07,0.77,6.24,17.4,180.5,12.9,26.7,31.6,65.1,43.1,14.9,6.3,110.9,5.17,394,58.3,1.65,8.42,4.07,119,286,4.37,2.94,91.1,0.91,40.3,12.6,1.12,31.9,2.77,0.38,137.4,4.02,2.24
51.9,27.5,132,85,99,76,49,7.66,8.08,30.9,10.2,6.0,6.82,3.9,1.72,0.55,2.56,1.33,22.3,4.98,0.77,1.8,3.3,7.04,0.86,10.62,7.1,174.8,27.3,40.7,42.3,61.0,47.2,10.5,4.0,91.4,7.51,383,55.2,1.27,7.07,4.27,119,171,3.91,1.91,99.7,0.85,28.7,12.7,1.2,31.2,3.36,0.23,138.7,3.71,2.3
63.5,23.8,128,81,95,90,36,6.0,7.6,30.0,7.76,6.0,5.96,2.28,1.99,0.59,2.6,1.18,13.7,3.77,1.12,2.72,4.2,3.2,0.28,12.24,13.9,131.7,34.7,31.1,35.7,73.1,45.0,10.8,3.9,68.8,5.29,347,70.8,0.95,7.81,4.3,122,200,4.25,3.6,81.5,0.9,37.5,12.8,1.16,32.5,2.89,0.53,143.1,4.66,2.29
62.5,24.7,137,91,109,86,48,5.62,6.93,26.5,6.97,4.53,6.22,3.04,1.6,0.79,2.3,1.21,41.0,4.68,0.39,0.96,4.38,5.38,0.4,11.68,17.2,176.6,31.0,31.3,44.0,64.6,49.6,13.8,5.1,77.8,5.53,346,74.0,1.13,7.15,4.26,129,260,3.77,1.48,93.6,0.95,29.9,12.2,1.09,31.1,2.67,0.48,139.9,3.32,2.11
58.8,25.1,155,73,104,73,85,6.57,7.93,29.1,8.04,5.95,4.77,2.62,1.8,0.84,1.21,1.22,14.6,3.07,1.55,0.1,3.86,4.1,0.73,8.67,16.9,186.9,29.5,25.9,41.6,72.5,42.5,10.5,4.4,51.3,5.87,393,87.2,0.87,8.55,4.66,143,242,4.36,3.42,88.6,0.93,38.6,12.7,1.27,31.4,2.78,0.69,141.0,4.1,2.22
67.5,23.8,136,67,90,77,68,6.48,8.76,29.0,8.48,6.0,6.69,3.54,1.11,0.73,2.02,1.06,28.4,5.78,2.42,1.2,4.58,5.11,0.32,11.95,13.3,129.2,26.8,27.8,41.9,74.2,39.2,12.8,4.6,78.2,4.99,360,59.2,1.23,7.99,3.91,121,252,4.11,2.79,89.4,0.87,28.5,12.7,1.16,34.5,3.58,0.71,145.2,3.81,2.2
39.2,22.1,114,76,88,85,41,5.57,7.34,27.4,6.68,5.84,4.95,2.2,1.87,0.82,1.51,0.87,20.6,3.15,0.73,1.5,3.54,5.66,1.19,6.49,6.9,161.7,28.5,23.4,28.7,61.2,50.4,18.4,5.2,89.6,5.92,328,92.5,1.25,8.35,4.5,141,178,4.32,2.06,85.0,0.89,23.1,13.3,1.22,37.1,2.98,0.41,142.0,4.5,2.06
45.2,26.1,136,69,90,78,69,5.54,7.09,30.3,7.17,6.0,4.91,2.5,1.22,0.98,2.21,1.03,29.0,3.83,1.06,1.48,3.78,3.47,0.69,15.54,12.8,130.2,20.1,20.7,34.9,77.7,47.0,8.1,3.4,104.3,3.3,373,84.7,1.15,5.33,5.33,120,240,3.28,2.53,94.3,0.86,44.1,12.3,1.16,31.4,2.48,0.42,136.6,4.06,2.34
54.8,22.2,141,73,96,76,66,6.78,7.8,26.7,8.63,5.37,6.97,3.96,1.31,0.57,1.67,1.42,15.5,5.82,0.87,1.14,3.84,5.02,0.11,8.79,8.1,170.9,32.3,24.7,51.2,62.7,44.9,16.2,6.0,72.8,4.5,424,91.5,1.21,6.17,4.24,134,211,3.39,1.48,85.7,0.89,31.9,12.7,1.21,35.3,2.63,0.31,144.0,4.82,2.15
40.7,22.9,111,59,75,81,56,6.62,7.22,31.2,8.88,5.76,6.04,3.29,1.76,0.88,2.38,1.2,34.7,4.43,0.69,2.45,3.69,4.23,0.55,11.5,16.4,183.2,33.2,31.5,35.0,64.3,49.3,10.2,4.5,73.9,5.61,369,89.6,1.21,7.18,4.39,154,321,5.53,2.03,82.6,0.87,38.5,12.5,1.19,32.9,2.34,0.57,141.1,4.06,2.34
53.1,26.5,128,70,89,71,54,5.83,7.99,26.3,6.48,4.73,6.67,3.69,1.22,0.69,2.63,1.18,39.2,5.53,1.22,1.44,2.86,3.14,0.9,7.01,13.8,158.5,25.4,26.5,14.5,53.6,45.2,15.3,4.3,80.5,4.44,341,85.8,1.32,7.72,3.76,136,256,4.08,1.8,91.0,0.87,27.0,12.4,1.25,28.5,2.66,0.47,141.8,3.81,2.17
53.5,21.9,123,64,85,61,59,5.58,7.42,23.8,5.84,5.5,5.98,3.58,1.52,0.79,2.54,1.25,34.6,4.33,0.61,1.17,4.0,5.98,0.6,9.55,10.4,200.9,29.5,27.1,37.6,62.1,48.4,13.5,4.2,97.6,7.68,352,80.6,1.22,9.98,3.98,141,222,5.71,2.94,88.6,0.91,30.5,12.1,1.0,32.6,3.46,0.56,141.7,3.49,2.45
73.7,30.1,147,81,102,81,66,7.49,7.83,30.7,10.0,6.0,6.34,3.35,1.43,0.91,3.26,1.17,25.6,4.91,1.22,0.74,3.96,5.58,1.05,9.73,12.1,213.7,16.3,31.0,65.5,93.3,42.8,12.6,4.7,67.3,6.68,378,76.3,1.07,5.37,4.02,111,225,2.8,1.59,93.1,0.85,34.6,13.3,1.23,33.3,2.77,0.76,143.3,4.4,2.17
59.7,25.4,146,75,98,63,68,5.95,7.07,26.0,6.88,5.87,5.7,3.68,1.93,0.41,1.27,1.11,17.8,3.8,0.65,0.1,4.66,3.56,1.11,5.27,11.6,205.7,29.1,23.1,49.5,55.2,45.9,11.0,3.1,107.2,7.82,350,62.6,1.22,7.19,4.42,133,222,3.79,2.49,79.6,0.85,28.2,13.0,1.17,36.6,2.28,0.42,141.0,3.74,2.42
70.4,25.9,134,82,99,70,53,7.13,8.07,21.9,6.99,4.5,6.74,3.31,1.71,0.57,1.65,1.34,57.4,5.01,1.78,1.61,3.26,6.12,2.07,5.27,9.7,196.9,26.9,30.9,35.1,72.3,43.9,10.6,1.8,74.7,6.99,332,38.1,1.09,7.4,4.36,124,243,4.85,3.2,88.1,0.86,44.8,14.2,1.26,37.3,3.03,0.45,138.4,3.92,2.19
61.6,19.4,144,85,104,64,63,7.46,8.6,26.9,8.97,5.85,6.49,4.34,1.33,0.4,3.48,1.43,11.2,5.16,1.16,1.45,3.64,3.02,1.42,7.48,16.5,216.2,34.8,34.4,38.1,60.7,42.0,9.6,3.5,62.5,6.08,329,75.8,1.05,7.58,4.31,129,185,4.67,2.07,81.7,0.85,23.9,13.2,1.26,34.0,2.68,0.89,141.9,4.44,2.22
51.6,23.1,129,79,95,66,53,6.33,7.2,22.3,6.23,4.24,5.6,3.53,1.84,0.39,2.56,1.28,33.2,3.92,0.75,0.42,4.74,4.01,0.1,11.38,9.7,178.5,24.9,33.4,45.6,38.6,43.2,11.3,4.7,69.4,4.56,403,82.6,0.98,9.15,4.61,150,279,4.15,1.64,85.2,0.94,40.4,13.0,1.28,35.6,3.05,0.55,138.3,4.38,2.4
59.6,26.3,158,67,99,83,93,5.82,7.86,28.3,7.11,5.39,7.63,4.05,1.13,0.86,2.25,1.33,27.0,6.43,1.15,1.28,4.2,3.58,0.67,2.6,15.8,103.9,35.1,35.6,25.2,72.7,42.0,11.2,3.8,65.5,7.15,380,67.6,1.07,8.3,3.8,113,167,4.05,2.75,86.9,0.94,25.9,13.1,1.15,32.6,2.74,0.47,144.8,3.89,2.14
66.8,31.2,146,87,103,78,54,7.65,8.29,28.0,9.72,5.75,6.22,3.3,1.75,1.14,2.53,1.2,22.6,4.55,1.17,1.26,4.35,5.5,0.71,7.01,17.4,144.7,27.5,32.5,35.7,60.0,43.4,11.9,4.6,81.9,7.02,353,55.1,1.18,5.47,4.33,108,225,2.94,1.42,99.7,0.94,43.4,12.4,1.26,36.1,3.41,0.73,140.6,3.9,2.22
72.3,28.4,144,84,107,76,56,7.07,7.67,31.7,9.93,6.0,5.17,2.93,1.35,0.73,2.31,1.08,25.8,3.85,2.66,0.92,4.33,3.81,1.19,12.14,20.2,176.0,10.9,23.5,43.2,71.1,40.7,6.3,2.5,59.0,8.98,385,64.6,0.92,9.42,4.08,140,181,4.92,3.55,81.7,0.92,26.3,12.2,0.99,33.9,2.52,0.54,141.3,3.56,2.26
56.4,28.1,139,77,98,69,62,6.76,7.69,27.2,8.02,6.0,4.66,2.8,1.66,0.89,1.34,1.05,16.7,2.91,0.87,0.69,4.29,5.29,0.37,4.37,14.6,163.8,27.3,31.0,58.3,77.5,44.8,11.4,4.0,75.8,7.01,359,78.6,1.27,8.98,4.29,139,224,4.18,2.68,91.3,0.92,40.0,12.0,1.14,35.6,2.36,0.54,139.8,3.43,2.28
38.2,19.0,113,69,85,75,44,6.16,8.28,18.6,5.54,4.2,3.86,2.56,1.19,0.8,1.49,1.06,27.0,2.57,1.15,1.57,5.12,4.69,0.58,11.85,15.5,167.8,26.1,35.7,32.2,66.6,46.1,15.1,5.4,77.5,4.83,350,94.9,1.09,7.14,4.27,137,270,3.98,1.84,81.3,0.92,34.2,12.7,1.08,34.9,3.21,0.32,141.4,4.27,2.28
37.4,22.1,99,71,82,84,26,6.57,7.23,25.2,7.33,4.94,5.06,2.24,0.98,0.67,1.99,1.12,25.7,3.9,0.54,1.07,4.07,3.2,0.2,4.66,16.3,119.0,27.3,30.4,54.4,67.7,45.6,14.2,6.0,86.8,5.71,359,69.9,1.21,4.83,4.04,137,163,1.72,1.04,92.7,0.81,39.8,13.1,1.14,33.7,2.01,0.39,141.7,4.29,2.27
54.1,28.2,130,73,90,80,63,6.86,7.64,27.5,8.71,5.25,5.81,3.37,0.89,0.76,1.95,1.28,54.8,4.98,1.81,0.9,3.43,6.88,0.57,5.4,14.5,248.1,30.4,31.8,35.4,55.0,44.3,11.6,3.3,81.6,6.49,277,62.9,0.98,6.99,3.77,99,216,3.91,2.35,90.9,0.95,27.2,13.0,1.19,30.9,2.79,0.45,139.7,4.14,2.33
29.9,18.9,108,65,78,87,43,5.56,7.66,20.1,5.34,4.24,5.63,2.25,2.05,0.54,1.52,0.88,34.3,3.58,1.35,0.57,4.41,2.52,0.57,7.67,11.0,143.2,20.4,28.5,8.0,71.5,43.8,18.7,7.2,84.1,6.43,218,110.5,1.24,7.23,4.63,134,177,4.34,2.06,82.6,0.84,36.7,12.0,1.06,30.4,3.16,0.25,141.5,4.09,2.31
79.5,30.4,135,94,106,86,42,9.18,9.18,32.6,12.0,6.0,6.5,3.5,1.15,0.89,3.91,1.41,30.2,5.27,2.87,1.34,3.72,2.56,0.76,13.85,15.3,190.5,27.6,32.7,51.2,65.7,40.6,9.6,2.4,73.6,8.5,372,59.8,1.03,8.93,4.2,120,199,5.35,3.27,94.0,0.95,35.7,14.1,1.05,35.9,2.01,0.66,141.7,3.84,2.29
65.2,28.0,139,76,96,77,66,8.01,8.19,32.2,11.67,6.0,6.83,4.34,1.76,0.89,2.3,1.43,30.2,4.89,2.99,2.17,3.99,5.68,0.33,6.32,11.4,152.8,20.0,30.3,46.2,42.5,37.6,10.7,3.1,81.5,6.23,327,71.5,1.27,5.33,4.1,131,160,2.86,1.51,91.2,0.94,40.7,12.5,1.19,35.5,2.92,0.46,141.1,4.48,2.26
50.4,24.9,107,68,82,65,39,7.16,8.47,24.6,7.83,5.63,5.78,2.61,1.41,0.77,2.35,1.04,44.6,4.42,1.19,1.47,4.25,1.0,1.34,2.9,17.9,123.1,11.5,24.2,44.6,75.0,43.6,6.2,3.1,45.9,4.01,270,77.2,0.71,6.14,4.29,135,231,4.13,2.41,94.4,0.93,39.1,11.8,1.14,32.9,2.24,0.55,139.5,3.57,2.31
44.7,22.4,119,72,86,74,55,6.29,8.05,21.8,6.08,4.68,5.52,2.4,1.38,0.71,2.15,1.05,10.6,4.13,1.89,1.13,3.55,6.19,1.11,3.95,14.5,155.4,25.3,26.5,45.5,78.1,41.4,10.1,2.6,69.8,3.26,308,90.2,1.11,8.31,4.07,90,211,4.73,1.94,80.2,0.95,28.6,12.5,1.13,31.5,2.12,0.4,145.5,3.92,2.37
70.3,23.5,143,73,97,77,68,5.98,7.62,25.6,6.74,5.35,5.5,3.11,1.42,0.66,2.33,1.22,21.3,4.01,3.15,1.64,3.76,4.65,0.2,11.05,18.9,185.2,20.8,32.6,40.2,84.8,42.5,16.4,5.5,83.4,5.28,387,63.3,0.91,9.37,4.3,125,245,5.57,2.11,83.2,0.84,25.0,13.7,1.22,34.0,2.47,0.33,143.8,4.08,2.18
44.6,28.7,127,63,79,75,62,7.59,8.05,31.8,10.09,6.0,7.03,4.42,1.82,0.53,2.17,1.41,5.0,5.11,0.52,2.4,4.3,1.77,0.83,3.98,9.4,153.5,38.0,25.1,42.2,90.5,42.3,10.8,5.7,76.2,4.84,374,82.9,1.18,7.44,4.38,129,277,3.72,2.56,94.6,0.96,31.2,11.9,1.05,31.5,2.74,0.52,142.3,4.05,2.37
45.8,25.4,121,71,87,72,46,6.56,7.6,31.7,9.45,6.0,4.48,2.6,1.57,0.84,2.8,1.15,29.0,2.89,0.67,1.68,3.68,2.51,0.1,11.62,18.5,224.5,10.2,27.6,35.1,73.9,38.2,5.9,2.9,52.3,7.16,370,78.3,0.9,8.33,4.2,130,228,5.34,2.31,89.0,0.9,26.0,11.4,0.9,31.6,2.54,0.53,143.2,4.09,2.24
48.8,24.9,126,85,101,81,46,6.0,7.62,23.5,6.34,4.91,5.97,2.52,1.72,0.5,2.32,1.0,32.6,4.29,0.4,1.48,4.59,1.54,1.49,8.24,11.5,155.0,29.8,28.5,36.3,71.0,50.8,14.1,4.3,67.5,7.45,364,78.8,1.09,7.54,4.66,133,261,4.15,2.16,86.2,0.88,45.0,12.5,0.99,37.3,3.25,0.79,141.6,3.91,2.11
59.4,23.9,126,77,93,98,51,6.4,7.18,25.1,7.38,4.99,5.68,2.45,2.01,0.77,1.45,1.17,11.0,3.63,2.03,1.85,3.45,4.82,1.69,8.07,11.1,169.1,43.9,25.2,39.1,79.0,42.5,13.4,4.2,72.4,7.25,309,97.7,1.01,8.44,4.46,133,276,5.43,2.13,86.0,0.97,34.8,13.2,1.26,31.8,2.89,0.52,140.5,4.22,2.2
65.4,26.0,139,81,99,75,56,6.11,8.09,31.1,8.42,5.99,6.67,3.7,1.19,0.83,2.1,1.12,40.5,5.36,0.48,1.16,3.42,2.33,0.79,8.93,12.6,206.2,26.5,25.5,22.8,55.9,47.1,13.8,4.7,71.9,7.81,382,69.8,0.96,7.51,3.53,122,180,4.81,1.82,92.2,0.93,28.0,11.0,1.09,34.5,2.62,0.56,136.0,3.69,2.15
72.3,27.2,145,68,92,78,75,7.97,9.16,35.0,12.0,6.0,6.2,2.94,1.68,0.57,2.3,1.19,15.0,4.52,0.45,1.44,5.15,5.21,0.39,5.63,22.2,172.1,28.6,31.3,29.9,47.2,40.6,10.5,4.7,87.7,5.92,385,72.5,1.15,8.04,4.1,122,271,4.55,2.67,91.8,0.9,26.6,13.5,1.28,34.0,2.29,0.64,139.0,3.98,2.24
70.5,27.7,134,85,96,68,53,7.67,8.24,26.5,8.6,5.14,6.22,3.48,1.82,0.66,2.26,1.27,19.4,4.51,0.67,0.92,3.1,3.97,0.49,8.47,11.3,199.7,32.2,33.2,41.4,61.3,47.4,8.6,2.2,75.8,4.76,352,66.4,1.13,5.98,3.71,135,213,3.49,1.79,87.6,0.95,36.4,12.1,1.13,30.5,2.91,0.71,145.7,4.18,2.18
58.0,27.2,137,79,96,90,59,6.98,8.13,26.6,7.9,5.61,5.79,3.26,1.62,1.06,2.54,1.27,24.3,4.17,0.4,0.1,3.99,3.46,0.59,4.45,10.8,116.2,32.6,36.4,20.4,81.1,39.9,11.1,3.0,75.9,4.87,358,75.3,1.18,8.05,4.28,126,182,4.34,1.99,90.8,0.91,23.7,13.1,1.25,29.7,3.64,0.64,143.5,3.95,2.25
70.2,24.1,144,76,101,85,72,6.8,8.37,27.4,7.55,5.73,7.11,3.72,1.57,0.67,2.46,1.24,42.6,5.55,1.42,1.59,5.14,5.21,0.8,12.16,27.4,128.9,23.8,32.8,19.1,59.1,42.8,12.9,5.1,72.8,4.1,378,62.9,1.12,5.97,3.5,151,227,2.88,2.11,86.3,0.88,40.1,11.7,1.12,33.3,2.56,0.61,141.8,4.06,2.31
49.9,19.6,123,74,89,85,49,5.52,8.04,20.6,5.01,4.52,5.43,3.71,1.58,0.41,2.09,1.37,12.2,3.82,0.47,1.5,3.99,4.95,1.5,4.96,16.3,166.0,16.7,17.1,31.8,70.6,40.7,10.6,2.4,85.8,4.52,312,96.3,1.07,7.89,4.38,126,222,4.64,2.84,83.4,0.84,32.1,11.6,0.99,27.6,2.58,0.45,137.8,4.09,2.4
36.1,22.6,141,71,93,92,71,4.33,7.29,22.1,4.02,4.48,6.97,4.07,1.39,0.77,2.01,1.32,25.3,5.5,0.3,1.01,4.81,5.45,1.29,9.34,7.6,140.4,31.5,32.4,38.6,70.5,52.9,12.7,3.7,82.3,4.66,391,98.4,1.38,6.21,4.72,135,176,3.69,1.82,83.6,0.9,33.4,12.6,1.16,36.4,2.38,0.51,142.0,3.51,2.31
49.9,18.8,123,65,80,75,59,4.87,6.24,22.2,4.53,4.87,5.59,3.56,1.28,0.46,1.78,1.13,31.8,4.22,0.86,2.06,4.41,3.07,1.32,4.96,8.3,129.7,9.1,25.9,29.9,67.9,43.2,8.8,3.0,69.4,5.89,354,78.3,1.1,7.49,4.26,145,181,3.31,2.65,75.8,0.84,20.4,13.2,1.18,31.6,3.3,0.45,140.4,3.56,2.36
48.3,22.8,122,76,88,77,45,5.7,7.22,29.6,7.6,5.74,5.61,3.45,1.17,0.37,0.91,1.08,29.2,4.28,0.95,0.7,4.01,3.95,0.92,6.48,5.7,165.9,33.1,32.1,16.5,49.5,46.6,12.9,4.5,106.4,6.16,360,76.1,1.28,5.87,3.85,124,291,3.19,1.36,87.8,0.89,27.9,12.5,1.11,31.3,3.2,0.26,142.4,4.03,2.24
50.4,22.5,122,83,98,93,39,5.6,7.5,20.8,5.04,4.63,5.49,2.96,1.56,0.73,2.35,1.16,29.8,4.05,0.31,0.1,3.93,3.06,0.24,6.9,13.0,169.5,23.1,30.5,53.7,69.2,45.3,11.1,2.8,63.7,4.83,399,97.7,1.06,6.42,5.08,136,236,3.96,2.16,87.0,0.92,26.6,13.9,1.36,35.6,2.63,0.23,138.8,3.89,2.09
46.5,25.1,115,72,88,85,39,6.67,7.64,31.5,8.91,6.0,6.15,3.31,1.33,0.56,2.41,1.09,31.5,4.87,0.63,0.72,2.74,4.19,0.44,16.99,15.0,130.4,27.6,20.6,26.2,59.6,44.2,9.3,3.5,83.5,6.38,303,57.7,1.2,7.4,4.8,128,286,4.8,2.29,93.2,0.9,28.1,11.8,1.2,32.0,2.58,0.39,139.9,3.87,2.14
52.5,30.2,139,72,91,63,68,7.62,9.02,29.8,10.84,5.46,5.63,2.98,1.42,0.85,1.98,1.28,16.0,4.21,1.09,0.12,3.83,2.91,0.87,8.04,19.2,143.9,25.9,26.9,35.1,85.7,45.3,11.7,4.5,61.3,4.91,338,88.9,0.97,8.01,4.06,122,207,4.77,2.09,88.0,1.01,28.1,11.9,0.9,34.3,2.46,0.49,142.8,4.25,2.23
65.4,20.0,129,76,93,81,55,6.31,8.31,23.9,6.7,5.96,5.8,3.46,1.85,0.48,2.07,1.31,43.5,3.98,0.85,1.51,4.16,3.7,0.23,5.6,7.4,183.1,36.5,37.8,26.7,80.2,46.8,10.7,3.2,86.9,6.5,316,75.6,1.16,8.66,4.04,142,185,4.01,3.42,81.7,0.87,36.8,12.6,1.13,31.8,2.71,0.91,145.2,3.73,2.3
78.6,34.3,146,93,111,74,56,8.94,8.64,39.9,12.0,6.0,6.74,3.45,0.9,0.99,3.09,1.42,22.6,5.88,1.31,0.81,4.17,3.98,1.0,6.77,11.7,145.3,34.1,34.5,60.4,63.2,43.7,13.6,6.1,88.5,5.7,394,51.9,1.33,6.26,3.5,123,143,2.91,1.97,96.8,1.01,30.9,12.9,1.14,34.0,3.25,0.59,140.3,3.3,2.17
37.3,21.8,112,61,76,88,52,5.36,7.12,25.0,5.76,5.42,5.63,3.78,1.34,0.66,2.49,1.44,18.9,4.22,1.68,2.09,5.51,4.24,1.27,3.62,10.5,129.9,23.3,38.8,41.9,84.9,45.4,13.8,5.1,56.9,6.37,380,100.3,1.16,5.03,4.62,120,270,2.59,1.27,82.4,0.92,36.3,12.4,1.22,34.3,2.87,0.41,138.7,4.58,2.39
42.5,24.1,112,76,84,84,35,6.17,7.29,25.3,6.89,4.99,5.87,2.93,1.35,0.29,2.34,1.12,38.3,4.49,3.31,2.18,4.23,3.95,1.2,7.78,23.2,183.7,24.3,22.6,34.6,68.4,46.0,12.7,3.6,68.8,5.41,305,97.2,0.81,5.85,3.83,129,245,3.91,1.76,80.4,0.96,26.9,11.9,0.97,30.0,3.41,0.39,142.9,4.43,2.45
48.5,19.6,106,68,80,65,43,6.0,7.42,24.6,6.51,5.65,5.72,3.23,1.48,0.65,2.04,1.11,14.9,4.2,0.73,0.49,4.39,4.75,1.08,13.61,16.0,159.7,23.6,34.7,31.0,44.8,49.8,6.3,3.5,95.0,6.7,479,69.9,1.41,5.73,4.58,124,209,2.85,1.37,77.3,0.95,28.0,12.8,0.93,33.7,2.53,0.54,138.5,4.37,2.16
67.2,29.1,137,83,102,81,56,8.04,8.43,30.1,11.16,5.97,6.33,3.39,1.25,0.74,2.94,1.04,27.2,5.32,0.58,0.67,4.71,4.2,0.1,9.05,16.7,156.1,48.7,35.2,49.0,65.8,41.3,9.5,2.9,67.5,4.9,330,81.2,1.04,9.25,4.54,145,185,5.62,2.31,93.0,0.85,45.0,13.2,1.26,27.3,1.89,0.58,139.0,3.73,2.43
55.5,24.8,140,73,96,81,72,6.68,8.22,28.4,8.41,5.6,7.08,3.71,1.91,0.91,2.01,1.24,14.1,5.26,0.91,1.72,4.34,3.27,1.5,10.78,8.6,130.6,16.9,31.3,25.8,85.2,37.9,8.9,3.3,79.0,6.22,366,82.7,1.16,8.76,4.22,144,267,4.51,2.45,85.3,0.91,30.2,13.6,1.31,35.9,3.87,0.39,141.6,4.02,2.08
49.3,23.7,128,70,91,83,62,6.49,7.39,25.3,7.86,5.07,6.0,4.17,1.17,0.73,2.3,1.51,52.7,4.85,1.09,2.08,3.97,4.31,0.1,5.36,4.1,121.6,35.5,30.7,45.2,55.1,40.7,9.4,2.9,76.4,6.42,348,83.7,1.27,5.84,3.88,158,218,3.48,1.6,82.8,0.89,38.0,12.2,0.97,31.1,2.92,0.31,145.2,3.67,2.44
66.6,20.2,152,89,107,82,63,5.12,6.01,25.3,5.62,5.18,7.79,4.11,2.3,0.72,1.51,1.25,51.0,5.63,1.04,0.1,3.97,2.99,0.77,7.47,15.4,170.6,29.6,29.5,32.5,65.8,39.6,9.9,3.9,77.5,3.99,341,72.3,0.8,9.44,4.63,134,210,4.72,2.51,87.9,0.88,36.5,13.0,1.17,33.1,3.14,0.48,139.6,4.03,2.21
69.5,26.6,149,72,98,90,79,6.29,7.01,24.0,6.83,5.26,6.18,3.27,1.46,0.62,2.75,1.21,22.2,4.84,1.81,1.58,3.83,5.3,1.18,8.76,15.4,261.1,40.6,37.8,49.3,50.6,39.7,14.8,4.8,57.4,7.75,313,80.0,1.06,9.02,4.11,114,191,4.86,3.21,98.7,0.89,37.1,13.3,1.33,33.2,2.54,0.44,140.7,3.98,2.19
57.8,27.5,139,82,100,83,60,7.73,7.95,26.3,9.33,5.51,6.78,3.46,1.65,0.63,1.57,1.16,29.1,5.0,4.28,0.1,4.35,3.86,1.15,6.17,13.5,199.6,33.8,30.1,48.1,51.4,40.6,13.8,4.5,84.5,4.66,404,100.0,1.33,5.41,4.26,127,205,2.41,1.32,90.0,0.89,34.0,12.7,1.06,30.5,2.38,0.5,141.4,3.71,2.23
48.2,23.1,144,86,105,80,55,4.65,6.56,20.6,4.62,4.58,5.03,2.78,1.9,0.66,2.3,1.15,22.5,3.11,0.34,0.81,3.9,4.28,0.17,9.23,10.8,106.1,26.6,33.2,33.2,54.8,44.1,10.1,3.4,72.3,5.9,310,93.1,1.0,5.74,3.95,124,248,3.88,1.35,79.4,0.84,38.2,12.3,1.13,29.8,2.87,0.47,140.0,4.21,2.17
61.2,28.9,136,85,102,89,48,8.11,8.63,30.4,11.34,5.77,7.27,3.96,1.71,0.72,2.47,1.44,18.9,5.56,0.89,2.21,4.39,4.58,0.29,9.92,11.4,199.5,37.6,33.5,24.3,51.4,43.8,13.7,4.4,88.7,8.48,296,81.4,1.04,5.28,4.26,160,163,2.56,1.11,93.3,0.93,37.5,11.5,1.08,34.4,2.03,0.44,137.7,3.94,2.38
55.2,28.0,133,68,89,98,61,7.25,7.69,25.0,7.97,4.94,5.45,2.55,2.04,0.96,2.83,0.98,24.2,3.47,2.82,3.83,3.45,6.59,1.06,9.85,9.9,140.9,30.8,33.4,40.5,58.1,44.2,12.5,5.2,76.5,7.12,313,82.5,1.31,7.14,4.17,148,226,3.15,1.63,82.5,0.96,37.6,12.7,1.04,34.2,2.78,0.72,142.7,4.56,2.17
55.1,22.7,130,67,82,86,63,5.82,6.93,22.8,5.9,4.74,6.05,3.16,1.12,0.63,1.6,1.04,22.3,4.91,0.73,1.07,4.1,4.7,1.08,7.61,19.0,165.7,32.4,17.6,25.6,86.4,41.4,11.5,3.0,75.0,4.17,402,99.9,0.89,7.16,3.72,127,261,3.12,2.56,79.6,0.87,19.4,13.0,1.13,30.5,3.23,0.66,141.5,4.08,2.18
51.9,29.0,146,72,99,82,73,6.19,7.22,26.7,6.62,5.7,5.81,3.44,1.27,0.6,2.32,1.35,5.0,4.52,1.77,0.38,4.97,4.2,0.32,11.41,9.6,142.4,40.9,34.2,46.4,64.8,46.7,15.5,5.4,77.1,5.63,411,68.4,1.17,7.14,4.82,136,221,3.89,2.25,93.6,0.91,28.9,12.5,1.0,33.9,3.03,0.44,141.8,3.28,2.11
69.1,26.4,142,82,103,82,55,8.51,8.31,33.1,12.0,6.0,6.48,3.98,1.32,0.6,2.44,1.4,26.6,5.12,1.82,0.94,3.9,3.4,1.07,7.37,14.6,260.7,29.0,37.6,39.1,76.3,44.0,9.5,3.4,66.2,7.91,269,54.1,1.15,5.04,4.81,123,258,2.54,1.79,83.5,0.88,41.5,12.4,1.12,34.8,2.96,0.42,141.1,3.52,2.14
61.0,25.5,129,80,93,81,49,7.89,8.22,24.8,9.01,5.53,5.76,3.18,0.88,0.85,2.52,1.18,22.5,4.98,2.37,1.43,5.15,5.49,0.14,7.14,14.5,129.4,24.3,33.0,34.3,79.2,47.7,11.4,3.9,94.4,5.4,393,73.8,1.3,5.63,4.6,108,273,3.42,2.1,86.8,0.86,30.8,11.7,1.0,32.1,3.57,0.52,144.2,4.64,2.16
70.4,26.7,149,73,99,78,75,6.95,7.74,24.6,7.88,5.19,5.53,3.07,1.17,0.71,1.74,1.28,27.3,4.22,4.0,0.93,4.18,4.12,1.27,12.64,19.2,198.9,23.2,34.1,27.7,53.7,44.7,8.0,3.6,73.9,6.12,275,75.5,1.16,7.92,4.44,92,251,4.24,2.24,83.5,0.9,31.5,13.2,1.21,30.3,3.07,0.57,140.4,3.94,2.13
74.0,27.1,137,77,96,95,64,7.26,8.4,29.6,9.52,6.0,6.02,3.17,1.92,0.71,2.63,1.09,22.8,4.06,1.62,0.61,4.0,2.24,0.42,4.81,13.0,155.9,32.2,32.7,54.6,57.4,40.9,8.6,1.8,75.2,6.25,354,40.0,1.07,8.31,4.77,119,191,5.15,3.08,90.0,0.93,27.2,13.0,1.23,33.6,2.09,0.58,139.3,4.12,2.18
63.5,17.7,139,70,92,71,74,5.67,6.94,25.9,7.05,5.32,6.75,3.51,1.69,0.71,0.85,1.25,18.9,4.87,0.35,0.85,4.08,3.99,0.85,2.92,18.5,201.2,16.8,32.5,29.5,75.5,46.8,6.8,2.8,92.8,7.15,292,70.6,1.3,4.86,3.75,128,217,2.48,1.21,84.0,0.91,35.8,13.6,1.35,34.1,2.75,0.46,144.6,4.02,2.11
51.9,23.7,132,74,92,89,60,6.54,7.63,25.6,7.31,4.64,6.07,2.97,2.02,0.54,1.77,1.12,33.1,3.95,0.65,1.59,3.83,4.35,0.78,5.45,10.6,174.9,24.0,30.1,62.5,57.6,44.6,8.2,1.9,76.2,3.99,383,81.4,1.02,5.53,3.86,131,238,3.56,1.22,83.6,0.84,30.5,11.7,1.25,32.4,3.59,0.31,136.6,4.47,2.41
70.5,22.4,139,94,110,76,43,6.16,7.36,24.6,6.53,5.11,4.87,2.05,2.08,0.31,1.23,0.98,29.9,2.82,4.32,1.3,2.9,3.31,1.55,9.51,15.8,237.4,18.4,23.2,37.5,75.4,44.5,11.2,3.5,76.1,7.33,366,75.8,1.04,8.85,3.93,119,196,4.39,2.81,84.5,0.88,17.5,12.6,1.16,32.0,2.81,0.6,141.1,3.48,2.19
