{
"type": "FeatureCollection",
"name": "china_provinces",
"crs": { "type": "name", "properties": { "name": "urn:ogc:def:crs:OGC:1.3:CRS84" } },
"features": [
{ "type": "Feature", "properties": { "id": "xinjiang", "name_en": "Xinjiang", "name_cn": "新疆" }, "geometry": { "type": "Polygon", "coordinates": [ [ [ 77.883131958000035, 35.431068420000045 ], [ 77.800346314000137, 35.495405579000121 ], [ 77.383730916000047, 35.47199615500007 ], [ 76.896422160000043, 35.589611715000032 ], [ 76.570757284000138, 35.751255595000131 ], [ 76.537167603000114, 35.902512513000048 ], [ 76.16602746600006, 35.806239319000085 ], [ 76.089959757000031, 35.978115133000088 ], [ 75.899997193000104, 36.063484599000063 ], [ 76.014408814000092, 36.230399475000027 ], [ 75.976581665000083, 36.462633362000119 ], [ 75.849767700000029, 36.64474111 ], [ 75.649779907000038, 36.75403676400002 ], [ 75.431912069000134, 36.722927551000041 ], [ 75.313469686000133, 36.92875478100008 ], [ 75.100149373000079, 36.994125468000036 ], [ 74.872359660000086, 36.907102356000095 ], [ 74.792571248000115, 37.015157776000038 ], [ 74.542353963000039, 37.021669006000124 ], [ 74.382570434000115, 37.126572164000024 ], [ 74.721464477000097, 37.297776185000131 ], [ 74.794018189000099, 37.213931173000063 ], [ 74.892306763000079, 37.231113587000024 ], [ 75.164124797000056, 37.400638123000093 ], [ 74.891893352000068, 37.599204814000032 ], [ 74.965170533000105, 37.767463278000051 ], [ 74.79071089700011, 38.081449280000058 ], [ 74.832878866000044, 38.463648173000095 ], [ 74.313427368000134, 38.66921702100008 ], [ 74.123361450000061, 38.66947540300005 ], [ 74.045536743000127, 38.530414124000046 ], [ 73.932882121000034, 38.529664815000061 ], [ 73.73640832600006, 38.721668600000029 ], [ 73.680804484000134, 38.87297719300004 ], [ 73.829115845000047, 38.960155335000124 ], [ 73.607837362000112, 39.207323710000068 ], [ 73.63264204900014, 39.448342590000053 ], [ 73.838314250000053, 39.475679424000091 ], [ 73.921616659000051, 39.582132874000095 ], [ 73.818573853000089, 39.786048076000029 ], [ 73.957893514000034, 40.021434225000078 ], [ 74.369858033000071, 40.105821839 ], [ 74.705754842000033, 40.331286113000075 ], [ 74.862127726000097, 40.326170146000081 ], [ 74.787403605000122, 40.420738017000062 ], [ 74.835359335000135, 40.511636861000071 ], [ 75.193890422000038, 40.441253561000039 ], [ 75.523792766000099, 40.633179830000088 ], [ 75.666936483000086, 40.450245260000074 ], [ 75.681819296000128, 40.291701966000105 ], [ 76.244162231000132, 40.441201884000023 ], [ 76.330151815000079, 40.348080953000121 ], [ 76.620780071000127, 40.611320699000046 ], [ 76.647858521000103, 40.764851380000053 ], [ 76.860972128000128, 41.01320831300005 ], [ 78.07495487500006, 41.039511617000088 ], [ 78.349460083000054, 41.270401917000029 ], [ 78.359898723000072, 41.377527161000032 ], [ 78.658278442000039, 41.532453105000045 ], [ 79.7475142830001, 41.879744568 ], [ 79.842908977000036, 42.001830139000063 ], [ 80.231205689000035, 42.03368866000001 ], [ 80.268412720000129, 42.237965597000127 ], [ 80.143769165000037, 42.644762472000039 ], [ 80.24825891100005, 42.816199036000043 ], [ 80.548602336000044, 42.878469136000049 ], [ 80.368148234000046, 43.028459982000086 ], [ 80.793445272000099, 43.14946034800009 ], [ 80.642860148000068, 43.326219585 ], [ 80.712726685000064, 43.45887298600006 ], [ 80.338899374000107, 44.121494039000098 ], [ 80.35584924300008, 44.652882793000074 ], [ 80.492275024000037, 44.727968648000072 ], [ 80.24474491400008, 44.815973613000082 ], [ 79.991737101000069, 44.793649394000013 ], [ 79.8582052000001, 44.90372019500002 ], [ 80.103358195000055, 45.032187805000021 ], [ 80.853855022000118, 45.12649729500005 ], [ 81.66522668500005, 45.347982483000024 ], [ 81.950118856000074, 45.144480693000034 ], [ 82.245294638000075, 45.231813863000056 ], [ 82.539746949000062, 45.123655091000089 ], [ 82.63198938000005, 45.41583363900007 ], [ 82.291493368000033, 45.533190817000062 ], [ 82.985507853000058, 46.942510478000074 ], [ 83.021474650000073, 47.205905254000058 ], [ 83.905348348000132, 46.97395558700002 ], [ 84.663544963000106, 46.98385162400011 ], [ 84.75160160300004, 46.9179900110001 ], [ 84.739612671000089, 46.81476633700008 ], [ 85.225836223000101, 47.041574199000095 ], [ 85.498636109000131, 47.051831971000084 ], [ 85.678986857000041, 47.274893290000094 ], [ 85.515379272000075, 47.920280253000058 ], [ 85.718674357000111, 48.358832296000102 ], [ 86.56508264200005, 48.527323303000074 ], [ 86.751996297000062, 48.715425517000099 ], [ 86.789461711000058, 48.839138896000108 ], [ 86.709414917000117, 48.954222311000066 ], [ 86.859483276000049, 49.105324199000037 ], [ 87.400432170000045, 49.071011048000102 ], [ 87.816324097000063, 49.165837301000082 ], [ 87.87259973200014, 48.968019918000024 ], [ 87.737879273000033, 48.869369609000032 ], [ 88.059410034000109, 48.708087464000087 ], [ 87.942828004000035, 48.599489441000074 ], [ 87.983032268000045, 48.552334697000063 ], [ 88.502690471000051, 48.392551168000054 ], [ 88.596224813000049, 48.197679342000114 ], [ 89.04555139200005, 47.9929889940001 ], [ 89.541800171000091, 48.031022848000035 ], [ 89.751296427000113, 47.824317119000071 ], [ 90.04461185800011, 47.879765931000051 ], [ 90.082852417000083, 47.756104228000041 ], [ 90.344800252000027, 47.658642477000043 ], [ 90.468720337000036, 47.308922221000032 ], [ 90.712116334000029, 47.014702454000101 ], [ 90.885129028000051, 46.944732564000091 ], [ 91.047496379000052, 46.566409404000083 ], [ 90.896187785000052, 46.302032776000047 ], [ 91.002434529000027, 46.021843160000017 ], [ 90.710772746000089, 45.752195537000048 ], [ 90.651138143000082, 45.493141581000074 ], [ 90.873243449000029, 45.186183574000083 ], [ 91.056798137000101, 45.217551168000099 ], [ 91.533978312000045, 45.071100159000096 ], [ 92.218897746000039, 45.010121969000025 ], [ 92.847593222000057, 45.039112448000097 ], [ 93.525277955000035, 44.951262513000032 ], [ 93.927423950000048, 44.672933248000035 ], [ 94.181878703000109, 44.660840963000041 ], [ 94.698229614000127, 44.343495992 ], [ 95.036813599000027, 44.254974264000069 ], [ 95.397721802000092, 44.280502422 ], [ 95.318966919000047, 44.017107646000042 ], [ 95.535284465000132, 43.957679748000075 ], [ 95.874385214000085, 43.247102966000014 ], [ 96.33068811000004, 42.889708761000108 ], [ 96.366339900965613, 42.722922619283452 ], [ 96.053393182249522, 42.541072902692292 ], [ 96.044401483441675, 42.0131464711327 ], [ 95.863947381566391, 41.855016588444755 ], [ 95.058260126303765, 41.788560695719525 ], [ 94.580924920648556, 41.585213934775254 ], [ 94.011037224987888, 41.104028835762165 ], [ 93.57747195766467, 40.587962145336689 ], [ 93.286326939436663, 40.46926138030841 ], [ 92.941541783126752, 40.472568671307101 ], [ 92.915341831260491, 40.093315334734882 ], [ 92.764498325936927, 39.86242503478752 ], [ 92.951463657921465, 39.44167552300695 ], [ 92.935960728105101, 39.152855942947383 ], [ 91.294407180247106, 38.745128893183846 ], [ 90.659303827109909, 38.677122707746719 ], [ 90.380922885782525, 38.486178290295811 ], [ 90.159282667960724, 38.445844835071057 ], [ 90.439265577944013, 37.99607900594134 ], [ 90.42262576656583, 37.788546453955689 ], [ 91.081655308445704, 37.483293768992212 ], [ 91.316317987385162, 37.118974921455447 ], [ 91.298748000020169, 37.017637437317831 ], [ 90.826425408605701, 36.923612168966429 ], [ 90.689999628380122, 36.776256821794846 ], [ 90.760279576041569, 36.59060923942485 ], [ 91.006724480850096, 36.503482773910889 ], [ 91.111317580042225, 36.073922431375081 ], [ 90.853400506827882, 36.004727688432069 ], [ 90.622665235612089, 36.111129461855171 ], [ 90.154218377775862, 36.13247182911158 ], [ 90.029574823419352, 36.258846544232597 ], [ 89.946117385009245, 36.080020250334258 ], [ 89.677813348107463, 36.081958115774398 ], [ 88.398253207819266, 36.454829413446646 ], [ 86.47475304611612, 36.223939114398604 ], [ 86.212340121699242, 36.115935370520901 ], [ 85.951219110273655, 35.764070543320884 ], [ 85.728855422040056, 35.766085924026129 ], [ 85.571345656077142, 35.656040961021517 ], [ 85.44256798662326, 35.752055772555821 ], [ 85.149769321996587, 35.749807847853901 ], [ 84.174324986009253, 35.376807358972428 ], [ 83.121779412989497, 35.40442841234136 ], [ 82.971762729965974, 35.490443833815846 ], [ 82.95682824093052, 35.657203681005058 ], [ 82.825415074046418, 35.691775214054871 ], [ 82.41453576021712, 35.685729071939079 ], [ 82.002209507362863, 35.319446520540453 ], [ 81.604197625919653, 35.236919257217949 ], [ 81.073532342343697, 35.389468084884186 ], [ 80.978861117946224, 35.293401598305081 ], [ 80.486022984273291, 35.404247545188014 ], [ 80.274201287559322, 35.527599189251134 ], [ 80.176171096219093, 35.253249010233617 ], [ 80.014165479952908, 35.085920722263495 ], [ 80.037884963120518, 34.989957587572576 ], [ 79.883837517787185, 34.919600125545344 ], [ 79.960008578832799, 34.697391466043314 ], [ 79.793972202055443, 34.431025296380312 ], [ 79.48112308136507, 34.471177883552457 ], [ 78.956939515746001, 34.339960905571331 ], [ 78.664582968000047, 34.526420797000057 ], [ 78.296026652000137, 34.624657695000039 ], [ 78.001160929000093, 35.268907776000091 ], [ 78.044259074000081, 35.491633199 ], [ 77.883131958000035, 35.431068420000045 ] ] ] } },
{ "type": "Feature", "properties": { "id": "xizang", "name_en": "Xizang", "name_cn": "西藏" }, "geometry": { "type": "Polygon", "coordinates": [ [ [ 79.098028227253849, 33.28765466454805 ], [ 78.781371704000094, 33.552785136000082 ], [ 78.730108684000072, 34.079264629000036 ], [ 78.976191854000035, 34.2171631880001 ], [ 78.956939515746001, 34.339960905571331 ], [ 79.037687616090579, 34.384671536562166 ], [ 79.48112308136507, 34.471177883552457 ], [ 79.793972202055443, 34.431025296380312 ], [ 79.960008578832799, 34.697391466043314 ], [ 79.883837517787185, 34.919600125545344 ], [ 80.037884963120518, 34.989957587572576 ], [ 80.014165479952908, 35.085920722263495 ], [ 80.176171096219093, 35.253249010233617 ], [ 80.274201287559322, 35.527599189251134 ], [ 80.486022984273291, 35.404247545188014 ], [ 80.978861117946224, 35.293401598305081 ], [ 81.073532342343697, 35.389468084884186 ], [ 81.604197625919653, 35.236919257217949 ], [ 82.002209507362863, 35.319446520540453 ], [ 82.41453576021712, 35.685729071939079 ], [ 82.825415074046418, 35.691775214054871 ], [ 82.95682824093052, 35.657203681005058 ], [ 82.971762729965974, 35.490443833815846 ], [ 83.121779412989497, 35.40442841234136 ], [ 84.174324986009253, 35.376807358972428 ], [ 85.149769321996587, 35.749807847853901 ], [ 85.44256798662326, 35.752055772555821 ], [ 85.571345656077142, 35.656040961021517 ], [ 85.728855422040056, 35.766085924026129 ], [ 85.951219110273655, 35.764070543320884 ], [ 86.212340121699242, 36.115935370520901 ], [ 86.47475304611612, 36.223939114398604 ], [ 88.276761915729764, 36.44857656485658 ], [ 88.83863976361414, 36.37165619587671 ], [ 89.677813348107463, 36.081958115774398 ], [ 89.435140822291089, 35.987803657113091 ], [ 89.511621941699218, 35.863909409791404 ], [ 89.792638381356198, 35.818046576388383 ], [ 89.690680779594288, 35.519847723893349 ], [ 89.73755130424928, 35.449981187381866 ], [ 89.491623163378222, 35.350400702430477 ], [ 89.454054396792912, 35.22462026651209 ], [ 89.571669956203493, 35.073311672295802 ], [ 89.569189488404106, 34.948048001214261 ], [ 89.77822065625827, 34.930426337005827 ], [ 89.825246209644831, 34.84609040035167 ], [ 89.715847202686234, 34.72506419535631 ], [ 89.84446984160985, 34.357954819859003 ], [ 89.635903761749148, 34.074483750824413 ], [ 89.975107863037408, 33.630557359134798 ], [ 90.160212843947534, 33.56043244110424 ], [ 90.30563032388028, 33.29507396089457 ], [ 90.773818801096752, 33.139114488542816 ], [ 91.127905714577025, 33.254327094519795 ], [ 91.177566766293182, 33.334554755397619 ], [ 91.370733270024346, 33.335717475381159 ], [ 91.542660760185868, 33.080332546809586 ], [ 91.976846145133436, 32.848615424562183 ], [ 92.196109247044092, 32.868640042204163 ], [ 92.221379022024223, 32.744978338879207 ], [ 92.99776574089617, 32.741516018249627 ], [ 93.043964471083427, 32.652322496086299 ], [ 93.195738153293121, 32.667153632334248 ], [ 93.494893020196685, 32.514036362987724 ], [ 93.734154901327599, 32.572456570414374 ], [ 94.110772739570223, 32.478224596487905 ], [ 94.614928012917403, 32.672734687355899 ], [ 94.924366489821637, 32.456029568509734 ], [ 94.968394809672702, 32.319577948963172 ], [ 95.396223993242643, 32.162068183000201 ], [ 95.424335972127381, 32.018304348566801 ], [ 95.354314405985008, 31.954406439805325 ], [ 95.486864455330306, 31.746667182244664 ], [ 96.062074822694854, 31.71377513311586 ], [ 96.193022901585607, 31.53474213274319 ], [ 96.182635939696809, 31.871155706970285 ], [ 96.307434523684265, 31.906192328013503 ], [ 96.464582554441279, 31.760671495293252 ], [ 96.763737421344899, 31.680908922408832 ], [ 96.737692499109528, 31.968850003324974 ], [ 97.254870232675046, 32.075794379107265 ], [ 97.276936070343311, 32.2522952339379 ], [ 97.388505486738779, 32.280768948028481 ], [ 97.360858595847503, 32.500187079570026 ], [ 97.630867955092015, 32.444092312110513 ], [ 97.715720655683697, 32.544189560999428 ], [ 98.205768264094047, 32.355648097881385 ], [ 98.452988316157814, 31.984094549823624 ], [ 98.425651482729677, 31.81340729401137 ], [ 98.884951613026487, 31.354081326192215 ], [ 98.767801140710048, 31.230367946923195 ], [ 98.649100375681769, 31.316693426760196 ], [ 98.603780144637938, 31.16975149253733 ], [ 98.96070926292208, 30.727194526406265 ], [ 98.905363804296087, 30.663813381582258 ], [ 99.056310663306419, 29.915331936020038 ], [ 98.986754185157452, 29.650903631797178 ], [ 99.108813918027863, 29.223772081116635 ], [ 98.980242955048311, 29.193153795111527 ], [ 99.007734816308698, 29.043731391290635 ], [ 98.917094354221035, 28.961488348808246 ], [ 98.911978387192789, 28.822142849412955 ], [ 98.850690139238509, 28.820075791864269 ], [ 98.783045689007281, 29.001589260036326 ], [ 98.646154819888977, 28.964382229556236 ], [ 98.678659296289425, 28.749124049735087 ], [ 98.589207390808383, 28.670291652837477 ], [ 98.644294467915302, 28.44389720319333 ], [ 98.575823195384146, 28.317548326494034 ], [ 98.447562289867733, 28.231713772172839 ], [ 98.299767694023842, 28.354807033817565 ], [ 98.115002276000098, 28.14388835700008 ], [ 97.546221151000111, 28.538465881000079 ], [ 97.447829224000088, 28.297602031000039 ], [ 97.323495728000125, 28.217477723000073 ], [ 97.115549764000036, 28.366564230000066 ], [ 96.96579146400012, 28.330468242000066 ], [ 96.71692392905247, 28.436539447625634 ], [ 96.36964414401973, 28.378115826943503 ], [ 96.301852493734387, 28.420710938634112 ], [ 96.336458754084916, 28.47966681390912 ], [ 96.592584269000042, 28.757884013000094 ], [ 96.457605429000125, 28.994587911000011 ], [ 96.366568291556064, 29.036536563468914 ], [ 96.195322757571716, 28.941105845485463 ], [ 96.174625285000047, 29.108844503000043 ], [ 96.366241496000043, 29.257233379000056 ], [ 96.235293416000047, 29.241213684000016 ], [ 96.074536265326344, 29.369285607240855 ], [ 95.744780721000041, 29.340432435000068 ], [ 95.717164968955558, 29.218283651027733 ], [ 95.564429973000074, 29.245606181000099 ], [ 95.487576837101415, 29.068994487006023 ], [ 95.367406050628475, 29.03649616327051 ], [ 94.776571085000114, 29.16669626900007 ], [ 94.59994104000009, 29.316635437000016 ], [ 94.287505331000034, 29.147937724000073 ], [ 94.347310501145955, 29.024348511501685 ], [ 93.992019491000121, 28.844648743000064 ], [ 93.92778566056765, 28.682751601714951 ], [ 93.446213013000033, 28.671894430000023 ], [ 93.31717003715039, 28.603462550497838 ], [ 93.186285833424506, 28.431995228097378 ], [ 93.207824893813708, 28.340539283245555 ], [ 92.67861128800007, 28.133064270000105 ], [ 92.638923788000056, 28.057487488000092 ], [ 92.736391509177665, 27.985908936518669 ], [ 92.683674286697681, 27.910450219011963 ], [ 92.303853801000059, 27.786160380000055 ], [ 92.239568319000057, 27.865276998000056 ], [ 91.952247355000111, 27.724820455 ], [ 91.29016890500003, 28.091413066000101 ], [ 91.051940552000076, 27.962790426000069 ], [ 90.667467896000119, 28.090327860000016 ], [ 90.475231567000094, 28.072344463000022 ], [ 90.587725533448861, 28.233297804528476 ], [ 90.291470175000086, 28.261351014000084 ], [ 90.22559069428155, 28.358398930786237 ], [ 89.916130013538748, 28.315601177066512 ], [ 89.561488891000124, 28.134640401000055 ], [ 88.978365706058185, 27.530283395071351 ], [ 88.971932994800284, 27.312385231937938 ], [ 88.759780722000073, 27.435070699000065 ], [ 88.853883504000066, 27.843676249000097 ], [ 88.817710002000126, 27.994881490000083 ], [ 88.610487508000119, 28.105830790000127 ], [ 88.115737346000117, 27.947261658000045 ], [ 88.118217814000047, 27.860884501000058 ], [ 87.836684612000056, 27.908323467000073 ], [ 87.726820516000032, 27.807761129000042 ], [ 87.36911625200014, 27.803937073 ], [ 87.363845255000115, 27.855251770000038 ], [ 87.155795939000086, 27.825796204000042 ], [ 86.680062703000033, 28.105727437 ], [ 86.553558797000051, 28.104151306000077 ], [ 86.425297892000117, 27.909925435 ], [ 86.20303755700013, 28.002581279000069 ], [ 86.155960328000106, 28.156525371 ], [ 86.068730509000034, 28.076762797000029 ], [ 86.112862183000118, 27.926797791000084 ], [ 85.980260458000089, 27.885172424000061 ], [ 85.692939494000029, 28.335222473000059 ], [ 85.61180749500005, 28.251144918000094 ], [ 85.087395061000052, 28.304113261000097 ], [ 85.160982300000057, 28.59499989900003 ], [ 85.054942261000065, 28.638692322000011 ], [ 84.811959676000129, 28.541979879000039 ], [ 84.450844768000138, 28.73388031000006 ], [ 84.20672530100012, 28.940663554000068 ], [ 84.231426636000094, 29.025981343000026 ], [ 84.089729858000112, 29.256613261 ], [ 83.914391724000041, 29.28940195700001 ], [ 83.639266398000132, 29.154759013000032 ], [ 83.523717895000118, 29.183594462000073 ], [ 83.173558391000086, 29.62126800500009 ], [ 83.064934530000073, 29.578789978000131 ], [ 82.975896037000098, 29.664030253000092 ], [ 82.836576376000039, 29.65979278600004 ], [ 82.541814005000049, 29.923239238000022 ], [ 82.153827352000121, 30.058166402 ], [ 82.088766724000038, 30.330087789000075 ], [ 81.614015340000037, 30.416904195000072 ], [ 81.509370565000097, 30.328382467000026 ], [ 81.387517538000111, 30.37390940300007 ], [ 81.350052124000115, 30.157230123000105 ], [ 81.216830282000046, 30.008195292000025 ], [ 81.097767782000062, 30.01692860900009 ], [ 80.976018107000073, 30.255208638000042 ], [ 80.596351360000028, 30.45979563500002 ], [ 80.179839315000038, 30.559479472000092 ], [ 80.231412394000074, 30.724947408000062 ], [ 80.157101684000111, 30.793160299000093 ], [ 80.062533814000062, 30.784788717000097 ], [ 79.833503866000058, 30.961522115000051 ], [ 79.577808879000088, 30.938371074000045 ], [ 79.401592245000131, 31.023637187000119 ], [ 79.131397205955679, 31.438433157420082 ], [ 79.070210247728838, 31.461381390199218 ], [ 78.92100839989331, 31.269685496828163 ], [ 78.745094849000054, 31.308115947000104 ], [ 78.699516235000033, 31.510015768000059 ], [ 78.818888794000088, 31.607374166000014 ], [ 78.670887492000077, 31.770516663000038 ], [ 78.744578085000114, 31.964199931000067 ], [ 78.457980591000137, 32.229661764000085 ], [ 78.384806762000039, 32.547549337000063 ], [ 78.736826619000112, 32.629844056000124 ], [ 78.771449829000119, 32.461663106000046 ], [ 78.943428996000137, 32.346372986000105 ], [ 79.07530725100014, 32.370790100000036 ], [ 79.112927694000064, 32.472385967000051 ], [ 79.320466266505036, 32.592267221355257 ], [ 79.443497271693744, 32.534772591800937 ], [ 79.620672915067516, 32.728725134255612 ], [ 79.33358605900014, 32.994292095000063 ], [ 79.456096076572749, 33.250399033888357 ], [ 79.098028227253849, 33.28765466454805 ] ] ] } },
{ "type": "Feature", "properties": { "id": "inner mongol", "name_en": "Inner Mongol", "name_cn": "内蒙古" }, "geometry": { "type": "Polygon", "coordinates": [ [ [ 115.914505656000131, 47.683912252000127 ], [ 115.575714966000078, 47.909738261000072 ], [ 115.514220011000077, 48.131636862000065 ], [ 115.7999906820001, 48.242327779000036 ], [ 115.8004040940001, 48.530372213000092 ], [ 116.028193808000083, 48.767463685000038 ], [ 116.684277792000159, 49.823264873000099 ], [ 117.836868938000123, 49.509020488000019 ], [ 118.644364868000025, 49.954574687000061 ], [ 119.091676066000161, 49.986562398000061 ], [ 119.316210165000086, 50.092654114000098 ], [ 119.356621134000079, 50.340752666000085 ], [ 119.137564738000037, 50.392532451000065 ], [ 119.496664267000028, 50.737059225000067 ], [ 119.517954956000096, 50.904800924000071 ], [ 119.740835409000056, 51.071534932000063 ], [ 119.762177776000044, 51.215040385000052 ], [ 119.915656779000074, 51.330743917000078 ], [ 120.100451701000054, 51.659948629000027 ], [ 120.647601766000093, 51.911018575000057 ], [ 120.779169963000072, 52.117595114000082 ], [ 120.626156047, 52.34680592900007 ], [ 120.72397953300009, 52.542168681000035 ], [ 120.454021851000107, 52.639036154000067 ], [ 120.079367717000139, 52.589969381000046 ], [ 120.032962280000106, 52.76065663700011 ], [ 120.845729207000147, 53.273441875000046 ], [ 121.35763594600013, 53.324058940000086 ], [ 121.637878046034984, 53.220266018062262 ], [ 121.790116815338706, 53.000486152214137 ], [ 121.169121128037546, 52.576610215688902 ], [ 121.831251255341158, 52.2693679884419 ], [ 122.017906528963067, 52.283113919072093 ], [ 122.207662388008771, 52.490181383064339 ], [ 122.501907994358362, 52.285956122077323 ], [ 122.7520219262708, 52.241152655870337 ], [ 122.63254601398728, 52.116095689464487 ], [ 122.761013625078704, 51.826139227843043 ], [ 122.709027134294729, 51.711107489918675 ], [ 122.884365269141767, 51.448126126519469 ], [ 123.088125442135379, 51.31247549085117 ], [ 123.621942987079137, 51.197133694564343 ], [ 123.848595819141678, 51.311596991707802 ], [ 124.369855991860504, 51.280901191336909 ], [ 124.464992304251382, 51.356400457914788 ], [ 124.828070917438822, 51.367588406379809 ], [ 125.127535841805638, 51.615738634430386 ], [ 125.486635370425915, 51.507398993768504 ], [ 126.05626468276887, 50.980273546087233 ], [ 125.754009231340888, 50.754344184436547 ], [ 125.793334996213048, 50.534383450535813 ], [ 125.574743686971487, 50.436353258296208 ], [ 125.43418379074933, 50.200657050582379 ], [ 125.264426710923885, 50.105727443766511 ], [ 125.329435662825517, 50.062267563796979 ], [ 125.186602004378983, 49.951679999332498 ], [ 125.219571567873459, 49.668131415032747 ], [ 125.125210402737821, 49.656581733160408 ], [ 125.267372267615997, 49.43848135033403 ], [ 125.225772739620197, 49.225574448901682 ], [ 125.135649042369323, 49.138913072280445 ], [ 124.87354617721428, 49.178445542727616 ], [ 124.822283155942841, 49.115710353949623 ], [ 124.531603224808919, 48.559310208299451 ], [ 124.520492791608945, 48.128690496768968 ], [ 124.421170689076007, 48.178299872541061 ], [ 124.234050328359899, 48.530836494208813 ], [ 123.577552932022172, 48.054328110853589 ], [ 123.286562941626357, 47.941311754533842 ], [ 123.206826207163658, 47.81382599537335 ], [ 122.565366652648891, 47.5311559111164 ], [ 122.405221389255644, 47.33168488195173 ], [ 122.574048293094165, 47.131128648068625 ], [ 123.072622512319072, 46.795826117881006 ], [ 123.186827427044022, 46.761642158458812 ], [ 123.391156040818601, 46.899876613814627 ], [ 123.489392937733896, 46.817297675447321 ], [ 123.613313022577927, 46.841094672081454 ], [ 123.391311070449547, 46.595218207154517 ], [ 123.01009402911609, 46.602685452571563 ], [ 122.988906692389946, 46.406573391248969 ], [ 123.161661004851453, 46.220073147257892 ], [ 123.09525678896955, 46.120440986362382 ], [ 122.801217889094232, 46.094189358552057 ], [ 122.702825961648728, 45.712326362071906 ], [ 122.414368116795117, 45.947273260952215 ], [ 122.239805129203319, 45.813482978156912 ], [ 122.010775181229633, 45.974868475899427 ], [ 121.795387811098522, 46.015072739915013 ], [ 121.81058068165305, 45.897844754132052 ], [ 121.649505243172371, 45.740955104894169 ], [ 121.939358352006252, 45.68677236625166 ], [ 121.980492792008704, 45.528875027560446 ], [ 122.208902623257359, 45.356818346189698 ], [ 122.218101027640273, 45.22390656253782 ], [ 122.005814243832219, 45.089909573268187 ], [ 122.041781040862247, 44.706677151229542 ], [ 122.278149042144491, 44.43857981990277 ], [ 122.277942335670218, 44.218799954054589 ], [ 123.111379836410265, 44.519040024777325 ], [ 123.121198358417473, 44.39615346870761 ], [ 123.359064975568117, 44.151336370976708 ], [ 123.322271356238048, 44.041859850551646 ], [ 123.526496617225007, 43.686170965717452 ], [ 123.350538364753675, 43.479310208199536 ], [ 123.696253697050452, 43.353478095437708 ], [ 123.620392694367297, 43.086931056822777 ], [ 123.261241489802842, 42.998796901855485 ], [ 123.058979933577007, 42.787621161187587 ], [ 122.763339065045784, 42.732327379405035 ], [ 122.392043899406417, 42.853560289076029 ], [ 122.399588658289872, 42.658326727796236 ], [ 122.045036655916874, 42.720855210999161 ], [ 121.723660922613476, 42.457667141125626 ], [ 121.551785110194601, 42.535491848569905 ], [ 121.38280317582587, 42.506966458535203 ], [ 121.014091831672658, 42.25059967713338 ], [ 120.912599318803473, 42.296565864223226 ], [ 120.495725538802503, 42.144094550023453 ], [ 120.458415154635645, 42.025083727531978 ], [ 120.095646599810721, 41.702106025572618 ], [ 119.800935907266307, 42.128850003524803 ], [ 119.8369543802404, 42.199129951186251 ], [ 119.636449823200678, 42.240083523136036 ], [ 119.51170291605672, 42.394518541197669 ], [ 119.246706171052892, 42.197786363150101 ], [ 119.374243606157506, 42.080429186157971 ], [ 119.298640984993426, 41.777346909732103 ], [ 119.39067671106136, 41.460001938738458 ], [ 119.230996534762198, 41.273398341959876 ], [ 118.808903435844854, 41.382849025761914 ], [ 118.358905063617726, 41.322620144104349 ], [ 118.313636509417279, 41.569555976227321 ], [ 118.151630894050527, 41.75047516519669 ], [ 118.302887811423261, 41.785563463083349 ], [ 118.277152948449725, 42.062445786743638 ], [ 118.124810826358498, 42.029321194517479 ], [ 118.098559197648797, 42.175643012015371 ], [ 117.989315220321146, 42.221609199105217 ], [ 118.024248487677482, 42.382632962541152 ], [ 117.801884800343259, 42.609750881697835 ], [ 117.593628777945696, 42.551589056689579 ], [ 117.529394973299304, 42.620241197273401 ], [ 117.412399529714435, 42.458080553174966 ], [ 117.103426140803663, 42.476115628533421 ], [ 116.887108595585119, 42.395371201919431 ], [ 116.826595493986815, 42.308167222938948 ], [ 116.889434034652936, 42.063375962730447 ], [ 116.797294956696874, 41.986998196109823 ], [ 116.599735956349264, 41.923720404972698 ], [ 116.377527296847234, 42.009684150503119 ], [ 116.05661665243656, 41.798482571413501 ], [ 115.880089960083524, 41.933409735770681 ], [ 115.339761184131248, 41.720838731122512 ], [ 115.341311476843089, 41.615858059202026 ], [ 115.239973992705586, 41.586040757974558 ], [ 114.877153761936484, 41.612447415415886 ], [ 114.931310663056593, 41.847781887024439 ], [ 114.844907667954431, 42.148332017908274 ], [ 114.54993859299168, 42.130064399452465 ], [ 114.231921828429563, 41.826904609560074 ], [ 114.190373977277204, 41.584206244422603 ], [ 113.927961053759532, 41.418350734798537 ], [ 113.987699009001972, 41.169838772441381 ], [ 113.822799513786435, 41.094184475333236 ], [ 114.154097120985284, 40.74257803055167 ], [ 114.028420037854403, 40.642429103919994 ], [ 114.075703972760039, 40.502696030897084 ], [ 113.437345004568215, 40.32477407546321 ], [ 113.086462030198504, 40.404433295560125 ], [ 112.726328972803799, 40.171450100541676 ], [ 112.399217156646387, 40.288342190439721 ], [ 112.279276158168159, 40.228965969503861 ], [ 111.846951125194209, 39.628795885521697 ], [ 111.452970005161546, 39.645254827947952 ], [ 111.342692499059524, 39.444414374124051 ], [ 111.105704380152986, 39.380904038990195 ], [ 111.041005486613869, 39.4229686549794 ], [ 111.136761915729778, 39.573398749152943 ], [ 111.018061150701499, 39.567817695030556 ], [ 110.656326124650889, 39.245976873733696 ], [ 110.513440790260233, 39.371964016126412 ], [ 110.347094354221042, 39.316282659816864 ], [ 110.117599318253895, 39.435345160051099 ], [ 110.174081659341084, 39.279928290058535 ], [ 109.67426720576691, 39.011210842006733 ], [ 109.548900180998487, 38.795255031994088 ], [ 109.403482701065741, 38.754223944779199 ], [ 109.045365025275657, 38.422461248687682 ], [ 108.952244093590025, 38.212241523327634 ], [ 109.03539147273824, 38.075221463000105 ], [ 108.942632277157827, 37.918254299396381 ], [ 108.851526727076759, 37.990239570299934 ], [ 108.790703567115884, 37.941767076089661 ], [ 108.754323358036515, 37.675452582370781 ], [ 108.015453728906436, 37.636772773544635 ], [ 107.928740676341079, 37.785342515744503 ], [ 107.411976353026205, 37.911975613283914 ], [ 107.324178094843148, 38.065945543352143 ], [ 107.162637566570424, 38.138602606924735 ], [ 106.829169549934761, 38.150384832793804 ], [ 106.470121698157811, 38.290686347496944 ], [ 106.981718377600998, 39.014621486692249 ], [ 106.808240594727636, 39.19905467403396 ], [ 106.773772413566007, 39.372997544900727 ], [ 106.302069939775834, 39.289488430546612 ], [ 106.278143751932589, 39.150427151092117 ], [ 106.110402052812447, 39.116734117185729 ], [ 105.841219516767239, 38.571289374205207 ], [ 105.847524042200746, 38.265416572516813 ], [ 105.755643344864438, 38.147801012206912 ], [ 105.826129999000216, 37.999877224254476 ], [ 105.799464960039813, 37.812782701060769 ], [ 105.641645135714384, 37.734854640828985 ], [ 105.246578810963285, 37.725268662818507 ], [ 104.944323357736721, 37.545718899407632 ], [ 104.475204706332079, 37.521430976358431 ], [ 104.248810255788612, 37.3944103051914 ], [ 103.678715854552991, 37.77503306732217 ], [ 103.427154982716218, 37.849576321290158 ], [ 103.387467482638158, 37.999102077898556 ], [ 103.388087600262509, 38.101989853848636 ], [ 103.528957553947919, 38.146612453801652 ], [ 103.439402296578692, 38.413624579510724 ], [ 103.873432651895314, 38.642680365906131 ], [ 104.21682254422501, 39.034723618700014 ], [ 104.060604690354126, 39.427386990017567 ], [ 103.463793573314717, 39.357184556721904 ], [ 102.965374383720814, 39.119369615515325 ], [ 102.393109572149001, 39.237191881400179 ], [ 101.830766636271221, 39.082420966554366 ], [ 102.031219517366765, 38.8791775583976 ], [ 101.831076694633737, 38.689835110501917 ], [ 101.319790073553008, 38.75815135430156 ], [ 101.211321241681901, 39.008342800579783 ], [ 101.052106154275577, 38.999351100872559 ], [ 100.876612989797593, 39.12006724750546 ], [ 100.810208774815067, 39.403874213324286 ], [ 100.506661412194376, 39.418524482418889 ], [ 100.221614211126905, 39.680420641099658 ], [ 99.762004021568316, 39.860202949406585 ], [ 99.430861444000413, 39.87880646374731 ], [ 99.91703331883258, 40.219044093809885 ], [ 100.189781529194192, 40.580081488769679 ], [ 100.190298293131661, 40.70940176058275 ], [ 100.049686720965383, 40.880450750701584 ], [ 99.157441440969706, 40.836319078062957 ], [ 98.825678745777452, 40.72655833589846 ], [ 98.600679559214257, 40.547964585996851 ], [ 98.234448683759695, 40.528172512351546 ], [ 98.320593296443462, 40.891922919107401 ], [ 97.950538365153363, 41.119815986418644 ], [ 97.658979933976752, 41.413441474244621 ], [ 97.846875441048724, 41.619268703887542 ], [ 97.190679733982506, 42.787061492393946 ], [ 99.474475545000132, 42.564198914000073 ], [ 100.016974731000062, 42.676517639000068 ], [ 101.524944702000084, 42.537456360000093 ], [ 101.735371135000037, 42.461156108000054 ], [ 102.034164266000118, 42.184609681000026 ], [ 103.07348067300012, 42.004517314000097 ], [ 103.691427450000106, 41.759235128000043 ], [ 104.500783732000116, 41.870597839000098 ], [ 104.504917847000058, 41.656554057000037 ], [ 104.973829794000039, 41.586144918000016 ], [ 105.200896037000064, 41.743473816000076 ], [ 106.767828818000112, 42.286618958000034 ], [ 108.177355184000078, 42.454308981000011 ], [ 108.7968522540001, 42.398369243 ], [ 109.485130656000081, 42.449296367000031 ], [ 110.406728150000106, 42.7686050410001 ], [ 110.97341190700007, 43.315600078000031 ], [ 111.933353313000111, 43.696636251000044 ], [ 111.838785441000027, 43.938792013000054 ], [ 111.543816366000044, 44.156737366000058 ], [ 111.397055298000112, 44.387369283000041 ], [ 111.738533163000056, 44.96630035400004 ], [ 111.958261352000079, 45.084536031000042 ], [ 112.412807251, 45.066035869000032 ], [ 112.748497356000087, 44.865272930000074 ], [ 113.604775839000069, 44.739699199000071 ], [ 114.089294068000072, 44.961752828 ], [ 114.418886353000062, 45.201479797000033 ], [ 114.533711385000061, 45.385499573000018 ], [ 115.667388957000071, 45.4542809040001 ], [ 116.169890584000086, 45.709097392000061 ], [ 116.251642701000037, 45.803251852000031 ], [ 116.213195435000159, 45.908155009000026 ], [ 116.568315878000078, 46.290870666000032 ], [ 116.81460575400007, 46.38673044800008 ], [ 117.337467895000032, 46.357274882000056 ], [ 117.393795207000039, 46.571370341000048 ], [ 117.568151490000105, 46.603538920000076 ], [ 117.797594849000063, 46.520262350000039 ], [ 118.268987264000145, 46.722937317000017 ], [ 118.720070842000098, 46.67673858700006 ], [ 118.846523072000082, 46.765492859000076 ], [ 119.062375529000121, 46.660951437000065 ], [ 119.680115601000068, 46.591627503000055 ], [ 119.907026815000108, 46.718312276000049 ], [ 119.896433146000049, 46.898585510000046 ], [ 119.699959351000132, 47.159525655000053 ], [ 119.281897013000048, 47.41485890700001 ], [ 119.310112346000096, 47.476095480000069 ], [ 119.133895712000026, 47.527539368000035 ], [ 119.08345951400014, 47.661562195000059 ], [ 118.767406454000081, 47.756155904000039 ], [ 118.472799113000121, 47.989449158000028 ], [ 117.766899049000017, 47.993144023000056 ], [ 117.360825643, 47.650865174000032 ], [ 116.822047160000011, 47.876303609 ], [ 116.243891236000081, 47.862893575000058 ], [ 115.914505656000131, 47.683912252000127 ] ] ] } },
{ "type": "Feature", "properties": { "id": "gansu", "name_en": "Gansu", "name_cn": "甘肃" }, "geometry": { "type": "Polygon", "coordinates": [ [ [ 96.366339900965613, 42.722922619283452 ], [ 97.190679733982506, 42.787061492393946 ], [ 97.846875441048724, 41.619268703887542 ], [ 97.658979933976752, 41.413441474244621 ], [ 97.950538365153363, 41.119815986418644 ], [ 98.320593296443462, 40.891922919107401 ], [ 98.234448683759695, 40.528172512351546 ], [ 98.600679559214257, 40.547964585996851 ], [ 98.825678745777452, 40.72655833589846 ], [ 99.157441440969706, 40.836319078062957 ], [ 99.766654900603157, 40.909854640779031 ], [ 100.06348432843896, 40.869960436025281 ], [ 100.190298293131661, 40.70940176058275 ], [ 100.189781529194192, 40.580081488769679 ], [ 99.91703331883258, 40.219044093809885 ], [ 99.430861444000413, 39.87880646374731 ], [ 99.762004021568316, 39.860202949406585 ], [ 100.221614211126905, 39.680420641099658 ], [ 100.506661412194376, 39.418524482418889 ], [ 100.810208774815067, 39.403874213324286 ], [ 100.876612989797593, 39.12006724750546 ], [ 101.052106154275577, 38.999351100872559 ], [ 101.211321241681901, 39.008342800579783 ], [ 101.319790073553008, 38.75815135430156 ], [ 101.831076694633737, 38.689835110501917 ], [ 102.031219517366765, 38.8791775583976 ], [ 101.830766636271221, 39.082420966554366 ], [ 102.393109572149001, 39.237191881400179 ], [ 102.965374383720814, 39.119369615515325 ], [ 103.463793573314717, 39.357184556721904 ], [ 104.060604690354126, 39.427386990017567 ], [ 104.21682254422501, 39.034723618700014 ], [ 103.873432651895314, 38.642680365906131 ], [ 103.439402296578692, 38.413624579510724 ], [ 103.528957553947919, 38.146612453801652 ], [ 103.388087600262509, 38.101989853848636 ], [ 103.420953810969536, 37.860299180862512 ], [ 103.678715854552991, 37.77503306732217 ], [ 104.248810255788612, 37.3944103051914 ], [ 104.717567172886675, 37.406864326427524 ], [ 104.636435175343024, 37.234936835366625 ], [ 104.855388217991845, 37.218193671200936 ], [ 104.965252312943846, 37.063836168404407 ], [ 105.180174595081439, 36.972136339120709 ], [ 105.320579461672764, 36.796565660276997 ], [ 105.22048221188453, 36.692954413015741 ], [ 105.447961867146432, 36.240010484096558 ], [ 105.320579461672764, 35.923440660358153 ], [ 105.431838819705717, 35.756422430750547 ], [ 105.725567662117896, 35.710068670932401 ], [ 105.693114861661513, 35.647075099736071 ], [ 105.829385614054786, 35.493647772926352 ], [ 106.076760694850122, 35.478945827887628 ], [ 105.897960240272823, 35.40765818897421 ], [ 106.177323032631818, 35.413006699999187 ], [ 106.377775913727419, 35.260664577907903 ], [ 106.490120477378071, 35.40517772117488 ], [ 106.415034621050893, 35.550905260369461 ], [ 106.510894402954307, 35.560930487951623 ], [ 106.437668898600748, 35.713479316517237 ], [ 106.728452183421496, 35.677047431493747 ], [ 106.910921665102705, 35.782364000198413 ], [ 106.843225538927413, 35.882202867568253 ], [ 106.938568556893358, 35.923905748351558 ], [ 106.939808791242683, 36.085833849352639 ], [ 106.824828729262379, 36.209624742088181 ], [ 106.496580030643884, 36.26835500697797 ], [ 106.430847609229716, 36.502320054826669 ], [ 106.496011590762237, 36.700240790380178 ], [ 106.649645624046286, 36.800027980906577 ], [ 106.574818150137503, 36.93133779590255 ], [ 106.644064569024579, 37.181658434289261 ], [ 106.74721072829243, 37.206308092544418 ], [ 106.919293248084898, 37.10941478096737 ], [ 107.243924594644284, 37.098252671823332 ], [ 107.287849562607164, 36.911028958319775 ], [ 107.886521030720928, 36.755379544330481 ], [ 108.041705356716818, 36.597740587158341 ], [ 108.218748813906586, 36.598593247880046 ], [ 108.695877313087465, 36.367005316841869 ], [ 108.674948357880396, 35.999818426978777 ], [ 108.490463494594565, 35.871066595946616 ], [ 108.614900344275441, 35.384507148386149 ], [ 108.503899366862242, 35.274823919688117 ], [ 107.971838820205335, 35.222604884907469 ], [ 107.741671990669772, 35.318361314023377 ], [ 107.672218866207686, 35.220589505101543 ], [ 107.842441034026479, 34.998122464080438 ], [ 107.724515415354119, 34.953163967343187 ], [ 107.210851678362246, 34.891772365702082 ], [ 106.914849073725748, 35.089047146108896 ], [ 106.491205682096506, 35.030110174744721 ], [ 106.543192172880424, 34.820045478116299 ], [ 106.317727899223144, 34.583341580049876 ], [ 106.673623487833652, 34.384671536562166 ], [ 106.678791131705339, 34.260389716512179 ], [ 106.496786737118157, 34.266487535471356 ], [ 106.58742719920582, 34.137451484498399 ], [ 106.423199497558699, 33.925164699791026 ], [ 106.542882115417228, 33.563429673740416 ], [ 106.005653924888691, 33.614951077430248 ], [ 105.840909458404724, 33.505190335265752 ], [ 105.715335728061348, 33.353158271536984 ], [ 105.92467695517729, 33.224096381242987 ], [ 105.891759067626822, 32.985402939993662 ], [ 105.667069940325462, 32.887501938963283 ], [ 105.413338658152497, 32.901893826538867 ], [ 105.437213169152415, 32.746451117225263 ], [ 105.269988233969798, 32.641702989301507 ], [ 105.112685175380477, 32.59434153913071 ], [ 104.645426874150871, 32.657877712686286 ], [ 104.299504836279141, 32.83791840341155 ], [ 104.290719843046304, 32.923107000787411 ], [ 104.415776808552835, 33.034469713406509 ], [ 104.282038201701596, 33.282103175720977 ], [ 104.385804477694421, 33.320085354355626 ], [ 104.174654576347564, 33.490152493442793 ], [ 104.144527215858261, 33.639600734786086 ], [ 103.531282993914999, 33.706315009030448 ], [ 103.541411574284666, 33.817419339231094 ], [ 103.228562452694973, 33.783312893275365 ], [ 103.140557488936906, 34.147270006505551 ], [ 102.91245771695003, 34.299715481384339 ], [ 102.588498163059739, 34.16039582041077 ], [ 102.635161981240401, 34.088513902294721 ], [ 102.171210971908806, 33.941752835225145 ], [ 102.481838007218244, 33.465037747194231 ], [ 101.852780796196726, 33.122087104436275 ], [ 101.824720494155429, 33.248280951504682 ], [ 101.925076124563475, 33.42168122001226 ], [ 101.883993361404464, 33.546324775268147 ], [ 101.795368280022046, 33.605080878579656 ], [ 101.777539911137922, 33.530046699095863 ], [ 101.623130730598689, 33.507154039127556 ], [ 101.508925815873681, 33.704868069106055 ], [ 101.170496860941341, 33.654431871033978 ], [ 101.129465773726452, 33.850647284244758 ], [ 100.947978143076796, 33.929763901982483 ], [ 100.791708612362527, 34.154866441333184 ], [ 100.806488071767035, 34.278063055765415 ], [ 100.935265741220917, 34.386325182061455 ], [ 101.569852330420645, 34.208170680832211 ], [ 101.780382115042528, 34.067507432721811 ], [ 102.153796014174645, 34.285762844279816 ], [ 102.216066114959176, 34.364311021236631 ], [ 102.150282016701681, 34.495078232974038 ], [ 101.755060663219012, 34.70367015215578 ], [ 101.906937697316835, 34.755708319783139 ], [ 101.932414177871976, 34.878982449480418 ], [ 102.374454380065572, 35.173563950815662 ], [ 102.260249465340507, 35.290352687926202 ], [ 102.298128290288332, 35.420628974147803 ], [ 102.534961378664661, 35.535634874549771 ], [ 102.702186313847278, 35.524033514934729 ], [ 102.700325961873602, 35.839466458010634 ], [ 102.976019728927326, 35.833291123786296 ], [ 102.999532504721287, 35.990749212905826 ], [ 102.928425733860479, 36.067824612415905 ], [ 103.040356887260486, 36.216497708302597 ], [ 102.818561638908477, 36.326051743992764 ], [ 102.769727411290944, 36.497565823004322 ], [ 102.598523390641901, 36.672387193014515 ], [ 102.678621861209876, 36.7950412050875 ], [ 102.460133904755878, 36.955651557373471 ], [ 102.550619338111915, 37.163830064505873 ], [ 102.040107863387163, 37.464845283383113 ], [ 101.965590447840839, 37.734854640828985 ], [ 101.7656026547387, 37.524970812253173 ], [ 101.049780715207817, 37.963729560071101 ], [ 100.635749139111454, 38.105400499433472 ], [ 100.530122512044272, 38.27420156485033 ], [ 100.330238071729582, 38.320710354299365 ], [ 100.14079227104645, 38.485842394410952 ], [ 100.083069695609936, 38.394504299433834 ], [ 100.158465611198949, 38.207435615561167 ], [ 99.799882847415461, 38.365720526980738 ], [ 99.081890496649066, 38.968629462080003 ], [ 98.781908807445461, 39.067693183093922 ], [ 98.602229851926097, 38.947597154085372 ], [ 98.324313998592118, 39.023251451193516 ], [ 98.068619011658029, 38.80184377736839 ], [ 97.362563918190233, 39.150427151092117 ], [ 97.013282911577051, 39.192078355032038 ], [ 96.912255486701326, 38.350837713889348 ], [ 96.054788446229793, 38.678828030089505 ], [ 95.313696730819458, 39.181277981093956 ], [ 95.005963576258011, 39.151202298347357 ], [ 94.631051060358118, 39.295379543930778 ], [ 94.149891798867372, 39.324266669171436 ], [ 92.935960728105101, 39.152855942947383 ], [ 92.951463657921465, 39.44167552300695 ], [ 92.764498325936927, 39.86242503478752 ], [ 92.915341831260491, 40.093315334734882 ], [ 92.941541783126752, 40.472568671307101 ], [ 93.286326939436663, 40.46926138030841 ], [ 93.57747195766467, 40.587962145336689 ], [ 94.011037224987888, 41.104028835762165 ], [ 94.580924920648556, 41.585213934775254 ], [ 95.058260126303765, 41.788560695719525 ], [ 95.863947381566391, 41.855016588444755 ], [ 96.044401483441675, 42.0131464711327 ], [ 96.062849969050774, 42.559263006782317 ], [ 96.366339900965613, 42.722922619283452 ] ] ] } },
{ "type": "Feature", "properties": { "id": "yunnan", "name_en": "Yunnan", "name_cn": "云南" }, "geometry": { "type": "Polygon", "coordinates": [ [ [ 101.867921183000078, 22.378841858000058 ], [ 101.713150268000106, 22.491548157000082 ], [ 101.515746298000067, 22.245361634000105 ], [ 101.803842407000047, 21.625916239000091 ], [ 101.736197958000048, 21.570880839000026 ], [ 101.71511397300003, 21.321128642000062 ], [ 101.823737834000042, 21.234467265000134 ], [ 101.755990032000057, 21.143258362000054 ], [ 101.517606649000072, 21.242632141000044 ], [ 101.244341675000044, 21.192867737000128 ], [ 101.082801148000044, 21.766734518000064 ], [ 100.621744018000072, 21.469078268000075 ], [ 100.341967814000043, 21.530366517000019 ], [ 100.162495565000086, 21.436367086000089 ], [ 100.086066122000034, 21.550933737000022 ], [ 100.14280684400012, 21.654906718000078 ], [ 99.950260458000116, 21.721155904000071 ], [ 99.942405640000061, 22.045528869000108 ], [ 99.144469849000075, 22.153532613000053 ], [ 99.357790162000128, 22.495475566000053 ], [ 99.307974080000122, 22.745176087000104 ], [ 99.413394003000064, 22.930746155000023 ], [ 99.538037557000109, 22.92643117300004 ], [ 99.493079061000117, 23.057379252000132 ], [ 99.333812297000122, 23.129622904000044 ], [ 99.216610149000076, 23.057379252000132 ], [ 98.859009237000123, 23.179387309000063 ], [ 98.889601684000127, 23.406789449000073 ], [ 98.780874471000061, 23.532854106000016 ], [ 98.856012004000092, 23.610007020000083 ], [ 98.793173462000027, 23.758473409000104 ], [ 98.663672323000128, 23.796946513000066 ], [ 98.658814738000046, 23.961122539000073 ], [ 98.865727173000039, 24.145684917000025 ], [ 98.585227499000041, 24.075715027000015 ], [ 98.105050090000077, 24.101527405000027 ], [ 97.624665975000028, 23.846710918 ], [ 97.516455526000129, 23.942829081000113 ], [ 97.720060669000077, 24.147441915000101 ], [ 97.647300252000093, 24.432334086000097 ], [ 97.51325158700007, 24.438586935 ], [ 97.532785278000063, 24.723324077000072 ], [ 97.765225871000041, 24.834660950000043 ], [ 97.699596802000087, 25.065008647000113 ], [ 97.80098596300013, 25.237633769000112 ], [ 97.909919881000064, 25.207558085000059 ], [ 98.044898723000131, 25.311944479000104 ], [ 98.140086711000095, 25.611461080000097 ], [ 98.312065877000123, 25.557459208000111 ], [ 98.498101034000058, 25.830724183000072 ], [ 98.690234009000051, 25.865554097000128 ], [ 98.545539999000027, 26.105642803000066 ], [ 98.705530233000104, 26.174940898000088 ], [ 98.642174927000099, 26.25452260400003 ], [ 98.755553019000104, 26.625042623000084 ], [ 98.679278605000093, 27.577335918000031 ], [ 98.410251099000106, 27.68425445600009 ], [ 98.38327600100007, 27.555786845000071 ], [ 98.294702596000093, 27.536614889000063 ], [ 98.10711714700011, 27.973074036000057 ], [ 98.115002276000098, 28.14388835700008 ], [ 98.299767694023842, 28.354807033817565 ], [ 98.447562289867733, 28.231713772172839 ], [ 98.575823195384146, 28.317548326494034 ], [ 98.644294467915302, 28.44389720319333 ], [ 98.589207390808383, 28.670291652837477 ], [ 98.678659296289425, 28.749124049735087 ], [ 98.635302769107454, 28.941386216800424 ], [ 98.778704869234275, 29.003036199960661 ], [ 98.850690139238509, 28.820075791864269 ], [ 98.945619745155057, 28.842012437424046 ], [ 98.990164829842968, 29.201990465187805 ], [ 99.108813918027863, 29.223772081116635 ], [ 99.162557407997951, 28.43816111944011 ], [ 99.386729771361843, 28.13939382616411 ], [ 99.373448927825734, 28.518931383576444 ], [ 99.712808058744884, 28.845810654837805 ], [ 99.845616489609256, 28.603809923489166 ], [ 100.150249057847702, 28.327831936494647 ], [ 100.162031284616035, 28.236261298420175 ], [ 100.028241000921412, 28.169366157022523 ], [ 100.072062616096787, 28.044179999407447 ], [ 100.288070102952872, 27.864371853578177 ], [ 100.320626255297384, 27.733139552947989 ], [ 100.432040642961283, 27.845639146229587 ], [ 100.6609155622034, 27.875094713150474 ], [ 100.977950473935209, 27.373652452498675 ], [ 101.008801303936991, 27.188444118801044 ], [ 101.168016392242691, 27.19601471610622 ], [ 101.152513462426327, 27.027342840999268 ], [ 101.397666456941408, 26.735293484306851 ], [ 101.500399205059239, 26.774800116332301 ], [ 101.412445917245236, 26.569670517780139 ], [ 101.643749628342619, 26.368442491227995 ], [ 101.582358025802193, 26.219045924929446 ], [ 101.763742302765024, 26.176335353793547 ], [ 101.849525181142155, 26.034845282483786 ], [ 102.112558221384745, 26.084428818934839 ], [ 102.568137648633524, 26.378648586862766 ], [ 102.681102329908583, 26.221603908893258 ], [ 102.988473749264074, 26.365186876173368 ], [ 103.057926873726217, 26.557242336764432 ], [ 102.901347283750113, 26.924739284989982 ], [ 102.889461705093595, 27.291486925281333 ], [ 102.95483239130175, 27.420781357773421 ], [ 103.120765415291658, 27.412254746958979 ], [ 103.45170128818387, 27.759985459961001 ], [ 103.564976026922068, 27.983124295449841 ], [ 103.441210971708927, 28.042397161799556 ], [ 103.455111931970066, 28.133941962351685 ], [ 103.57179731719242, 28.243185940578655 ], [ 103.722279087309971, 28.21553904878806 ], [ 103.880305617210411, 28.325739041423617 ], [ 103.795246210144455, 28.531178697438918 ], [ 103.851056756763853, 28.668121243400662 ], [ 104.442958612350026, 28.624532172221961 ], [ 104.249895461406368, 28.520094101761345 ], [ 104.268498976646413, 28.333800564244598 ], [ 104.417327102163995, 28.239310207899734 ], [ 104.443061965137531, 28.110506700024189 ], [ 104.328443638363183, 28.023070177047032 ], [ 104.492102899229394, 27.885895087088556 ], [ 104.887996047179797, 27.895765285939149 ], [ 105.017393833358653, 28.085236925044057 ], [ 105.282390578362481, 28.000745957859635 ], [ 105.228130323555547, 27.855793565020974 ], [ 105.296963332191979, 27.721744899807277 ], [ 105.192886997836638, 27.395020657277485 ], [ 104.515563999079234, 27.318281155450961 ], [ 104.360999789808432, 27.447007148061402 ], [ 104.174344517085729, 27.271513984482795 ], [ 103.93983686687784, 27.399025580266311 ], [ 103.596291944917255, 27.069665839406923 ], [ 103.778296340403756, 26.955874334932616 ], [ 103.71514773957648, 26.815960394756416 ], [ 103.829249302413359, 26.547113756394708 ], [ 104.027066685179364, 26.515384426350181 ], [ 104.123753290282082, 26.643903713385669 ], [ 104.330614047799997, 26.631268825895575 ], [ 104.417172071633729, 26.718162747412862 ], [ 104.676949496821805, 26.381619981077222 ], [ 104.390041944679979, 25.943610541193493 ], [ 104.388491651968138, 25.771528022300345 ], [ 104.298626337135715, 25.754500637294541 ], [ 104.433450148705333, 25.500666002334128 ], [ 104.546104770718557, 25.501286119059102 ], [ 104.565845168419742, 25.381190090050609 ], [ 104.789087355796767, 25.250758775097381 ], [ 104.483059523578106, 24.665781562569066 ], [ 104.569255813105258, 24.44341787433541 ], [ 104.69803348165982, 24.328308621145936 ], [ 104.735447218614183, 24.465664578257645 ], [ 105.093409864773378, 24.426881414845411 ], [ 105.175523716046598, 24.145942491352855 ], [ 105.28290734319927, 24.074060574136183 ], [ 105.296704949773584, 24.129354355918792 ], [ 105.472198114251512, 24.042512112144266 ], [ 105.601595900430425, 24.141524156314745 ], [ 105.872225376399967, 24.024709580782485 ], [ 106.021105177861614, 24.110905870309637 ], [ 106.199647250919838, 23.853686428186109 ], [ 106.133088007205743, 23.807487697998852 ], [ 106.124096306599199, 23.530579535017523 ], [ 106.004878777633451, 23.469963079732338 ], [ 105.843389927103431, 23.516885281230714 ], [ 105.521325358000126, 23.163147762000037 ], [ 105.293655233000038, 23.366275127000065 ], [ 105.200896037000064, 23.254008077000051 ], [ 104.880863892000093, 23.171713359000094 ], [ 104.797923218000051, 23.085568746 ], [ 104.823606405000135, 22.924131572000121 ], [ 104.715344279000135, 22.827083232000049 ], [ 104.553545370000052, 22.836049093 ], [ 104.340173381000113, 22.686368306000119 ], [ 104.23682051600008, 22.742075501000059 ], [ 104.241161337000108, 22.824396057000016 ], [ 104.086855510000078, 22.791555685 ], [ 103.959524780000038, 22.507102763000105 ], [ 103.646934042000055, 22.799048768000134 ], [ 103.503635295000095, 22.581413473000012 ], [ 103.321579224000118, 22.790392965000095 ], [ 103.00893680900009, 22.430311585000041 ], [ 102.467781210000055, 22.768585510000051 ], [ 102.218029012000102, 22.410674540000016 ], [ 101.994993530000102, 22.447416484000101 ], [ 101.867921183000078, 22.378841858000058 ] ] ] } },
{ "type": "Feature", "properties": { "id": "heilongjiang", "name_en": "Heilongjiang", "name_cn": "黑龙江" }, "geometry": { "type": "Polygon", "coordinates": [ [ [ 123.27731205300006, 53.569444479000069 ], [ 123.876551962000065, 53.488674215000017 ], [ 124.870134725000128, 53.107999776000085 ], [ 124.919175660000064, 53.193937683000044 ], [ 125.127431681000132, 53.206546733000053 ], [ 125.621355022000103, 53.062136943000027 ], [ 125.733544556000084, 52.981650900000048 ], [ 125.646469768000145, 52.884886780000059 ], [ 125.837362508000126, 52.906720073000102 ], [ 125.976940552000144, 52.764997458 ], [ 126.088044881000144, 52.775410258000122 ], [ 125.990841512000088, 52.586429545000058 ], [ 126.212326701000109, 52.533047791000072 ], [ 126.200337769000043, 52.467082825000048 ], [ 126.350716187000103, 52.376907451000037 ], [ 126.315731242000084, 52.316213481000048 ], [ 126.43928959200008, 52.275285747000041 ], [ 126.316713095000068, 52.199760641000111 ], [ 126.555974976000073, 52.130643412000026 ], [ 126.43928959200008, 51.997860820000042 ], [ 126.725577027000156, 51.708731182000079 ], [ 126.676897827000118, 51.576594543000098 ], [ 126.909441773000026, 51.39110199 ], [ 126.808982789000083, 51.289066875000074 ], [ 126.972176961000059, 51.324000143000049 ], [ 126.931765992000066, 51.063783468000068 ], [ 127.287351522, 50.751011862000084 ], [ 127.367088258000138, 50.577792460000111 ], [ 127.288953492000019, 50.466016337000028 ], [ 127.35850997, 50.415115051 ], [ 127.330656372000078, 50.328195292 ], [ 127.590640503000088, 50.208719381000023 ], [ 127.486667522000062, 50.025629782000081 ], [ 127.538654012000052, 49.789933574000045 ], [ 127.854655395, 49.584881491000019 ], [ 128.198303670000087, 49.538992819000057 ], [ 128.671866496000064, 49.611443177000055 ], [ 128.801677694000148, 49.565141093000065 ], [ 128.76012984200014, 49.470883281000042 ], [ 129.115353638000158, 49.348771871000068 ], [ 129.340972941000075, 49.341175436000114 ], [ 129.378696737000041, 49.425046286000097 ], [ 129.480602662000024, 49.421273906000081 ], [ 129.551812785000038, 49.29048085600003 ], [ 129.711182902000076, 49.274151103000108 ], [ 129.926466920000053, 49.025690816000079 ], [ 130.201798951000058, 48.882598775000119 ], [ 130.674328248000052, 48.870816549000025 ], [ 130.529737590000082, 48.616258443000035 ], [ 130.626372518000039, 48.482261455000028 ], [ 130.758974243000068, 48.485723775000068 ], [ 130.823983195000096, 48.294159241000031 ], [ 130.674741659000063, 48.063940735000088 ], [ 130.906975546000069, 47.884261780000045 ], [ 130.965679973000135, 47.703936870000049 ], [ 132.524654582000096, 47.707528381000131 ], [ 132.674619589000031, 47.950614319000081 ], [ 132.805877727000109, 47.936196594000066 ], [ 133.091958456000043, 48.106780497000031 ], [ 133.524386841000023, 48.095437521000051 ], [ 133.737913860000049, 48.251086935000032 ], [ 134.386349731554787, 48.381337382714037 ], [ 134.718732544000147, 48.263411764000082 ], [ 134.559362427000053, 48.009525452000091 ], [ 134.772579387000064, 47.710732321000094 ], [ 134.556881959000066, 47.471186219000018 ], [ 134.183571411000059, 47.327499899000074 ], [ 134.227289673000087, 47.117745260000092 ], [ 134.069159790000072, 46.981241964 ], [ 134.014796183000101, 46.665033874000088 ], [ 133.84581425000016, 46.470652975000078 ], [ 133.933870891000083, 46.390761211000054 ], [ 133.863384237000105, 46.339291484000071 ], [ 133.902451620000079, 46.258986308000047 ], [ 133.687374309, 46.141835836000027 ], [ 133.658125448000078, 45.93450999 ], [ 133.477257935000011, 45.820098369 ], [ 133.477257935000011, 45.627707011000027 ], [ 133.179808391000108, 45.493813375000045 ], [ 133.115419556, 45.123034973000117 ], [ 132.921219523000161, 45.027898662000055 ], [ 131.968822876000161, 45.233984274000065 ], [ 131.853067668000051, 45.337595520000022 ], [ 131.433765097000105, 44.96128774000006 ], [ 130.933433879000063, 44.841708476000079 ], [ 131.065828899000053, 44.682028301000074 ], [ 131.264473104000103, 44.054211325000026 ], [ 131.160706828, 43.532770284000023 ], [ 131.252848462686302, 43.469168591257471 ], [ 131.123707309744532, 43.432698065962938 ], [ 131.00299116401095, 43.509024155740178 ], [ 130.849977248351252, 43.438279120085326 ], [ 130.400443964117585, 43.674957179730029 ], [ 130.328768751576604, 44.048319403817402 ], [ 130.103614537181102, 43.845437729967216 ], [ 129.912928502148588, 44.021602688013616 ], [ 129.772006870720475, 43.87907908792954 ], [ 129.284336379120532, 43.800840969335241 ], [ 129.217415399301217, 43.750404771263163 ], [ 129.233383417110986, 43.612118639063908 ], [ 128.992106154375506, 43.536671048430094 ], [ 128.866119012882109, 43.571552638943103 ], [ 128.445937941882448, 44.153946030884583 ], [ 128.370025263255229, 44.498059394525399 ], [ 128.136189405716436, 44.341686510124305 ], [ 128.046169061253181, 44.357912910352525 ], [ 128.039812859875497, 44.113276678875593 ], [ 127.778691847550704, 44.069196682181087 ], [ 127.492817824183135, 44.410907091489037 ], [ 127.555553012961127, 44.577176012263124 ], [ 127.172423943709987, 44.65825633386271 ], [ 127.044989862292255, 44.598234157780155 ], [ 126.97827558804795, 44.826101385770301 ], [ 127.076615838650014, 44.934001776860498 ], [ 126.952695753805983, 45.134196275537647 ], [ 126.559334751397614, 45.246747544763366 ], [ 126.150470819172938, 45.141172594539569 ], [ 125.910382114842719, 45.206646633535286 ], [ 125.70775882431019, 45.349428616037756 ], [ 125.69933556538399, 45.512002672185531 ], [ 125.451392042908424, 45.484872545231781 ], [ 125.37480756981347, 45.398469550129619 ], [ 125.082939081173663, 45.386067205736936 ], [ 125.041649612439642, 45.492934068052762 ], [ 124.915610793203541, 45.532828273705832 ], [ 124.861350539295927, 45.44435822195436 ], [ 124.39559085483404, 45.451489569687851 ], [ 124.013546991200656, 45.768653673528206 ], [ 124.061967807668111, 45.871670640687512 ], [ 123.975151402315305, 45.939831854856209 ], [ 124.038920118968235, 46.034451402410241 ], [ 123.954274123052301, 46.292420152468026 ], [ 123.161661004851453, 46.220073147257892 ], [ 122.988906692389946, 46.406573391248969 ], [ 123.01009402911609, 46.602685452571563 ], [ 123.39725385977772, 46.597827867062392 ], [ 123.60871382038647, 46.774638780255486 ], [ 123.591815626589892, 46.875640366709547 ], [ 123.504275750825173, 46.814326280333546 ], [ 123.379993930775186, 46.898067939583711 ], [ 123.124402296628659, 46.775336412245622 ], [ 122.574048293094165, 47.131128648068625 ], [ 122.405221389255644, 47.33168488195173 ], [ 122.565366652648891, 47.5311559111164 ], [ 123.206826207163658, 47.81382599537335 ], [ 123.286562941626357, 47.941311754533842 ], [ 123.577552932022172, 48.054328110853589 ], [ 124.234050328359899, 48.530836494208813 ], [ 124.421170689076007, 48.178299872541061 ], [ 124.520492791608945, 48.128690496768968 ], [ 124.531603224808919, 48.559310208299451 ], [ 124.822283155942841, 49.115710353949623 ], [ 124.87354617721428, 49.178445542727616 ], [ 125.135649042369323, 49.138913072280445 ], [ 125.225772739620197, 49.225574448901682 ], [ 125.267372267615997, 49.43848135033403 ], [ 125.125210402737821, 49.656581733160408 ], [ 125.219571567873459, 49.668131415032747 ], [ 125.186602004378983, 49.951679999332498 ], [ 125.329435662825517, 50.062267563796979 ], [ 125.264426710923885, 50.105727443766511 ], [ 125.43418379074933, 50.200657050582379 ], [ 125.574743686971487, 50.436353258296208 ], [ 125.793334996213048, 50.534383450535813 ], [ 125.754009231340888, 50.754344184436547 ], [ 126.05626468276887, 50.980273546087233 ], [ 125.486635370425915, 51.507398993768504 ], [ 125.127535841805638, 51.615738634430386 ], [ 124.828070917438822, 51.367588406379809 ], [ 124.464992304251382, 51.356400457914788 ], [ 124.369855991860504, 51.280901191336909 ], [ 123.848595819141678, 51.311596991707802 ], [ 123.621942987079137, 51.197133694564343 ], [ 123.088125442135379, 51.31247549085117 ], [ 122.884365269141767, 51.448126126519469 ], [ 122.709027134294729, 51.711107489918675 ], [ 122.761013625078704, 51.826139227843043 ], [ 122.63254601398728, 52.116095689464487 ], [ 122.7520219262708, 52.241152655870337 ], [ 122.501907994358362, 52.285956122077323 ], [ 122.207662388008771, 52.490181383064339 ], [ 122.017906528963067, 52.283113919072093 ], [ 121.831251255341158, 52.2693679884419 ], [ 121.166899041757347, 52.581286933145407 ], [ 121.79910851414661, 53.018030301157467 ], [ 121.626199172054044, 53.22969696734117 ], [ 121.413274785, 53.317334824000071 ], [ 122.316750529000046, 53.496012269000104 ], [ 122.859663127000147, 53.473946432 ], [ 123.27731205300006, 53.569444479000069 ] ] ] } },
{ "type": "Feature", "properties": { "id": "jilin", "name_en": "Jilin", "name_cn": "吉林" }, "geometry": { "type": "Polygon", "coordinates": [ [ [ 131.252848462686302, 43.469168591257471 ], [ 131.183961223000097, 43.120805766 ], [ 131.078334595, 43.031818950000016 ], [ 131.103035929000043, 42.910431010000039 ], [ 130.407161092000081, 42.735377096000079 ], [ 130.571905559000015, 42.621818136000016 ], [ 130.530771119000065, 42.530480042000093 ], [ 130.501418905000094, 42.610785217000014 ], [ 130.452533, 42.549341940000019 ], [ 130.262673787000097, 42.708608704000099 ], [ 130.239005982000094, 42.902240296000016 ], [ 129.909206991000076, 43.00843536400005 ], [ 129.703328085000123, 42.442371724000068 ], [ 129.535172974000034, 42.369559631000087 ], [ 129.340146118000064, 42.445472311000103 ], [ 129.193901815, 42.318244934000049 ], [ 129.211161743000105, 42.219956360000126 ], [ 128.940067180000028, 42.03536814400006 ], [ 128.034592733000125, 41.993742778000055 ], [ 128.047821900000031, 41.863983256000026 ], [ 128.303000122000071, 41.58340606700007 ], [ 128.146110474000011, 41.376338603000093 ], [ 128.001416463000112, 41.470854798000076 ], [ 127.638337850000141, 41.429875387000052 ], [ 127.134647665000102, 41.522014466000101 ], [ 127.179709513000034, 41.58516306600005 ], [ 126.92980228700003, 41.801041362000021 ], [ 126.78862227400009, 41.695905661000054 ], [ 126.679481649000138, 41.735980733000034 ], [ 126.72795414300009, 41.701254171000087 ], [ 126.567033732000084, 41.614153544000132 ], [ 126.52212691200009, 41.351947327000076 ], [ 126.123753297, 41.07553009100009 ], [ 126.007843059000038, 40.899313457000105 ], [ 125.7040896919857, 40.859194624832071 ], [ 125.576449009314274, 40.912619330317796 ], [ 125.768892042633638, 41.14420726225535 ], [ 125.746361118770551, 41.236811428204817 ], [ 125.563426548196617, 41.410754299071641 ], [ 125.449531691834068, 41.679936835116848 ], [ 125.306284621338136, 41.680376084688533 ], [ 125.291866897139585, 41.95320180941593 ], [ 125.480537550567419, 42.151432604231275 ], [ 125.318583612043994, 42.169364325902905 ], [ 125.092654250393252, 42.582103989907182 ], [ 124.949872267890782, 42.661763210903416 ], [ 124.967907343249294, 42.780929063025837 ], [ 124.86176395134521, 42.854697171537225 ], [ 124.885638462345128, 43.102253119485852 ], [ 124.765697462967523, 43.105586248906263 ], [ 124.480495233168426, 42.851260688429988 ], [ 124.385668980039327, 42.884772854283767 ], [ 124.418173456439831, 43.089256496789858 ], [ 124.268673537353834, 43.234415595203529 ], [ 123.782036573628943, 43.466184394294316 ], [ 123.696253697050452, 43.353478095437708 ], [ 123.36821170490623, 43.45972484012924 ], [ 123.355344273419405, 43.53393219731305 ], [ 123.41864790297825, 43.618268133967206 ], [ 123.49419884729889, 43.589458523092333 ], [ 123.526496617225007, 43.686170965717452 ], [ 123.322271356238048, 44.041859850551646 ], [ 123.359064975568117, 44.151336370976708 ], [ 123.121198358417473, 44.39615346870761 ], [ 123.098822463285956, 44.531494046013393 ], [ 122.277942335670218, 44.218799954054589 ], [ 122.278149042144491, 44.43857981990277 ], [ 122.041781040862247, 44.706677151229542 ], [ 122.005814243832219, 45.089909573268187 ], [ 122.218101027640273, 45.22390656253782 ], [ 122.208902623257359, 45.356818346189698 ], [ 121.980492792008704, 45.528875027560446 ], [ 121.939358352006252, 45.68677236625166 ], [ 121.649505243172371, 45.740955104894169 ], [ 121.81058068165305, 45.897844754132052 ], [ 121.795387811098522, 46.015072739915013 ], [ 122.010775181229633, 45.974868475899427 ], [ 122.239805129203319, 45.813482978156912 ], [ 122.414368116795117, 45.947273260952215 ], [ 122.69631473243885, 45.710750230039082 ], [ 122.772020704591796, 45.78144358974987 ], [ 122.801217889094232, 46.094189358552057 ], [ 123.085955030899868, 46.113412991416396 ], [ 123.226514927122139, 46.26477326157675 ], [ 123.954274123052301, 46.292420152468026 ], [ 124.038920118968235, 46.034451402410241 ], [ 123.975151402315305, 45.939831854856209 ], [ 124.061967807668111, 45.871670640687512 ], [ 124.013546991200656, 45.768653673528206 ], [ 124.376677281231537, 45.457380683072017 ], [ 124.861350539295927, 45.44435822195436 ], [ 124.915610793203541, 45.532828273705832 ], [ 125.041649612439642, 45.492934068052762 ], [ 125.082939081173663, 45.386067205736936 ], [ 125.69933556538399, 45.512002672185531 ], [ 125.70775882431019, 45.349428616037756 ], [ 125.910382114842719, 45.206646633535286 ], [ 126.150470819172938, 45.141172594539569 ], [ 126.559334751397614, 45.246747544763366 ], [ 126.952695753805983, 45.134196275537647 ], [ 127.076615838650014, 44.934001776860498 ], [ 126.97827558804795, 44.826101385770301 ], [ 127.044989862292255, 44.598234157780155 ], [ 127.172423943709987, 44.65825633386271 ], [ 127.555553012961127, 44.577176012263124 ], [ 127.492817824183135, 44.410907091489037 ], [ 127.778691847550704, 44.069196682181087 ], [ 128.039812859875497, 44.113276678875593 ], [ 128.046169061253181, 44.357912910352525 ], [ 128.136189405716436, 44.341686510124305 ], [ 128.370025263255229, 44.498059394525399 ], [ 128.445937941882448, 44.153946030884583 ], [ 128.882862177047741, 43.556153062813564 ], [ 129.223254835841999, 43.605555732111327 ], [ 129.249248082133249, 43.786164862718238 ], [ 129.772006870720475, 43.87907908792954 ], [ 129.912928502148588, 44.021602688013616 ], [ 130.103614537181102, 43.845437729967216 ], [ 130.328768751576604, 44.048319403817402 ], [ 130.400443964117585, 43.674957179730029 ], [ 130.849977248351252, 43.438279120085326 ], [ 131.00299116401095, 43.509024155740178 ], [ 131.123707309744532, 43.432698065962938 ], [ 131.252848462686302, 43.469168591257471 ] ] ] } },
{ "type": "Feature", "properties": { "id": "liaoning", "name_en": "Liaoning", "name_cn": "辽宁" }, "geometry": { "type": "MultiPolygon", "coordinates": [ [ [ [ 125.7040896919857, 40.859194624832071 ], [ 125.682643270000085, 40.768882141000049 ], [ 125.571745647000057, 40.784901836000117 ], [ 125.413254029000086, 40.631784566000093 ], [ 125.025112345000025, 40.534374492000055 ], [ 125.041287069000134, 40.461097310000028 ], [ 124.895507854000016, 40.483628235000069 ], [ 124.118174675000091, 39.833156643000052 ], [ 123.773041212000066, 39.818345445000034 ], [ 123.656748894000089, 39.919501044000071 ], [ 123.591400587000066, 39.784328518000052 ], [ 123.427744988000086, 39.726629950000074 ], [ 123.417084181000064, 39.82453034100007 ], [ 123.252045118000069, 39.817084052000041 ], [ 123.223155144000089, 39.679754950000074 ], [ 123.009125196000014, 39.680487372000073 ], [ 122.290049675000091, 39.350978908000059 ], [ 122.042328321000014, 39.059719143000052 ], [ 121.826914910000028, 39.036281643000052 ], [ 121.871348504000025, 38.95062897300005 ], [ 121.724701368000069, 39.030178127000056 ], [ 121.587412957000083, 38.94009023600006 ], [ 121.696299675000091, 38.862941799000055 ], [ 121.236664259, 38.798488674000055 ], [ 121.179535352000016, 38.720933335000041 ], [ 121.11451256600003, 38.768133856000077 ], [ 121.117930535000028, 38.943426825000074 ], [ 121.674082879000025, 39.088039455000057 ], [ 121.589938564000022, 39.264053964000084 ], [ 121.942963087000066, 39.399359442000048 ], [ 121.525889519000089, 39.364650783000059 ], [ 121.436045769000089, 39.508612372000073 ], [ 121.223399285000028, 39.528631903000075 ], [ 121.533295118000069, 39.622300523000035 ], [ 121.470713738000086, 39.810248114000046 ], [ 121.873789910000028, 39.991400458000044 ], [ 121.826914910000028, 40.022528387000079 ], [ 122.301849806000064, 40.502346096000053 ], [ 122.150434015000087, 40.603864464000083 ], [ 122.15943444100003, 40.701605536000045 ], [ 121.851084832000083, 40.832261460000041 ], [ 121.867930535000028, 40.995794989000046 ], [ 121.73955232000003, 40.849078718000044 ], [ 121.361338738000086, 40.939642645000049 ], [ 120.981944207000083, 40.82680898600006 ], [ 120.939545118000069, 40.74054596600007 ], [ 121.020737908, 40.719330067000044 ], [ 120.825320815000055, 40.674033480000048 ], [ 120.545664910000028, 40.402411200000074 ], [ 120.591152897000029, 40.367297693000069 ], [ 120.472015821000014, 40.21430084800005 ], [ 119.850189649000072, 39.986314195000034 ], [ 119.741818068748785, 40.090473130830276 ], [ 119.742593215104762, 40.205194811291506 ], [ 119.634744500858005, 40.209070543071107 ], [ 119.563689405941318, 40.540058091907383 ], [ 119.293628370752685, 40.530704657893637 ], [ 119.190998977220943, 40.700410060875583 ], [ 119.061549514198646, 40.651369126783777 ], [ 118.847557408047919, 40.835027166870248 ], [ 118.902179397161376, 40.956621811747198 ], [ 119.010338168871385, 40.976258857560197 ], [ 118.937112665417089, 41.060543118270289 ], [ 119.382305128978487, 41.409514064722259 ], [ 119.298640984993426, 41.777346909732103 ], [ 119.374243606157506, 42.080429186157971 ], [ 119.245259231128557, 42.191946925710056 ], [ 119.51170291605672, 42.394518541197669 ], [ 119.636449823200678, 42.240083523136036 ], [ 119.8369543802404, 42.199129951186251 ], [ 119.800935907266307, 42.128850003524803 ], [ 120.095646599810721, 41.702106025572618 ], [ 120.458415154635645, 42.025083727531978 ], [ 120.495725538802503, 42.144094550023453 ], [ 120.912599318803473, 42.296565864223226 ], [ 121.014091831672658, 42.25059967713338 ], [ 121.38280317582587, 42.506966458535203 ], [ 121.551785110194601, 42.535491848569905 ], [ 121.723660922613476, 42.457667141125626 ], [ 122.045036655916874, 42.720855210999161 ], [ 122.399588658289872, 42.658326727796236 ], [ 122.392043899406417, 42.853560289076029 ], [ 122.763339065045784, 42.732327379405035 ], [ 123.067454869346648, 42.790515041935635 ], [ 123.261241489802842, 42.998796901855485 ], [ 123.620392694367297, 43.086931056822777 ], [ 123.748705275827774, 43.472282213253493 ], [ 124.281851028102437, 43.225992337176592 ], [ 124.418173456439831, 43.089256496789858 ], [ 124.385668980039327, 42.884772854283767 ], [ 124.480495233168426, 42.851260688429988 ], [ 124.765697462967523, 43.105586248906263 ], [ 124.885638462345128, 43.102253119485852 ], [ 124.86176395134521, 42.854697171537225 ], [ 124.967907343249294, 42.780929063025837 ], [ 124.949872267890782, 42.661763210903416 ], [ 125.092654250393252, 42.582103989907182 ], [ 125.318583612043994, 42.169364325902905 ], [ 125.480537550567419, 42.151432604231275 ], [ 125.291866897139585, 41.95320180941593 ], [ 125.306284621338136, 41.680376084688533 ], [ 125.449531691834068, 41.679936835116848 ], [ 125.563426548196617, 41.410754299071641 ], [ 125.746361118770551, 41.236811428204817 ], [ 125.768892042633638, 41.14420726225535 ], [ 125.576449009314274, 40.912619330317796 ], [ 125.7040896919857, 40.859194624832071 ] ] ], [ [ [ 122.402598504000025, 39.159125067000048 ], [ 122.354828321000014, 39.19562409100007 ], [ 122.402598504000025, 39.213812567000048 ], [ 122.402598504000025, 39.159125067000048 ] ] ], [ [ [ 122.63599694100003, 39.234279690000051 ], [ 122.718597852000016, 39.241888739000046 ], [ 122.741953972000033, 39.236070054000038 ], [ 122.69068444100003, 39.193304755000042 ], [ 122.63599694100003, 39.234279690000051 ] ] ], [ [ [ 122.643890821000014, 39.278509833000044 ], [ 122.586192254000025, 39.258002020000049 ], [ 122.505056186000047, 39.296942450000074 ], [ 122.643890821000014, 39.278509833000044 ] ] ], [ [ [ 121.422536655000044, 39.474514065000051 ], [ 121.421722852000016, 39.37368398600006 ], [ 121.336924675000091, 39.377386786000045 ], [ 121.364268425000091, 39.445461330000057 ], [ 121.25945071700005, 39.391506252000056 ], [ 121.340586785000028, 39.481350002000056 ], [ 121.422536655000044, 39.474514065000051 ] ] ], [ [ [ 123.005707227000016, 39.497300523000035 ], [ 122.989756707000083, 39.549505927000041 ], [ 123.040049675000091, 39.529730536000045 ], [ 123.005707227000016, 39.497300523000035 ] ] ], [ [ [ 123.143565300000091, 39.080877997000073 ], [ 123.195567254000025, 39.052069403000075 ], [ 123.160655144000089, 39.029242255000042 ], [ 123.143565300000091, 39.080877997000073 ] ] ] ] } },
{ "type": "Feature", "properties": { "id": "guangxi", "name_en": "Guangxi", "name_cn": "广西" }, "geometry": { "type": "MultiPolygon", "coordinates": [ [ [ [ 105.853879435000067, 22.904649556000024 ], [ 105.551572307000129, 23.05967885400004 ], [ 105.52728519135843, 23.197576606375264 ], [ 105.843389927103431, 23.516885281230714 ], [ 106.004878777633451, 23.469963079732338 ], [ 106.124096306599199, 23.530579535017523 ], [ 106.133088007205743, 23.807487697998852 ], [ 106.199957310181674, 23.847924506011111 ], [ 106.157427606199008, 23.973730781250538 ], [ 106.014232211647197, 24.113618883005017 ], [ 105.872225376399967, 24.024709580782485 ], [ 105.601595900430425, 24.141524156314745 ], [ 105.447186720790512, 24.037602850690973 ], [ 105.296704949773584, 24.129354355918792 ], [ 105.270608351594092, 24.07747121792238 ], [ 105.175523716046598, 24.145942491352855 ], [ 105.093409864773378, 24.426881414845411 ], [ 104.735447218614183, 24.465664578257645 ], [ 104.67891320158293, 24.333269558543293 ], [ 104.501869745292481, 24.578190009061643 ], [ 104.537578159904115, 24.741254990725224 ], [ 104.729349399655007, 24.631390895773222 ], [ 105.012484571905418, 24.797478949393962 ], [ 105.188701205895882, 25.008783881271086 ], [ 106.020743442655714, 24.641907049770509 ], [ 106.199440546244148, 24.829854233685921 ], [ 106.155722283856278, 24.960363063904254 ], [ 106.98621422700495, 25.242929796273074 ], [ 106.974587029867507, 25.440437119777243 ], [ 107.077939894710312, 25.52844208443463 ], [ 107.244234653906119, 25.558595282446333 ], [ 107.473574660242321, 25.219494533945578 ], [ 107.640902948212442, 25.31277049436278 ], [ 107.676869745242527, 25.20603282325618 ], [ 107.873963657596676, 25.148051866300591 ], [ 108.109659865310505, 25.235798448539526 ], [ 108.134154493934716, 25.39139618568538 ], [ 108.293369582240359, 25.538699856013523 ], [ 108.421113722919927, 25.508701686733446 ], [ 108.598467237572891, 25.311323554438445 ], [ 108.568029819620449, 25.447206733204155 ], [ 108.69463707873814, 25.602003486471688 ], [ 108.759491001008826, 25.60859223094667 ], [ 108.774115431681764, 25.521930854325433 ], [ 109.003455438018023, 25.514101873702487 ], [ 109.044744907651307, 25.716673489190157 ], [ 108.878346795668051, 25.650346788573415 ], [ 108.870905388672725, 25.70747508390798 ], [ 109.085362582816913, 25.805427760882424 ], [ 109.292068313401899, 25.735767930845327 ], [ 109.470817092035134, 26.046343289311324 ], [ 109.603160434906101, 26.052673652267231 ], [ 109.657524041601221, 25.898626206933898 ], [ 109.75942996562037, 25.902579453978603 ], [ 109.781340773657746, 26.023760687705533 ], [ 109.95853925957914, 26.195378119504596 ], [ 110.062047154052891, 26.149928697251539 ], [ 110.033625115906318, 26.036498927983132 ], [ 110.246997105332127, 25.978207913564347 ], [ 110.536540154904174, 26.224859523947828 ], [ 110.562791782714555, 26.346919256818239 ], [ 110.878948195302939, 26.275218206754801 ], [ 110.947264439102526, 26.389888211271909 ], [ 111.273446080172391, 26.257751573076632 ], [ 111.194484491166293, 25.966348171530854 ], [ 111.242905307633805, 25.878058986932672 ], [ 111.476121046648927, 25.895861518294396 ], [ 111.319954868722164, 25.72504507127303 ], [ 111.282747837342754, 25.430024319466725 ], [ 110.993204786871388, 25.150764878995972 ], [ 111.006278924832486, 24.935455024130022 ], [ 111.2639892915725, 25.143866075259155 ], [ 111.388581170884265, 25.134771022764482 ], [ 111.461858352081265, 25.019480903321039 ], [ 111.432506137947883, 24.677486274072294 ], [ 111.516945429188183, 24.642656357704709 ], [ 111.667117140943276, 24.779676418931558 ], [ 111.995314161819067, 24.7465776642278 ], [ 111.923018832553055, 24.633096218115952 ], [ 112.05009117966415, 24.351614692264206 ], [ 111.866536493264505, 24.22717784348265 ], [ 111.900797967951803, 23.995357367548479 ], [ 111.789590284963651, 23.840534775859226 ], [ 111.657505323611758, 23.841697495842766 ], [ 111.621848585843509, 23.675686957487073 ], [ 111.467594435834485, 23.607654934527602 ], [ 111.366411981327815, 23.350848904453358 ], [ 111.412817417090082, 23.05970388442671 ], [ 111.351219109873966, 22.908214423057188 ], [ 111.192314080830101, 22.751789862711973 ], [ 111.052012567026281, 22.7349691841805 ], [ 111.030928583087587, 22.642132473334982 ], [ 110.749912144329926, 22.576219183868204 ], [ 110.675446404727779, 22.47824066847204 ], [ 110.772236362618003, 22.27802033137317 ], [ 110.682112665367185, 22.27802033137317 ], [ 110.598913609375529, 22.159888007125801 ], [ 110.333555129165859, 22.190454617186845 ], [ 110.374999628430089, 21.896286526102301 ], [ 109.967220900923792, 21.866727607293228 ], [ 109.910531854261649, 21.67692007140414 ], [ 109.745942417408571, 21.648678901310234 ], [ 109.74146569100003, 21.474025783000059 ], [ 109.64966881600003, 21.520453192000048 ], [ 109.67701256600003, 21.623439846000053 ], [ 109.608002149000072, 21.575100002000056 ], [ 109.56771894600007, 21.759995835000041 ], [ 109.464691602000073, 21.664455471000053 ], [ 109.572764519000032, 21.581732489000046 ], [ 109.530772332000026, 21.49164459800005 ], [ 109.05014082100007, 21.437160549000055 ], [ 109.135752800000034, 21.60297272300005 ], [ 108.927989129000025, 21.615057684000078 ], [ 108.855235222000033, 21.684963283000059 ], [ 108.924082879000025, 21.766831773000035 ], [ 108.801361524000072, 21.818345445000091 ], [ 108.843516472000033, 21.745021877000056 ], [ 108.779551629000025, 21.725816148000035 ], [ 108.861420118000069, 21.643947658000059 ], [ 108.74537194100003, 21.60297272300005 ], [ 108.724864129000025, 21.74640534100007 ], [ 108.683197462000066, 21.70538971600007 ], [ 108.649180535000028, 21.733343817000048 ], [ 108.67701256600003, 21.815252997000073 ], [ 108.594493035000028, 21.740179755000042 ], [ 108.635508660000028, 21.890326239000046 ], [ 108.573334181000064, 21.95180898600006 ], [ 108.49146569100003, 21.856268622000073 ], [ 108.458018425000034, 21.917669989000046 ], [ 108.47779381600003, 21.698553778000075 ], [ 108.565440300000034, 21.678534247000073 ], [ 108.470957879000025, 21.561997789000088 ], [ 108.389659050000034, 21.575100002000056 ], [ 108.470957879000025, 21.671291408000059 ], [ 108.341319207000026, 21.725816148000035 ], [ 108.283783399000072, 21.544745184000078 ], [ 108.211029493000069, 21.50063711100006 ], [ 108.252777540000068, 21.58852773600006 ], [ 108.206065300000034, 21.642564195000091 ], [ 107.991221550000034, 21.548407294000071 ], [ 108.080577019000032, 21.485663153000075 ], [ 107.970713738000029, 21.431626695000091 ], [ 107.811641073000033, 21.647827047000035 ], [ 107.348155152000061, 21.599354553000083 ], [ 107.272655884000073, 21.718313701000099 ], [ 107.002904908000062, 21.810556132000059 ], [ 107.009364462000121, 21.927448222000024 ], [ 106.65310713700012, 21.968892720000085 ], [ 106.662925659000109, 22.223295797 ], [ 106.526913290000039, 22.438269755000093 ], [ 106.577142782000067, 22.59531443300007 ], [ 106.680185588000086, 22.57944976800006 ], [ 106.789842977000092, 22.797188416000026 ], [ 106.487794231000123, 22.925423483000074 ], [ 106.255405314000086, 22.854652609000041 ], [ 106.132105347000049, 22.975007019000046 ], [ 105.853879435000067, 22.904649556000024 ] ] ], [ [ [ 109.127696160000028, 21.032171942000048 ], [ 109.090505405000044, 21.041937567000048 ], [ 109.12273196700005, 21.065415757000039 ], [ 109.127696160000028, 21.032171942000048 ] ] ] ] } },
{ "type": "Feature", "properties": { "id": "guangdong", "name_en": "Guangdong", "name_cn": "广东" }, "geometry": { "type": "MultiPolygon", "coordinates": [ [ [ [ 114.408702019000089, 22.61163971600007 ], [ 113.963796420000108, 22.538112697000088 ], [ 113.89034489800008, 22.452712399000063 ], [ 113.758067254000025, 22.753404039000088 ], [ 113.65357506600003, 22.758734442000048 ], [ 113.592295769000089, 22.889064846000053 ], [ 113.638194207000083, 23.034898179000038 ], [ 113.596690300000091, 22.918198960000041 ], [ 113.617198113000086, 23.034898179000038 ], [ 113.576182488000086, 22.938706773000035 ], [ 113.53638756600003, 23.06313711100006 ], [ 113.813243035000028, 23.129787502000056 ], [ 113.417491082000083, 23.096991278000075 ], [ 113.502312001000064, 23.020423688000051 ], [ 113.483978712000066, 22.924261786000045 ], [ 113.212982618000069, 22.904527085000041 ], [ 113.494232618000069, 22.77484772300005 ], [ 113.377533399000072, 22.767401434000078 ], [ 113.599169995000011, 22.575179846000083 ], [ 113.587654701000019, 22.237882255000045 ], [ 113.483745490000047, 22.155142169000044 ], [ 113.16529381600003, 22.575588283000059 ], [ 113.401970530000085, 22.179574118000062 ], [ 113.302744988000086, 22.183294989000046 ], [ 113.157466616000079, 22.024699645000055 ], [ 113.085052931000064, 22.207586981000077 ], [ 113.025620043, 21.949425357000052 ], [ 112.911586066000041, 21.856290824000041 ], [ 112.826019727000016, 21.966131903000075 ], [ 112.550873243000069, 21.772853908000059 ], [ 112.426036004000025, 21.84516022300005 ], [ 112.493662957000083, 21.966131903000075 ], [ 112.390635613000086, 21.955511786000045 ], [ 112.397471550000091, 22.068508205000057 ], [ 112.356537306000064, 21.979722398000035 ], [ 112.402110222000033, 21.80141836100006 ], [ 112.286224806000064, 21.708807684000078 ], [ 112.182383660000028, 21.752997137000079 ], [ 112.19263756600003, 21.843166408000059 ], [ 112.028168165000011, 21.797349351000037 ], [ 112.041270379000025, 21.884182033000059 ], [ 111.969248894000032, 21.824042059000078 ], [ 111.890391472000033, 21.925116278000075 ], [ 111.904063347000033, 21.815252997000073 ], [ 112.000254754000025, 21.774318752000056 ], [ 111.867930535000028, 21.676703192000048 ], [ 111.835052931000064, 21.766831773000035 ], [ 111.678070509000065, 21.781154690000051 ], [ 111.787933790000068, 21.616034247000073 ], [ 111.630463087000066, 21.529852606000077 ], [ 111.581879102000073, 21.581854559000078 ], [ 111.476084832000026, 21.513617255000042 ], [ 111.432220899000072, 21.60297272300005 ], [ 111.437998894000032, 21.534084377000056 ], [ 111.267344597000033, 21.439357815000051 ], [ 111.301280144000032, 21.499335028000075 ], [ 111.088389519000032, 21.472642320000091 ], [ 111.027598504000025, 21.540920315000051 ], [ 110.97974694100003, 21.444728908000059 ], [ 111.04224694100003, 21.484564520000049 ], [ 111.068614129000025, 21.472642320000091 ], [ 110.992930535000028, 21.424872137000079 ], [ 110.768158399000072, 21.397528387000079 ], [ 110.650889519000032, 21.26040273600006 ], [ 110.636485222000033, 21.370266018000052 ], [ 110.755381707000026, 21.413397528000075 ], [ 110.760020379000025, 21.444728908000059 ], [ 110.635590040000068, 21.381048895000049 ], [ 110.636485222000033, 21.230169989000046 ], [ 110.575205925000034, 21.24673086100006 ], [ 110.588715040000068, 21.225572007000039 ], [ 110.481455925000034, 21.217189846000053 ], [ 110.431162957000026, 21.191473700000074 ], [ 110.486338738000029, 21.335516669000071 ], [ 110.433929884000065, 21.308783270000049 ], [ 110.358490431000064, 21.435736395000049 ], [ 110.399424675000034, 21.176581122000073 ], [ 110.195567254000025, 21.071275132000039 ], [ 110.156748894000032, 20.848863023000035 ], [ 110.368988477000073, 20.848863023000035 ], [ 110.40943444100003, 20.750962632000039 ], [ 110.356455925000034, 20.732326565000051 ], [ 110.341807488000029, 20.821519273000035 ], [ 110.300791863000029, 20.657049872000073 ], [ 110.534190300000034, 20.478257554000038 ], [ 110.280284050000034, 20.252997137000079 ], [ 110.037852410000028, 20.301703192000048 ], [ 109.91724694100003, 20.239325262000079 ], [ 109.862803582000026, 20.406317450000074 ], [ 109.982432488000029, 20.351548570000091 ], [ 110.009776238000029, 20.43423086100006 ], [ 109.822113477000073, 20.516546942000048 ], [ 109.848236524000072, 20.595648505000042 ], [ 109.751556837000066, 20.673732815000051 ], [ 109.860443556000064, 20.71548086100006 ], [ 109.786875847000033, 20.691148179000038 ], [ 109.759532097000033, 20.855047919000071 ], [ 109.717865431000064, 20.807847398000035 ], [ 109.661224806000064, 20.927557684000078 ], [ 109.765716993000069, 21.355943101000037 ], [ 109.924082879000025, 21.362779039000088 ], [ 109.951263868000069, 21.458400783000059 ], [ 109.814219597000033, 21.458400783000059 ], [ 109.745942417408571, 21.648678901310234 ], [ 109.910531854261649, 21.67692007140414 ], [ 109.967220900923792, 21.866727607293228 ], [ 110.369211866934052, 21.89086050071154 ], [ 110.333555129165859, 22.190454617186845 ], [ 110.628885940233886, 22.172186997831659 ], [ 110.676376580714589, 22.273937893119239 ], [ 110.774561801685763, 22.283653062338942 ], [ 110.675446404727779, 22.47824066847204 ], [ 110.749912144329926, 22.576219183868204 ], [ 111.030928583087587, 22.642132473334982 ], [ 111.052012567026281, 22.7349691841805 ], [ 111.192314080830101, 22.751789862711973 ], [ 111.351219109873966, 22.908214423057188 ], [ 111.412817417090082, 23.05970388442671 ], [ 111.366411981327815, 23.350848904453358 ], [ 111.467594435834485, 23.607654934527602 ], [ 111.621848585843509, 23.675686957487073 ], [ 111.657505323611758, 23.841697495842766 ], [ 111.789590284963651, 23.840534775859226 ], [ 111.900797967951803, 23.995357367548479 ], [ 111.866536493264505, 24.22717784348265 ], [ 112.05009117966415, 24.351614692264206 ], [ 111.932475621152946, 24.698286038070194 ], [ 112.143057081718894, 24.787970485749327 ], [ 112.191116163879769, 25.197790432382533 ], [ 112.637393833058923, 25.130352687726315 ], [ 112.850920852115564, 24.939330755909623 ], [ 112.988896925952304, 24.963928738220659 ], [ 112.966882766026743, 25.172365627771512 ], [ 113.028481073242915, 25.230372423148765 ], [ 112.889109735425905, 25.241457017927019 ], [ 112.854538202376148, 25.333776963935691 ], [ 113.217461785932642, 25.505575262888044 ], [ 113.569533318707613, 25.323441677091694 ], [ 114.012090284838678, 25.435114448073307 ], [ 114.026042921943258, 25.267656968893959 ], [ 114.553039179314624, 25.415322374428001 ], [ 114.710032180440749, 25.28483938173207 ], [ 114.729307489249209, 25.118880520219818 ], [ 114.413512810967404, 24.979690050455474 ], [ 114.314707473271255, 24.774741319056602 ], [ 114.169600050801705, 24.674695746111752 ], [ 114.405761345609562, 24.501528022500224 ], [ 115.420583124211817, 24.78455984106381 ], [ 115.691522657644441, 24.547985134206556 ], [ 115.790379673083407, 24.561265976843345 ], [ 115.754981316834233, 24.819596462107029 ], [ 115.887531366179587, 24.916773992725552 ], [ 116.372101272355735, 24.841300564569394 ], [ 116.516588576301729, 24.615422878862773 ], [ 116.772593621598276, 24.662784329033514 ], [ 116.749339227323389, 24.533438218798722 ], [ 116.963331332574853, 24.206920680944677 ], [ 116.924832390902111, 24.077600409131549 ], [ 117.036505161883724, 23.738267117533439 ], [ 117.174622247618572, 23.616347697788001 ], [ 117.084227758, 23.55060551300005 ], [ 117.068412988000091, 23.651272715000061 ], [ 116.916514519000089, 23.66274648600006 ], [ 116.773224451000033, 23.349432372000081 ], [ 116.523203972000033, 23.418524481000077 ], [ 116.573008660000028, 23.32367584800005 ], [ 116.748634830000015, 23.326288333000036 ], [ 116.804822489, 23.236122461000036 ], [ 116.66724694100003, 23.281317450000074 ], [ 116.715098504000025, 23.243801174000055 ], [ 116.646754959000077, 23.162991383000076 ], [ 116.611510141000053, 23.238729609000075 ], [ 116.508881056000064, 23.234116929000038 ], [ 116.604504249, 23.209556543000076 ], [ 116.494687913, 22.939352413000051 ], [ 116.213633660000028, 22.982814846000053 ], [ 116.281458392000104, 22.957857275000038 ], [ 116.144909913000106, 22.847822500000063 ], [ 116.042104908000056, 22.932918286000074 ], [ 116.076177807000022, 22.867871480000076 ], [ 115.810029869, 22.746090775000084 ], [ 115.684266229000059, 22.877779098000076 ], [ 115.730316602000016, 22.93423086100006 ], [ 115.560557488000086, 22.849310614000046 ], [ 115.547618035000028, 22.895412502000056 ], [ 115.406016472000033, 22.925034898000035 ], [ 115.46802819100003, 22.849310614000046 ], [ 115.559418165000011, 22.836086330000057 ], [ 115.612071160000028, 22.86359284100007 ], [ 115.527016969000101, 22.767042406000087 ], [ 115.575218948000042, 22.668335972000079 ], [ 115.373508023, 22.694177267000043 ], [ 115.411208225, 22.788267543000075 ], [ 115.233390927000073, 22.788208507000036 ], [ 115.317149285000028, 22.904527085000041 ], [ 114.985341740000081, 22.689309001000083 ], [ 114.862523800000076, 22.763215635000051 ], [ 114.966629401000091, 22.676486944000089 ], [ 114.895966425000097, 22.547524404000058 ], [ 114.743775851, 22.609404292000079 ], [ 114.784759962000066, 22.81586334800005 ], [ 114.522064649000072, 22.705959377000056 ], [ 114.506607020000047, 22.64652286900008 ], [ 114.590342644000089, 22.643866278000075 ], [ 114.49537194100003, 22.56195709800005 ], [ 114.617686394000089, 22.514146226000037 ], [ 114.515816214000097, 22.45264280300006 ], [ 114.408702019000089, 22.61163971600007 ] ] ], [ [ [ 111.83529707100007, 21.643947658000059 ], [ 111.999847852000073, 21.621161200000074 ], [ 111.809336785000028, 21.565497137000079 ], [ 111.83529707100007, 21.643947658000059 ] ] ], [ [ [ 112.645355665000011, 21.712836005000042 ], [ 112.650401238000086, 21.640448309000078 ], [ 112.525401238000086, 21.598863023000035 ], [ 112.55591881600003, 21.678127346000053 ], [ 112.645355665000011, 21.712836005000042 ] ] ], [ [ [ 112.844004754000025, 21.774318752000056 ], [ 112.810557488000086, 21.58930084800005 ], [ 112.76490319100003, 21.581854559000078 ], [ 112.774424675000091, 21.69171784100007 ], [ 112.711680535000028, 21.702541408000059 ], [ 112.844004754000025, 21.774318752000056 ] ] ], [ [ [ 113.382660352000016, 22.089585679000038 ], [ 113.405772332000083, 22.007025458000044 ], [ 113.309418165000011, 22.024115302000041 ], [ 113.382660352000016, 22.089585679000038 ] ] ], [ [ [ 113.364756707000083, 22.157904364000046 ], [ 113.313649936000047, 22.076402085000041 ], [ 113.279144727000016, 22.074693101000037 ], [ 113.271739129000025, 22.120021877000056 ], [ 113.364756707000083, 22.157904364000046 ] ] ], [ [ [ 113.475596550000091, 22.90070221600007 ], [ 113.55827884200005, 22.757879950000074 ], [ 113.39616946700005, 22.898098049000055 ], [ 113.475596550000091, 22.90070221600007 ] ] ], [ [ [ 116.982188347000033, 23.459458726000037 ], [ 117.12878132000003, 23.399369184000079 ], [ 116.942989291, 23.43006217900006 ], [ 116.982188347000033, 23.459458726000037 ] ] ], [ [ [ 110.547536655000044, 20.917710679000038 ], [ 110.63249759200005, 20.936672268000052 ], [ 110.58920332100007, 20.883490302000041 ], [ 110.547536655000044, 20.917710679000038 ] ] ], [ [ [ 110.547536655000044, 21.037258205000057 ], [ 110.51693769600007, 20.937648830000057 ], [ 110.441416863000029, 21.005845445000091 ], [ 110.245860222000033, 20.986029364000046 ], [ 110.389821811000047, 21.095892645000049 ], [ 110.547536655000044, 21.037258205000057 ] ] ], [ [ [ 110.616953972000033, 21.191473700000074 ], [ 110.543223504000025, 21.104966539000088 ], [ 110.417735222000033, 21.17845286700009 ], [ 110.554942254000025, 21.156724351000037 ], [ 110.616953972000033, 21.191473700000074 ] ] ], [ [ [ 110.41765384200005, 20.654771226000037 ], [ 110.47584069100003, 20.595933335000041 ], [ 110.457286004000025, 20.586859442000048 ], [ 110.41765384200005, 20.654771226000037 ] ] ], [ [ [ 113.24773196700005, 21.943182684000078 ], [ 113.258474155000044, 21.880438544000071 ], [ 113.22584069100003, 21.900824286000045 ], [ 113.24773196700005, 21.943182684000078 ] ] ], [ [ [ 113.736279280000076, 21.997162124000056 ], [ 113.764476783000077, 21.966817927000079 ], [ 113.748205648000067, 21.972788470000069 ], [ 113.736279280000076, 21.997162124000056 ] ] ], [ [ [ 114.304209832000083, 22.069281317000048 ], [ 114.302500847000033, 22.044867255000042 ], [ 114.20671634200005, 22.025783596000053 ], [ 114.304209832000083, 22.069281317000048 ] ] ], [ [ [ 113.484711134, 22.071356512000079 ], [ 113.518890821000014, 22.12726471600007 ], [ 113.547618035000028, 22.092596747000073 ], [ 113.484711134, 22.071356512000079 ] ] ], [ [ [ 113.61044137500005, 22.413337446000071 ], [ 113.657824572000095, 22.423751330000073 ], [ 113.621186661000024, 22.39141902700004 ], [ 113.61044137500005, 22.413337446000071 ] ] ], [ [ [ 113.476511416000108, 22.719514324000045 ], [ 113.635686524000107, 22.656474951000064 ], [ 113.641831517000014, 22.601623679000056 ], [ 113.476511416000108, 22.719514324000045 ] ] ], [ [ [ 113.509959735000052, 22.921216480000055 ], [ 113.55359928200005, 22.911280871000088 ], [ 113.545013691, 22.879960560000086 ], [ 113.509959735000052, 22.921216480000055 ] ] ], [ [ [ 116.936045769000089, 23.535549221000053 ], [ 116.987803582000083, 23.524115302000041 ], [ 116.937266472000033, 23.526271877000056 ], [ 116.936045769000089, 23.535549221000053 ] ] ] ] } },
{ "type": "Feature", "properties": { "id": "hainan", "name_en": "Hainan", "name_cn": "海南" }, "geometry": { "type": "Polygon", "coordinates": [ [ [ 111.010508660000028, 19.683783270000049 ], [ 110.876475457000026, 19.53978099200009 ], [ 110.794444207000026, 19.601263739000046 ], [ 110.79623457100007, 19.484605210000041 ], [ 110.580332879000025, 19.155178127000056 ], [ 110.479177280000044, 19.169256903000075 ], [ 110.554942254000025, 19.08734772300005 ], [ 110.582286004000025, 19.150051174000055 ], [ 110.51335696700005, 18.906398830000057 ], [ 110.431488477000073, 18.821478583000044 ], [ 110.492849155000044, 18.793117580000057 ], [ 110.503428582000026, 18.881903387000079 ], [ 110.53443444100003, 18.785630601000037 ], [ 110.034190300000034, 18.511948960000041 ], [ 110.04029381600003, 18.38226959800005 ], [ 109.968597852000073, 18.389837958000044 ], [ 110.013682488000029, 18.40892161700009 ], [ 110.020518425000034, 18.450506903000075 ], [ 109.746104363000029, 18.395900783000059 ], [ 109.73178144600007, 18.273016669000071 ], [ 109.670420769000032, 18.273016669000071 ], [ 109.739268425000034, 18.258734442000048 ], [ 109.708750847000033, 18.207220770000049 ], [ 109.561208530000044, 18.169338283000059 ], [ 109.561208530000044, 18.258734442000048 ], [ 109.478688998000052, 18.192694403000075 ], [ 109.439952019000032, 18.288967190000051 ], [ 109.162608269000032, 18.28782786700009 ], [ 109.13599694100003, 18.361151434000078 ], [ 108.68490644600007, 18.515204169000071 ], [ 108.626963738000029, 19.274969794000071 ], [ 109.008474155000044, 19.597072658000059 ], [ 109.307383660000028, 19.711127020000049 ], [ 109.273203972000033, 19.793646552000041 ], [ 109.16334069100003, 19.724798895000049 ], [ 109.25513756600003, 19.898342190000051 ], [ 109.58171634200005, 19.855698960000041 ], [ 109.52702884200005, 19.951361395000049 ], [ 109.719004754000025, 20.010646877000056 ], [ 109.835459832000026, 19.930853583000044 ], [ 109.94263756600003, 19.990912177000041 ], [ 109.990082227000073, 19.905951239000046 ], [ 110.156993035000028, 20.067368882000039 ], [ 110.344737175000034, 20.05805084800005 ], [ 110.417735222000033, 19.923407294000071 ], [ 110.382985873000052, 20.081040757000039 ], [ 110.605804884000065, 19.923163153000075 ], [ 110.566172722000033, 20.069525458000044 ], [ 110.677907748000052, 20.163560289000088 ], [ 110.78834069100003, 20.01040273600006 ], [ 110.934580925000034, 19.995062567000048 ], [ 111.010508660000028, 19.683783270000049 ] ] ] } },
{ "type": "Feature", "properties": { "id": "fujian", "name_en": "Fujian", "name_cn": "福建" }, "geometry": { "type": "MultiPolygon", "coordinates": [ [ [ [ 117.37273196700005, 23.766750393000052 ], [ 117.526660765000088, 23.740106905000061 ], [ 117.431558644, 23.582630235000067 ], [ 117.320482728, 23.574015926000072 ], [ 117.37273196700005, 23.766750393000052 ] ] ], [ [ [ 119.257578972000033, 26.047552802000041 ], [ 119.401215040000011, 25.996039130000042 ], [ 119.404958530000044, 25.977932033000059 ], [ 119.257578972000033, 26.001450914000088 ], [ 119.209239129000025, 26.098578192000048 ], [ 119.257578972000033, 26.047552802000041 ] ] ], [ [ [ 120.358472935377563, 27.367244574277663 ], [ 120.429209832000083, 27.173651434000078 ], [ 120.37623131600003, 27.236273505000042 ], [ 120.347259962000066, 27.249416408000059 ], [ 120.292002800000091, 27.249416408000059 ], [ 120.311859571000014, 27.317694403000075 ], [ 120.195811394000089, 27.297796942000048 ], [ 120.182383660000028, 27.216864325000074 ], [ 120.347259962000066, 27.242580471000053 ], [ 120.421722852000016, 27.146958726000037 ], [ 120.243662957000083, 27.132717190000051 ], [ 120.255218946000014, 26.997056382000039 ], [ 120.148692254000025, 26.98187897300005 ], [ 120.219086134, 26.915432033000059 ], [ 120.031993035000028, 26.899888414000088 ], [ 120.148692254000025, 26.721177476000037 ], [ 120.090342644000089, 26.622219143000052 ], [ 119.835703972000033, 26.531398830000057 ], [ 120.067474806000064, 26.800482489000046 ], [ 119.925140821000014, 26.792181708000044 ], [ 119.879649285000028, 26.655340887000079 ], [ 119.791758660000028, 26.687689520000049 ], [ 119.846283399000072, 26.85219961100006 ], [ 119.756195509, 26.73773834800005 ], [ 119.685801629000025, 26.811997789000088 ], [ 119.724945509, 26.697821356000077 ], [ 119.606049024000072, 26.796942450000074 ], [ 119.552093946000014, 26.749090887000079 ], [ 119.599864129000025, 26.570379950000074 ], [ 119.784922722000033, 26.577826239000046 ], [ 119.791758660000028, 26.413316148000035 ], [ 119.653656446000014, 26.498032945000091 ], [ 119.566416863000086, 26.454901434000078 ], [ 119.648448113000086, 26.437445380000042 ], [ 119.681895379000025, 26.31712474200009 ], [ 119.825775587000066, 26.426947333000044 ], [ 119.949961785000028, 26.364935614000046 ], [ 119.654307488000086, 26.272406317000048 ], [ 119.458506707000083, 25.982489325000074 ], [ 119.435557488000086, 25.981350002000056 ], [ 119.415049675000091, 26.009263414000088 ], [ 119.277110222000033, 26.052923895000049 ], [ 119.215830925000091, 26.100083726000037 ], [ 119.093516472000033, 26.145819403000075 ], [ 119.246836785000028, 25.967230536000045 ], [ 119.329844597000033, 25.944281317000048 ], [ 119.440928582000083, 25.963812567000048 ], [ 119.519053582000083, 26.044501044000071 ], [ 119.695404493000069, 26.002630927000041 ], [ 119.566416863000086, 25.872056382000039 ], [ 119.589935743000069, 25.687160549000055 ], [ 119.449066602000016, 25.687160549000055 ], [ 119.492442254000025, 25.56476471600007 ], [ 119.579437696000014, 25.584662177000041 ], [ 119.654551629000025, 25.35814036700009 ], [ 119.579437696000014, 25.34446849200009 ], [ 119.576019727000016, 25.467352606000077 ], [ 119.483246290000011, 25.371161200000074 ], [ 119.507334832000083, 25.474432684000078 ], [ 119.447032097000033, 25.438788153000075 ], [ 119.380869988000086, 25.590887762000079 ], [ 119.305186394000089, 25.604559637000079 ], [ 119.102549675000091, 25.420314846000053 ], [ 119.203379754000025, 25.35814036700009 ], [ 119.201263868000069, 25.259711005000042 ], [ 119.277842644000089, 25.330226955000057 ], [ 119.344248894000089, 25.242377020000049 ], [ 119.255626253000059, 25.17589713600006 ], [ 119.116096198000037, 25.213781835000077 ], [ 119.099131707000083, 25.111151434000078 ], [ 119.029063347000033, 25.140529690000051 ], [ 119.068858269000089, 25.216742255000042 ], [ 118.969330274000072, 25.226385809000078 ], [ 119.027297615000066, 25.278237969000088 ], [ 118.875580274000072, 25.243841864000046 ], [ 118.974619988000086, 25.182562567000048 ], [ 118.849131707000083, 25.073797919000071 ], [ 118.953705274000072, 25.002997137000079 ], [ 119.004161004000025, 25.05023834800005 ], [ 119.017670118000069, 24.960272528000075 ], [ 118.911631707000083, 24.95343659100007 ], [ 118.951996290000011, 24.870754299000055 ], [ 118.71607506600003, 24.843573309000078 ], [ 118.667735222000033, 24.95343659100007 ], [ 118.67115319100003, 24.874660549000055 ], [ 118.572032097000033, 24.885199286000045 ], [ 118.63795006600003, 24.77212148600006 ], [ 118.76295006600003, 24.762681382000039 ], [ 118.642100457000083, 24.678697007000039 ], [ 118.620453321000014, 24.545477606000077 ], [ 118.55396569100003, 24.518052476000037 ], [ 118.431244337000066, 24.699693101000037 ], [ 118.404795769000089, 24.606634833000044 ], [ 118.219004754000025, 24.541449286000045 ], [ 118.160492384, 24.693426825000074 ], [ 118.110362175000091, 24.584051825000074 ], [ 117.974864129000025, 24.552720445000091 ], [ 118.058116082000083, 24.515855210000041 ], [ 118.021739129000025, 24.445746161000045 ], [ 117.791270379000025, 24.467474677000041 ], [ 117.907318556000064, 24.384914455000057 ], [ 118.042979363000086, 24.406683661000045 ], [ 118.015879754000025, 24.326849677000041 ], [ 118.090586785000028, 24.341457424000055 ], [ 118.126475457000083, 24.26203034100007 ], [ 117.907318556000064, 24.18626536700009 ], [ 117.893646681000064, 24.028021552000041 ], [ 117.748057488000086, 23.907538153000075 ], [ 117.79810631600003, 24.02179596600007 ], [ 117.667084181000064, 24.062730210000041 ], [ 117.695078972000033, 23.953558661000045 ], [ 117.591668788000106, 23.73706444600009 ], [ 117.571055535000028, 23.903265692000048 ], [ 117.416595899000072, 23.946844794000071 ], [ 117.499596288000021, 23.87407223200006 ], [ 117.463477444000091, 23.788287134000086 ], [ 117.277354363000086, 23.782212632000039 ], [ 117.279122111000106, 23.636267573000055 ], [ 117.238964320000036, 23.605472819000056 ], [ 117.229502800000091, 23.69281647300005 ], [ 117.174622247618572, 23.616347697788001 ], [ 117.036505161883724, 23.738267117533439 ], [ 116.924832390902111, 24.077600409131549 ], [ 116.963331332574853, 24.206920680944677 ], [ 116.749339227323389, 24.533438218798722 ], [ 116.772593621598276, 24.662784329033514 ], [ 116.516588576301729, 24.615422878862773 ], [ 116.377992384840695, 24.838406683821404 ], [ 116.268438348251152, 24.807762560293895 ], [ 115.85600874171007, 24.953076687439136 ], [ 115.84283125186073, 25.194741522902916 ], [ 115.974554478006667, 25.332045803171241 ], [ 116.135164830292638, 25.866328437007724 ], [ 116.329261509111348, 25.961490586921059 ], [ 116.416801385775329, 26.13029165323718 ], [ 116.398973015991828, 26.287543035882379 ], [ 116.505271438426121, 26.409473578442885 ], [ 116.598030634006477, 26.402703965915293 ], [ 116.619889764301092, 26.498227851034471 ], [ 116.504961379164229, 26.689301458795285 ], [ 116.547749464666026, 26.872933661359355 ], [ 117.040122512144194, 27.109534207537649 ], [ 117.156187778842877, 27.282211004734052 ], [ 117.105751580770743, 27.554080715052919 ], [ 117.292923619229555, 27.864578559153188 ], [ 117.521798536673032, 27.974442654105189 ], [ 117.745557488886902, 27.813289700359348 ], [ 117.817387730159567, 27.935091050811309 ], [ 118.363762649126897, 28.093608507126874 ], [ 118.408101028239798, 28.269876817061458 ], [ 118.735212844397211, 28.325971585420291 ], [ 118.802392205735714, 28.222696234943271 ], [ 118.7481319518281, 27.973202419755864 ], [ 118.889466994406234, 27.722158310957241 ], [ 118.898613722844971, 27.487728176014514 ], [ 119.256731398635111, 27.419799505842491 ], [ 119.604358758849571, 27.669060777033224 ], [ 119.770085077264412, 27.315878201118096 ], [ 120.234656203321038, 27.413029893314899 ], [ 120.358472935377563, 27.367244574277663 ] ] ], [ [ [ 118.092539910000028, 24.556219794000071 ], [ 118.181407097000033, 24.535101630000042 ], [ 118.136485222000033, 24.429266669000071 ], [ 118.06999759200005, 24.460272528000075 ], [ 118.092539910000028, 24.556219794000071 ] ] ], [ [ [ 119.846527540000011, 25.536322333000044 ], [ 119.757334832000083, 25.40493398600006 ], [ 119.668467644000089, 25.487860419000071 ], [ 119.778330925000091, 25.522040106000077 ], [ 119.692718946000014, 25.594224351000037 ], [ 119.763519727000016, 25.659491278000075 ], [ 119.846527540000011, 25.536322333000044 ] ] ], [ [ [ 119.47038821700005, 25.252183335000041 ], [ 119.52898196700005, 25.165350653000075 ], [ 119.444672071000014, 25.229071356000077 ], [ 119.47038821700005, 25.252183335000041 ] ] ], [ [ [ 119.346527540000011, 25.56671784100007 ], [ 119.334971550000091, 25.437974351000037 ], [ 119.296885613000086, 25.422919012000079 ], [ 119.281504754000025, 25.482896226000037 ], [ 119.346527540000011, 25.56671784100007 ] ] ], [ [ [ 119.599375847000033, 26.128119208000044 ], [ 119.62037194100003, 26.064195054000038 ], [ 119.55396569100003, 26.095648505000042 ], [ 119.599375847000033, 26.128119208000044 ] ] ], [ [ [ 120.352549675000091, 26.923773505000042 ], [ 120.344899936000047, 26.971950588000084 ], [ 120.385671420000108, 26.935166734000063 ], [ 120.352549675000091, 26.923773505000042 ] ] ] ] } },
{ "type": "Feature", "properties": { "id": "zhejiang", "name_en": "Zhejiang", "name_cn": "浙江" }, "geometry": { "type": "MultiPolygon", "coordinates": [ [ [ [ 121.230587604000107, 28.219732518000058 ], [ 121.279144727000016, 28.085435289000088 ], [ 121.151572802000032, 28.041232470000068 ], [ 121.12037194100003, 28.135687567000048 ], [ 121.230587604000107, 28.219732518000058 ] ] ], [ [ [ 122.211436394000089, 30.346625067000048 ], [ 122.202321811000047, 30.241929429000038 ], [ 122.073578321000014, 30.291408596000053 ], [ 122.211436394000089, 30.346625067000048 ] ] ], [ [ [ 122.280039910000028, 30.482611395000049 ], [ 122.42310631600003, 30.414943752000056 ], [ 122.272797071000014, 30.435980536000045 ], [ 122.280039910000028, 30.482611395000049 ] ] ], [ [ [ 121.274807312923841, 30.691240300890588 ], [ 120.977758677, 30.543317594000087 ], [ 120.831791303000045, 30.305250446000059 ], [ 120.698148226000058, 30.393950619000066 ], [ 120.479144932000054, 30.403523661000065 ], [ 120.430315379000035, 30.389840062000076 ], [ 120.37896691200001, 30.273523748000059 ], [ 120.257904493000069, 30.298081773000035 ], [ 120.147094433, 30.198890965000089 ], [ 120.274387135000097, 30.277618205000067 ], [ 120.384720043000016, 30.24958816600008 ], [ 120.450494314000025, 30.368860059000042 ], [ 120.62160579500005, 30.372562878000053 ], [ 120.734401161000051, 30.232213143000081 ], [ 120.631789022000021, 30.122387742000058 ], [ 120.682465040000011, 30.084906317000048 ], [ 120.79224694100003, 30.066066799000055 ], [ 120.646250847000033, 30.126939195000034 ], [ 120.75142508700003, 30.225625953000076 ], [ 120.892812151000044, 30.169796399000063 ], [ 121.25410242800001, 30.348393234000071 ], [ 121.429591945000084, 30.292976266000039 ], [ 121.72193444100003, 29.960516669000071 ], [ 121.935557488000086, 29.88735586100006 ], [ 122.129143302000102, 29.903776502000085 ], [ 121.687347852000016, 29.562648830000057 ], [ 121.443369988000086, 29.524237372000073 ], [ 121.484864074000029, 29.390540112000053 ], [ 121.710948113000086, 29.538641669000071 ], [ 121.81198839800004, 29.490118476000077 ], [ 121.844818556000064, 29.536200262000079 ], [ 121.744965040000011, 29.544663804000038 ], [ 121.79612041300004, 29.600591156000064 ], [ 121.971202019000089, 29.593329169000071 ], [ 121.910411004000025, 29.524562893000052 ], [ 121.970957879000025, 29.449123440000051 ], [ 121.900482618000069, 29.298651434000078 ], [ 121.99146569100003, 29.257310289000088 ], [ 121.942963087000066, 29.195868231000077 ], [ 121.785346744000094, 29.168085488000088 ], [ 121.840586785000028, 29.318793036000045 ], [ 121.786631707000083, 29.374497789000088 ], [ 121.724328159000038, 29.182034848000058 ], [ 121.652457796000022, 29.183020241000065 ], [ 121.640391472000033, 29.306626695000091 ], [ 121.628916863000086, 29.188421942000048 ], [ 121.574310743000069, 29.305121161000045 ], [ 121.408539259, 29.161118882000039 ], [ 121.456390821000014, 29.133775132000039 ], [ 121.401703321000014, 29.106512762000079 ], [ 121.621429884, 29.113267320000091 ], [ 121.614756707000083, 29.05805084800005 ], [ 121.536875847000033, 29.06118398600006 ], [ 121.532074415000011, 29.020493882000039 ], [ 121.689789259, 29.017075914000088 ], [ 121.684174024000072, 28.91469961100006 ], [ 121.587412957000083, 28.963120835000041 ], [ 121.570811394000089, 28.930080471000053 ], [ 121.51685631600003, 28.956366278000075 ], [ 121.491791212000066, 28.92837148600006 ], [ 121.669932488000086, 28.825344143000052 ], [ 121.621429884, 28.735907294000071 ], [ 121.351166212000066, 28.711859442000048 ], [ 121.142344597000033, 28.845851955000057 ], [ 121.299327019000089, 28.722886460000041 ], [ 121.258392774000072, 28.675116278000075 ], [ 121.51012813400007, 28.65705930900009 ], [ 121.621348504000025, 28.285101630000042 ], [ 121.408946160000028, 28.304917710000041 ], [ 121.330088738000086, 28.147528387000079 ], [ 121.225165393, 28.238862571000084 ], [ 121.264659050000091, 28.366034247000073 ], [ 121.168955925000091, 28.384833075000074 ], [ 121.130250038000099, 28.305554447000077 ], [ 121.024994337000066, 28.304592190000051 ], [ 121.124753056000031, 28.235520137000037 ], [ 120.965227775000017, 27.98714491700008 ], [ 120.606049024000072, 28.042222398000035 ], [ 120.576996290000011, 28.115627346000053 ], [ 120.559580925000091, 28.112779039000088 ], [ 120.588959181000064, 28.026678778000075 ], [ 120.835297071000014, 27.955959377000056 ], [ 120.868363681, 27.882559233000052 ], [ 120.722614496, 27.715909536000083 ], [ 120.635264519000089, 27.763332424000055 ], [ 120.675629102000016, 27.659654039000088 ], [ 120.596574425000085, 27.570282778000035 ], [ 120.678070509, 27.466457424000055 ], [ 120.635264519000089, 27.379706122000073 ], [ 120.545909050000091, 27.403265692000048 ], [ 120.468353712000066, 27.182196356000077 ], [ 120.351341586744752, 27.374970201213785 ], [ 120.234656203321038, 27.413029893314899 ], [ 119.770085077264412, 27.315878201118096 ], [ 119.604358758849571, 27.669060777033224 ], [ 119.256731398635111, 27.419799505842491 ], [ 118.898613722844971, 27.487728176014514 ], [ 118.889466994406234, 27.722158310957241 ], [ 118.7481319518281, 27.973202419755864 ], [ 118.800841913023874, 28.230809435507012 ], [ 118.735212844397211, 28.325971585420291 ], [ 118.446444940281708, 28.288687038775777 ], [ 118.42551598507464, 28.695199693511029 ], [ 118.00962405790392, 29.112616074971868 ], [ 118.05199873315496, 29.275319322328869 ], [ 118.723740675991394, 29.730201116688193 ], [ 118.893962843810186, 29.982588813522909 ], [ 118.881095412323361, 30.324350897875604 ], [ 119.237817824133231, 30.298641873323788 ], [ 119.392382033404033, 30.36843089457011 ], [ 119.242933791161477, 30.556584784060533 ], [ 119.360290969052926, 30.680453192960442 ], [ 119.451448195078115, 30.648129583713285 ], [ 119.653089633679656, 31.159080308909097 ], [ 119.909404738237981, 31.164919745449879 ], [ 120.128616164204573, 30.943176173941254 ], [ 120.437796258690355, 30.901163234795433 ], [ 120.490971306980214, 30.76370392489622 ], [ 120.70532514923616, 30.881655381990242 ], [ 120.692095981644229, 30.976559150384446 ], [ 120.969185011778791, 31.009451199513251 ], [ 120.984894647170222, 30.826490790517539 ], [ 121.09413862539725, 30.840779324406299 ], [ 121.274807312923841, 30.691240300890588 ] ] ], [ [ [ 121.926605665000011, 29.16673411700009 ], [ 121.888682488000086, 29.072333075000074 ], [ 121.868174675000091, 29.147406317000048 ], [ 121.926605665000011, 29.16673411700009 ] ] ], [ [ [ 122.107432488000086, 29.789618231000077 ], [ 122.186859571000014, 29.673407294000071 ], [ 122.162933790000011, 29.654527085000041 ], [ 122.03288821700005, 29.730943101000037 ], [ 122.107432488000086, 29.789618231000077 ] ] ], [ [ [ 122.406748894000089, 29.952704169000071 ], [ 122.395192905000044, 29.833319403000075 ], [ 122.32545006600003, 29.953924872000073 ], [ 122.406748894000089, 29.952704169000071 ] ] ], [ [ [ 121.834727410000028, 30.044989325000074 ], [ 121.910492384, 30.024115302000041 ], [ 121.860118035000028, 29.978094794000071 ], [ 121.834727410000028, 30.044989325000074 ] ] ], [ [ [ 122.327484571000014, 30.024481512000079 ], [ 122.293630405000044, 29.933783270000049 ], [ 122.019053582000083, 29.997219143000052 ], [ 121.963145379000025, 30.142401434000078 ], [ 122.327484571000014, 30.024481512000079 ] ] ], [ [ [ 121.046108644000014, 27.465199494000046 ], [ 121.10336493, 27.451879507000058 ], [ 121.067263555000068, 27.436770104000061 ], [ 121.046108644000014, 27.465199494000046 ] ] ], [ [ [ 121.114024285000028, 27.844142971000053 ], [ 121.171234571000014, 27.818793036000045 ], [ 121.097992384, 27.81781647300005 ], [ 121.114024285000028, 27.844142971000053 ] ] ], [ [ [ 121.103282097000033, 27.946193752000056 ], [ 121.070160352000016, 27.982896226000037 ], [ 121.139659050000091, 27.965765692000048 ], [ 121.103282097000033, 27.946193752000056 ] ] ], [ [ [ 121.789805535000028, 29.14984772300005 ], [ 121.842051629000025, 29.095038153000075 ], [ 121.782725457000083, 29.124660549000055 ], [ 121.789805535000028, 29.14984772300005 ] ] ], [ [ [ 122.27116946700005, 29.846828518000052 ], [ 122.308360222000033, 29.776271877000056 ], [ 122.23170006600003, 29.83624909100007 ], [ 122.27116946700005, 29.846828518000052 ] ] ], [ [ [ 121.940928582000083, 29.937689520000049 ], [ 121.992442254000025, 29.908270575000074 ], [ 121.946136915000011, 29.903957424000055 ], [ 121.940928582000083, 29.937689520000049 ] ] ], [ [ [ 122.407725457000083, 30.26593659100007 ], [ 122.305349155000044, 30.240139065000051 ], [ 122.277598504000025, 30.235541083000044 ], [ 122.323985222000033, 30.272162177000041 ], [ 122.407725457000083, 30.26593659100007 ] ] ], [ [ [ 122.429942254000025, 30.743068752000056 ], [ 122.524750196000014, 30.70180898600006 ], [ 122.427256707000083, 30.703924872000073 ], [ 122.429942254000025, 30.743068752000056 ] ] ] ] } },
{ "type": "Feature", "properties": { "id": "shanghai", "name_en": "Shanghai", "name_cn": "上海" }, "geometry": { "type": "MultiPolygon", "coordinates": [ [ [ [ 121.79420006600003, 31.368801174000055 ], [ 121.881846550000091, 31.336615302000041 ], [ 121.834727410000028, 31.292547919000071 ], [ 121.79420006600003, 31.368801174000055 ] ] ], [ [ [ 121.340912306000064, 31.49095286700009 ], [ 121.725163995, 31.281567150000058 ], [ 121.960075378000056, 30.874256782000089 ], [ 121.542937038000105, 30.816494909000085 ], [ 121.274807312923841, 30.691240300890588 ], [ 121.09413862539725, 30.840779324406299 ], [ 120.984894647170222, 30.826490790517539 ], [ 120.984274530445191, 30.992372138563326 ], [ 120.865212030210955, 31.135722560947386 ], [ 121.062977736133575, 31.153680121040736 ], [ 121.18043826681253, 31.451233019288395 ], [ 121.340912306000064, 31.49095286700009 ] ] ], [ [ [ 121.844075352, 31.607946968000078 ], [ 121.977850604000082, 31.477771002000054 ], [ 121.851373504000094, 31.439178905000063 ], [ 121.57154381600003, 31.529364325000074 ], [ 121.176287604000095, 31.784322892000034 ], [ 121.322563521, 31.82933065800006 ], [ 121.844075352, 31.607946968000078 ] ] ], [ [ [ 121.691254102000016, 31.419175523000035 ], [ 121.766368035000028, 31.32062409100007 ], [ 121.584483269000089, 31.441392320000034 ], [ 121.691254102000016, 31.419175523000035 ] ] ] ] } },
{ "type": "Feature", "properties": { "id": "jiangsu", "name_en": "Jiangsu", "name_cn": "江苏" }, "geometry": { "type": "MultiPolygon", "coordinates": [ [ [ [ 119.814300977000016, 32.275580145000049 ], [ 119.901866082000083, 32.073391018000052 ], [ 119.792002800000091, 32.121771552000041 ], [ 119.819346550000091, 32.20376211100006 ], [ 119.716156446000014, 32.272650458000044 ], [ 119.814300977000016, 32.275580145000049 ] ] ], [ [ [ 119.280284050000091, 35.076605536000045 ], [ 119.192881707000083, 35.000433661000045 ], [ 119.192230665000011, 34.71820709800005 ], [ 119.442230665000011, 34.746039130000042 ], [ 119.64771569100003, 34.53384023600006 ], [ 120.25709069100003, 34.311835028000075 ], [ 120.483734571000014, 33.649969794000071 ], [ 120.89576256600003, 33.013576565000051 ], [ 120.830332879000025, 32.697658596000053 ], [ 121.38940888400009, 32.384947575000069 ], [ 121.419281446000014, 32.25031159100007 ], [ 121.360850457000083, 32.231634833000044 ], [ 121.443369988000086, 32.114325262000079 ], [ 121.821945116000052, 31.952486444000044 ], [ 121.93038277800008, 31.726714179000055 ], [ 121.675554272, 31.723572594000075 ], [ 121.286418364000042, 31.890589166000041 ], [ 121.115087061000054, 31.796333603000051 ], [ 120.977816792, 31.814365316000078 ], [ 120.810801629000025, 32.022609768000052 ], [ 120.634376476000057, 32.077009598000075 ], [ 120.131358269000089, 31.943182684000078 ], [ 119.992035352000016, 32.015855210000041 ], [ 119.842133009, 32.299058335000041 ], [ 119.612884962000066, 32.354559637000079 ], [ 119.685394727000016, 32.29242584800005 ], [ 119.606049024000072, 32.196926174000055 ], [ 119.788584832000083, 32.198635158000059 ], [ 119.772471550000091, 32.126776434000078 ], [ 120.006395532000056, 31.950304999000082 ], [ 120.229991082000083, 31.908880927000041 ], [ 120.469493035000028, 32.025132554000038 ], [ 120.750353874000098, 31.97833627600005 ], [ 120.824798601, 31.828702466000038 ], [ 120.731455925000091, 31.813869533000059 ], [ 121.144402290000016, 31.684658291000062 ], [ 121.340912306000064, 31.49095286700009 ], [ 121.18043826681253, 31.451233019288395 ], [ 121.062977736133575, 31.153680121040736 ], [ 120.865212030210955, 31.135722560947386 ], [ 120.894254185082559, 30.997565619058037 ], [ 120.686514926622522, 30.973381048796341 ], [ 120.70532514923616, 30.881655381990242 ], [ 120.490971306980214, 30.76370392489622 ], [ 120.437796258690355, 30.901163234795433 ], [ 120.128616164204573, 30.943176173941254 ], [ 119.909404738237981, 31.164919745449879 ], [ 119.574954868772124, 31.13311290103951 ], [ 119.362771437751576, 31.192359930766145 ], [ 119.344581332762232, 31.2875220815788 ], [ 118.799291620312033, 31.230884710860721 ], [ 118.737383253834082, 31.333875841396946 ], [ 118.827248569565768, 31.397541205262371 ], [ 118.865747512137887, 31.620680039851948 ], [ 118.673924594644291, 31.649773871566879 ], [ 118.350223423172338, 31.95239105910008 ], [ 118.507888217866935, 32.19751821519344 ], [ 118.665397983829848, 32.249737249974089 ], [ 118.666793247810119, 32.458871772414341 ], [ 118.558892856719922, 32.587468573815613 ], [ 118.897476841283151, 32.595530097535971 ], [ 119.080514763745327, 32.446081855293357 ], [ 119.199370559303816, 32.593721422405679 ], [ 119.153378533792306, 32.824534207087993 ], [ 118.992974887980608, 32.962045192931271 ], [ 118.857375930055127, 32.972302965409483 ], [ 118.720175001674988, 32.732136745814159 ], [ 118.299683873212189, 32.77740530001455 ], [ 118.209043410225149, 33.193969020753684 ], [ 118.080730828764672, 33.149553128174318 ], [ 117.931851027302969, 33.2351292991778 ], [ 118.115457391445375, 33.484442247211916 ], [ 118.144189487954463, 33.755614325540648 ], [ 117.726902296803473, 33.727915757805931 ], [ 117.74865807520996, 33.875710354549199 ], [ 117.634453159585632, 34.00138743678076 ], [ 117.159443393897504, 34.091175239046038 ], [ 117.018418409681772, 34.170653591090343 ], [ 116.949482050056531, 34.389296576275967 ], [ 116.814503207956591, 34.392087104236452 ], [ 116.377217237585455, 34.639539700296893 ], [ 116.470028110908515, 34.898257758288878 ], [ 116.818533970266458, 34.962078151785249 ], [ 116.967672154146499, 34.851516424843112 ], [ 117.181819289028908, 34.450145575557826 ], [ 117.336951939080677, 34.588612575809691 ], [ 117.546603224559135, 34.462444566263684 ], [ 117.768501824799273, 34.523241888702159 ], [ 117.790050896731486, 34.651166897434337 ], [ 117.928130324254994, 34.677831936394739 ], [ 118.076958448873256, 34.640754096224555 ], [ 118.165428500624785, 34.399244290391664 ], [ 118.342782017076388, 34.418571275144188 ], [ 118.464014926747382, 34.680880845874299 ], [ 118.745961542391228, 34.730076808697731 ], [ 118.866781040912315, 35.036311347390722 ], [ 119.280284050000091, 35.076605536000045 ] ] ] ] } },
{ "type": "Feature", "properties": { "id": "shandong", "name_en": "Shandong", "name_cn": "山东" }, "geometry": { "type": "MultiPolygon", "coordinates": [ [ [ [ 117.837159029465624, 38.270907582019277 ], [ 118.084808790000011, 38.138739325000074 ], [ 118.950036761000092, 38.097261868000089 ], [ 119.259597456000051, 37.715847412000073 ], [ 119.037127726000108, 37.722088826000061 ], [ 118.961192254000025, 37.29564036700009 ], [ 119.287119988000086, 37.137274481000077 ], [ 119.770599806000064, 37.151841539000088 ], [ 119.897308790000011, 37.249416408000059 ], [ 119.858897332000083, 37.360174872000073 ], [ 120.322520379000025, 37.632391669000071 ], [ 120.215668165000011, 37.684068101000037 ], [ 120.738047722000033, 37.833970445000034 ], [ 121.13795006600003, 37.701157945000034 ], [ 121.171641472000033, 37.577093817000048 ], [ 121.393565300000091, 37.622463283000059 ], [ 121.570323113000086, 37.428656317000048 ], [ 121.676117384, 37.439195054000038 ], [ 121.587412957000083, 37.453558661000045 ], [ 121.635020379000025, 37.481268622000073 ], [ 121.988047722000033, 37.425604559000078 ], [ 122.121836785000028, 37.562730210000041 ], [ 122.183197462000066, 37.418158270000049 ], [ 122.68873131600003, 37.389715887000079 ], [ 122.549652540000011, 37.31976959800005 ], [ 122.628916863000086, 37.19281647300005 ], [ 122.453949415000011, 37.154282945000034 ], [ 122.402354363000086, 37.021470445000034 ], [ 122.540049675000091, 37.027736721000053 ], [ 122.526459181000064, 36.914252020000049 ], [ 122.405772332000083, 36.92218659100007 ], [ 122.436371290000011, 36.870672919000071 ], [ 122.355235222000033, 36.829087632000039 ], [ 122.185313347000033, 36.84992096600007 ], [ 122.265879754000025, 36.898016669000071 ], [ 122.166107618000069, 37.014105536000045 ], [ 122.033050977000016, 36.898016669000071 ], [ 122.049164259, 36.97992584800005 ], [ 121.926280144000089, 36.99359772300005 ], [ 121.949799024000072, 36.93891022300005 ], [ 121.637461785000028, 36.831366278000075 ], [ 121.625254754000025, 36.740383205000057 ], [ 121.496429884, 36.774481512000079 ], [ 121.607188347000033, 36.844956773000035 ], [ 121.459483269000089, 36.828680731000077 ], [ 121.401703321000014, 36.712388414000088 ], [ 121.023529493000069, 36.583929755000042 ], [ 120.750580274000072, 36.616848049000055 ], [ 120.750254754000025, 36.540757554000038 ], [ 120.850352410000028, 36.604559637000079 ], [ 120.963633660000028, 36.547919012000079 ], [ 120.87427819100003, 36.380601304000038 ], [ 120.750580274000072, 36.459173895000049 ], [ 120.722178582000083, 36.330552476000037 ], [ 120.64771569100003, 36.330877997000073 ], [ 120.696787957000083, 36.14398834800005 ], [ 120.353526238000086, 36.040838934000078 ], [ 120.292002800000091, 36.06195709800005 ], [ 120.361582879000025, 36.191636460000041 ], [ 120.306407097000033, 36.274237372000073 ], [ 120.284515821000014, 36.175970770000049 ], [ 120.097178582000083, 36.226385809000078 ], [ 120.175303582000083, 35.993638414000088 ], [ 120.298838738000086, 35.973130601000037 ], [ 120.097178582000083, 35.900824286000045 ], [ 120.002940300000091, 35.727769273000035 ], [ 119.908213738000086, 35.74485911700009 ], [ 119.904551629000025, 35.624579169000071 ], [ 119.647959832000083, 35.583929755000042 ], [ 119.551524285000028, 35.380031643000052 ], [ 119.423920118000069, 35.313462632000039 ], [ 119.358002149000072, 35.09711334800005 ], [ 118.861820102615638, 35.032745673074317 ], [ 118.745961542391228, 34.730076808697731 ], [ 118.464014926747382, 34.680880845874299 ], [ 118.342782017076388, 34.418571275144188 ], [ 118.165428500624785, 34.399244290391664 ], [ 118.076958448873256, 34.640754096224555 ], [ 117.928130324254994, 34.677831936394739 ], [ 117.790050896731486, 34.651166897434337 ], [ 117.768501824799273, 34.523241888702159 ], [ 117.546603224559135, 34.462444566263684 ], [ 117.336951939080677, 34.588612575809691 ], [ 117.181819289028908, 34.450145575557826 ], [ 116.967672154146499, 34.851516424843112 ], [ 116.818533970266458, 34.962078151785249 ], [ 116.470028110908515, 34.898257758288878 ], [ 116.377217237585455, 34.639539700296893 ], [ 116.243323602002533, 34.568329575749317 ], [ 115.993674758083557, 34.621607977725944 ], [ 115.541712681095305, 34.577527981031494 ], [ 115.429264763757828, 34.779712021992225 ], [ 115.216047804862228, 34.835729275085953 ], [ 115.181631301443417, 34.939986477493903 ], [ 114.834210646803854, 35.016183376961237 ], [ 114.851573927694517, 35.178163153906382 ], [ 115.068356560906523, 35.380114650870439 ], [ 115.340381300856279, 35.48517283805603 ], [ 115.504247268196877, 35.722832750530984 ], [ 115.873785434650017, 35.865511380246005 ], [ 115.863450148705397, 35.925042629913435 ], [ 116.033672317423452, 35.96581533470993 ], [ 116.091704950323106, 36.068238023565925 ], [ 115.468228794323409, 35.912924506360866 ], [ 115.320330844792579, 35.781072089005704 ], [ 115.460322300233884, 36.157870795300937 ], [ 115.276147496209887, 36.479737454120198 ], [ 115.477840610755493, 36.753570868300926 ], [ 115.664392530690748, 36.81527252920381 ], [ 115.773016392192744, 36.945703844157038 ], [ 115.975019566000128, 37.321701564775367 ], [ 116.226528761892837, 37.363456122402113 ], [ 116.350087110631648, 37.620908108522372 ], [ 116.425172967858089, 37.480709947506057 ], [ 116.792799107292922, 37.83825918251523 ], [ 117.420616083065738, 37.846682441441487 ], [ 117.837159029465624, 38.270907582019277 ] ] ], [ [ [ 120.722422722000033, 37.919094143000052 ], [ 120.757334832000083, 37.922674872000073 ], [ 120.754567905000044, 37.896673895000049 ], [ 120.722422722000033, 37.919094143000052 ] ] ], [ [ [ 120.601898634, 37.969305731000077 ], [ 120.625824415000011, 37.972560940000051 ], [ 120.622894727000016, 37.948797919000071 ], [ 120.601898634, 37.969305731000077 ] ] ], [ [ [ 120.704112175000091, 37.989650783000059 ], [ 120.720469597000033, 37.964016018000052 ], [ 120.688243035000028, 37.985256252000056 ], [ 120.704112175000091, 37.989650783000059 ] ] ], [ [ [ 120.760427280000044, 38.170477606000077 ], [ 120.773285352000016, 38.159735419000071 ], [ 120.742686394000089, 38.187567450000074 ], [ 120.760427280000044, 38.170477606000077 ] ] ], [ [ [ 120.836192254000025, 38.304266669000071 ], [ 120.807383660000028, 38.304877020000049 ], [ 120.833750847000033, 38.312567450000074 ], [ 120.836192254000025, 38.304266669000071 ] ] ], [ [ [ 120.924571160000028, 38.386867580000057 ], [ 120.906911655000044, 38.392564195000034 ], [ 120.917816602000016, 38.395453192000048 ], [ 120.924571160000028, 38.386867580000057 ] ] ] ] } },
{ "type": "Feature", "properties": { "id": "hebei", "name_en": "Hebei", "name_cn": "河北" }, "geometry": { "type": "MultiPolygon", "coordinates": [ [ [ [ 117.543549024000072, 38.621323960000041 ], [ 117.837159029465624, 38.270907582019277 ], [ 117.754084099701345, 38.128163967293233 ], [ 117.568669061328023, 38.048918159245659 ], [ 117.413174676969675, 37.843685207905992 ], [ 116.781947055612136, 37.83384084747712 ], [ 116.425172967858089, 37.480709947506057 ], [ 116.350087110631648, 37.620908108522372 ], [ 116.226528761892837, 37.363456122402113 ], [ 115.977189976336263, 37.323794460745773 ], [ 115.773016392192744, 36.945703844157038 ], [ 115.664392530690748, 36.81527252920381 ], [ 115.477840610755493, 36.753570868300926 ], [ 115.276147496209887, 36.479737454120198 ], [ 115.455826450830045, 36.227091375766349 ], [ 115.349683058925962, 36.082190659771129 ], [ 115.189796177051903, 36.182933864706058 ], [ 114.930690546331562, 36.056559150484361 ], [ 114.842272169624835, 36.148646552496359 ], [ 114.560635614142257, 36.134383857029377 ], [ 114.073533563323281, 36.27161062293186 ], [ 113.989300978557253, 36.359021308386673 ], [ 113.721048619398175, 36.355869046119551 ], [ 113.535116815288802, 36.483380641903068 ], [ 113.440290562159703, 36.725148831053673 ], [ 113.770813023002574, 36.868189195075274 ], [ 113.75432824125528, 37.11494415914558 ], [ 114.106451450873692, 37.669380601833268 ], [ 113.790656772591888, 38.152865302391774 ], [ 113.539457635961071, 38.252135728980704 ], [ 113.534496697664395, 38.53728628193636 ], [ 113.825124952854253, 38.810267035395327 ], [ 113.754224887568512, 38.931267401969023 ], [ 113.853340285425816, 39.072292385285323 ], [ 114.267991978247096, 39.082085068870811 ], [ 114.405606316877993, 39.183913479423495 ], [ 114.540946893284399, 39.531230781275497 ], [ 114.402143996248356, 39.658458157118218 ], [ 114.388088007255647, 39.857619127021053 ], [ 114.058030634406236, 39.924488429997041 ], [ 113.924447056286567, 40.02908152918917 ], [ 113.995967238297339, 40.131814277307058 ], [ 114.060821160568025, 40.086674913416516 ], [ 114.099630162402036, 40.196823229208633 ], [ 114.510767856851089, 40.333559067796728 ], [ 114.295122105200903, 40.366787013709711 ], [ 114.154097120985284, 40.74257803055167 ], [ 113.822799513786435, 41.094184475333236 ], [ 113.987699009001972, 41.169838772441381 ], [ 113.927961053759532, 41.418350734798537 ], [ 114.190373977277204, 41.584206244422603 ], [ 114.231921828429563, 41.826904609560074 ], [ 114.522911818825378, 42.115879218351211 ], [ 114.804858432670471, 42.178407701554136 ], [ 114.923094109705403, 41.927105211236494 ], [ 114.877153761936484, 41.612447415415886 ], [ 115.239973992705586, 41.586040757974558 ], [ 115.341311476843089, 41.615858059202026 ], [ 115.339761184131248, 41.720838731122512 ], [ 115.880089960083524, 41.933409735770681 ], [ 116.05661665243656, 41.798482571413501 ], [ 116.377527296847234, 42.009684150503119 ], [ 116.599735956349264, 41.923720404972698 ], [ 116.797294956696874, 41.986998196109823 ], [ 116.889434034652936, 42.063375962730447 ], [ 116.826595493986815, 42.308167222938948 ], [ 116.887108595585119, 42.395371201919431 ], [ 117.103426140803663, 42.476115628533421 ], [ 117.412399529714435, 42.458080553174966 ], [ 117.529394973299304, 42.620241197273401 ], [ 117.593628777945696, 42.551589056689579 ], [ 117.801884800343259, 42.609750881697835 ], [ 118.024248487677482, 42.382632962541152 ], [ 117.989315220321146, 42.221609199105217 ], [ 118.098559197648797, 42.175643012015371 ], [ 118.124810826358498, 42.029321194517479 ], [ 118.277152948449725, 42.062445786743638 ], [ 118.302887811423261, 41.785563463083349 ], [ 118.151630894050527, 41.75047516519669 ], [ 118.313636509417279, 41.569555976227321 ], [ 118.358905063617726, 41.322620144104349 ], [ 118.808903435844854, 41.382849025761914 ], [ 119.238282912126692, 41.319829617043183 ], [ 119.163507115061293, 41.176401679393962 ], [ 118.937112665417089, 41.060543118270289 ], [ 119.010338168871385, 40.976258857560197 ], [ 118.902179397161376, 40.956621811747198 ], [ 118.849262730390592, 40.82983368637548 ], [ 119.061549514198646, 40.651369126783777 ], [ 119.190998977220943, 40.700410060875583 ], [ 119.293628370752685, 40.530704657893637 ], [ 119.563689405941318, 40.540058091907383 ], [ 119.634744500858005, 40.209070543071107 ], [ 119.742593215104762, 40.205194811291506 ], [ 119.741818068748785, 40.090473130830276 ], [ 119.850189649000072, 39.986314195000034 ], [ 119.535592388000055, 39.890825588000041 ], [ 119.530698935000032, 39.814702212000043 ], [ 119.367865716000097, 39.748348207000049 ], [ 119.208588087000066, 39.569566148000035 ], [ 119.281398136, 39.575013724000087 ], [ 119.279429329000095, 39.384005608000052 ], [ 118.910411004000025, 39.125433661000045 ], [ 118.96998131600003, 39.193304755000042 ], [ 118.873789910000028, 39.213812567000048 ], [ 118.32609628900002, 39.030932246000077 ], [ 118.009563314133601, 39.21855181175426 ], [ 118.007918735561134, 39.342663478836471 ], [ 117.87619551031446, 39.424596462956401 ], [ 117.905082635555118, 39.553890896347752 ], [ 117.62478966720937, 39.578463040237068 ], [ 117.533115676347393, 39.750416367921048 ], [ 117.502988315858033, 39.992908027483452 ], [ 117.772687615840709, 39.9648994004869 ], [ 117.755324334950046, 40.058175360904158 ], [ 117.287962680932878, 40.297850654084414 ], [ 117.184144728995989, 40.497270006405643 ], [ 117.485935093329886, 40.661936956725128 ], [ 116.958835484070278, 40.718341783446533 ], [ 116.642730748325334, 41.045608629234835 ], [ 116.454060093098747, 40.902826645832988 ], [ 116.350862257886888, 40.926132716951315 ], [ 116.468012730203327, 40.765574042408105 ], [ 116.22611534984344, 40.7647472192088 ], [ 116.039408401176729, 40.601914781541893 ], [ 115.727851189880425, 40.556026108817832 ], [ 115.943031854436526, 40.271521511008928 ], [ 115.425234003246601, 39.985466620488125 ], [ 115.56569054578199, 39.8007233747839 ], [ 115.440943637738656, 39.770053411935407 ], [ 115.471949498270646, 39.629157619828277 ], [ 115.755911492821042, 39.508958238032221 ], [ 116.195522902260109, 39.577842923512094 ], [ 116.410393507554318, 39.440435289556945 ], [ 116.564389276044153, 39.597531643470575 ], [ 116.793419224017953, 39.602311712815265 ], [ 116.826130405993354, 39.216547146133848 ], [ 116.91010460834093, 39.130066637565221 ], [ 116.695802443827688, 38.993382473122608 ], [ 116.723449334719021, 38.803213202027621 ], [ 117.255664911006761, 38.561367499410551 ], [ 117.543549024000072, 38.621323960000041 ] ] ], [ [ [ 118.559717761, 39.003125154000088 ], [ 118.648736281000083, 39.04465116700004 ], [ 118.594320566000079, 38.972197399000038 ], [ 118.480275913000014, 38.934819522000055 ], [ 118.478482745000065, 39.042857813000069 ], [ 118.559717761, 39.003125154000088 ] ] ], [ [ [ 117.239076775572698, 40.092617702744747 ], [ 117.148436314384298, 39.955752672048163 ], [ 117.263106317102825, 39.851237088121081 ], [ 117.184299757727558, 39.808784898504257 ], [ 117.169416944636282, 39.627245591910537 ], [ 116.875636428078678, 39.686466783215451 ], [ 116.928708123581032, 39.801395169251634 ], [ 116.784427525210049, 39.885627753118285 ], [ 116.76499718587138, 40.018952948819503 ], [ 117.239076775572698, 40.092617702744747 ] ] ] ] } },
{ "type": "Feature", "properties": { "id": "tianjin", "name_en": "Tianjin", "name_cn": "天津" }, "geometry": { "type": "Polygon", "coordinates": [ [ [ 118.009563314133601, 39.21855181175426 ], [ 117.715424024000072, 39.111395575000074 ], [ 117.775263945, 38.981058362000056 ], [ 117.701914910000028, 38.995306708000044 ], [ 117.543549024000072, 38.621323960000041 ], [ 117.248533563273327, 38.563150336119122 ], [ 117.035626661840979, 38.707715156229426 ], [ 116.880752395106924, 38.699395250090674 ], [ 116.687740920107331, 38.874940090512723 ], [ 116.700608351594155, 39.000410468068651 ], [ 116.91010460834093, 39.130066637565221 ], [ 116.826130405993354, 39.216547146133848 ], [ 116.793419224017953, 39.602311712815265 ], [ 116.875636428078678, 39.686466783215451 ], [ 117.174377882932959, 39.632929998820373 ], [ 117.184299757727558, 39.808784898504257 ], [ 117.263106317102825, 39.851237088121081 ], [ 117.148436314384298, 39.955752672048163 ], [ 117.356795688670104, 40.257026272444477 ], [ 117.755324334950046, 40.058175360904158 ], [ 117.772687615840709, 39.9648994004869 ], [ 117.502988315858033, 39.992908027483452 ], [ 117.533115676347393, 39.750416367921048 ], [ 117.62478966720937, 39.578463040237068 ], [ 117.905082635555118, 39.553890896347752 ], [ 117.87619551031446, 39.424596462956401 ], [ 118.007918735561134, 39.342663478836471 ], [ 118.009563314133601, 39.21855181175426 ] ] ] } },
{ "type": "Feature", "properties": { "id": "beijing", "name_en": "Beijing", "name_cn": "北京" }, "geometry": { "type": "Polygon", "coordinates": [ [ [ 117.356795688670104, 40.257026272444477 ], [ 117.301088494838154, 40.104322415147294 ], [ 116.76499718587138, 40.018952948819503 ], [ 116.784427525210049, 39.885627753118285 ], [ 116.928708123581032, 39.801395169251634 ], [ 116.875636428078678, 39.686466783215451 ], [ 116.793419224017953, 39.602311712815265 ], [ 116.444293247934979, 39.531980089209753 ], [ 116.433544549940962, 39.442347317474685 ], [ 116.195522902260109, 39.577842923512094 ], [ 115.755911492821042, 39.508958238032221 ], [ 115.463422885657565, 39.643213608820986 ], [ 115.440943637738656, 39.770053411935407 ], [ 115.56569054578199, 39.8007233747839 ], [ 115.425234003246601, 39.985466620488125 ], [ 115.943031854436526, 40.271521511008928 ], [ 115.727851189880425, 40.556026108817832 ], [ 116.039408401176729, 40.601914781541893 ], [ 116.22611534984344, 40.7647472192088 ], [ 116.468012730203327, 40.765574042408105 ], [ 116.350862257886888, 40.926132716951315 ], [ 116.454060093098747, 40.902826645832988 ], [ 116.617926060439345, 41.045169378763774 ], [ 116.958835484070278, 40.718341783446533 ], [ 117.485935093329886, 40.661936956725128 ], [ 117.184919875351966, 40.512049464910831 ], [ 117.356795688670104, 40.257026272444477 ] ] ] } },
{ "type": "Feature", "properties": { "id": "sichuan", "name_en": "Sichuan", "name_cn": "四川" }, "geometry": { "type": "Polygon", "coordinates": [ [ [ 108.518368767904292, 32.197569892036881 ], [ 108.361169061203157, 32.167184150028504 ], [ 108.416876255035106, 32.089333604162505 ], [ 108.260193313170817, 31.954638983802056 ], [ 108.516198357568101, 31.708271593359314 ], [ 108.037364536943755, 31.229799506142285 ], [ 107.929515821797679, 30.872663683182395 ], [ 107.824922722605493, 30.798637193151933 ], [ 107.721518181818567, 30.889225979295475 ], [ 107.477192011402167, 30.791118271790765 ], [ 107.477605421652868, 30.60950145083126 ], [ 107.032929722028996, 30.057855536104114 ], [ 106.729227329777416, 30.049949042014646 ], [ 106.54412234886729, 30.339905504535409 ], [ 106.239024692635439, 30.220248725098543 ], [ 106.12471642512287, 30.342334296390618 ], [ 105.833106317102818, 30.436282050376292 ], [ 105.555190463768838, 30.175858670041578 ], [ 105.748563673974331, 30.020777695933873 ], [ 105.716575962410673, 29.873267320030777 ], [ 105.390859410233531, 29.692193102329782 ], [ 105.29779015539134, 29.500318507992745 ], [ 105.457883741941089, 29.315032659929273 ], [ 105.703656854080521, 29.299762275008959 ], [ 105.795124139367488, 28.93652863219063 ], [ 106.000382928229499, 28.974433295560118 ], [ 106.247602981192586, 28.884723009459321 ], [ 106.382426791862883, 28.572494005493922 ], [ 106.314162224906738, 28.471027330147137 ], [ 105.975268181980994, 28.755221868694264 ], [ 105.891914097257711, 28.609313463245712 ], [ 105.679472283818825, 28.579134425913026 ], [ 105.618804151690199, 28.491465358939138 ], [ 105.652187128133392, 28.331165065915059 ], [ 105.866024204653286, 28.258352972711521 ], [ 105.891759067626822, 28.15388906472856 ], [ 106.172982211959493, 28.148178819397003 ], [ 106.339742059148648, 27.828379218126372 ], [ 105.646916132373576, 27.678129991106175 ], [ 105.479794549978465, 27.783885810281902 ], [ 105.296963332191979, 27.721744899807277 ], [ 105.228130323555547, 27.855793565020974 ], [ 105.282390578362481, 28.000745957859635 ], [ 105.055737746299883, 28.088130804892728 ], [ 104.887996047179797, 27.895765285939149 ], [ 104.588479445070277, 27.848274644559183 ], [ 104.349837680664393, 27.990178127918227 ], [ 104.333817986910503, 28.046737983371202 ], [ 104.442441848412557, 28.089655260082168 ], [ 104.423993361004761, 28.229155789108347 ], [ 104.263538039249056, 28.345996202163008 ], [ 104.254546340441209, 28.53949860357767 ], [ 104.442958612350026, 28.624532172221961 ], [ 103.973064812790824, 28.613111681558848 ], [ 103.866611363423658, 28.67520091429077 ], [ 103.795246210144455, 28.531178697438918 ], [ 103.880305617210411, 28.325739041423617 ], [ 103.722279087309971, 28.21553904878806 ], [ 103.57179731719242, 28.243185940578655 ], [ 103.455111931970066, 28.133941962351685 ], [ 103.441210971708927, 28.042397161799556 ], [ 103.564976026922068, 27.983124295449841 ], [ 103.45170128818387, 27.759985459961001 ], [ 103.120765415291658, 27.412254746958979 ], [ 102.95483239130175, 27.420781357773421 ], [ 102.889461705093595, 27.291486925281333 ], [ 102.901347283750113, 26.924739284989982 ], [ 103.057926873726217, 26.557242336764432 ], [ 102.988473749264074, 26.365186876173368 ], [ 102.681102329908583, 26.221603908893258 ], [ 102.568137648633524, 26.378648586862766 ], [ 102.112558221384745, 26.084428818934839 ], [ 101.849525181142155, 26.034845282483786 ], [ 101.763742302765024, 26.176335353793547 ], [ 101.582358025802193, 26.219045924929446 ], [ 101.643749628342619, 26.368442491227995 ], [ 101.412445917245236, 26.569670517780139 ], [ 101.500399205059239, 26.774800116332301 ], [ 101.397666456941408, 26.735293484306851 ], [ 101.152513462426327, 27.027342840999268 ], [ 101.168016392242691, 27.19601471610622 ], [ 101.008801303936991, 27.188444118801044 ], [ 100.977950473935209, 27.373652452498675 ], [ 100.6609155622034, 27.875094713150474 ], [ 100.432040642961283, 27.845639146229587 ], [ 100.320626255297384, 27.733139552947989 ], [ 100.288070102952872, 27.864371853578177 ], [ 100.072062616096787, 28.044179999407447 ], [ 100.028241000921412, 28.169366157022523 ], [ 100.162031284616035, 28.236261298420175 ], [ 100.150249057847702, 28.327831936494647 ], [ 99.845616489609256, 28.603809923489166 ], [ 99.718854200860619, 28.84227081984244 ], [ 99.373448927825734, 28.518931383576444 ], [ 99.398925409280196, 28.126500556255621 ], [ 99.162557407997951, 28.43816111944011 ], [ 99.108813918027863, 29.224185492266656 ], [ 98.986754185157452, 29.650903631797178 ], [ 99.056310663306419, 29.915331936020038 ], [ 98.905363804296087, 30.663813381582258 ], [ 98.96070926292208, 30.727194526406265 ], [ 98.603780144637938, 31.16975149253733 ], [ 98.649100375681769, 31.316693426760196 ], [ 98.767801140710048, 31.230367946923195 ], [ 98.884951613026487, 31.354081326192215 ], [ 98.425651482729677, 31.81340729401137 ], [ 98.452988316157814, 31.984094549823624 ], [ 98.205768264094047, 32.355648097881385 ], [ 97.663734164899722, 32.559899197290122 ], [ 97.39160607306178, 32.761618150257391 ], [ 97.360961948635008, 32.897036241029696 ], [ 97.499919875301941, 33.008295599961968 ], [ 97.495062289792827, 33.187457791543807 ], [ 97.737476434090127, 33.39646312097625 ], [ 97.509221633371624, 33.471238918940912 ], [ 97.386180047671019, 33.621384793173661 ], [ 97.364837681313929, 33.825790921313967 ], [ 97.658463169139907, 34.004798082365596 ], [ 97.751119011932815, 33.859432278376914 ], [ 98.034925978650961, 33.959787908784961 ], [ 98.429217157046139, 33.855763251273004 ], [ 98.65375125471661, 33.665723172286562 ], [ 98.871619094445634, 33.159216620550581 ], [ 99.199971144952315, 33.017028917250684 ], [ 99.289371371791333, 32.887140203757383 ], [ 99.698545363277844, 32.744616604572627 ], [ 99.875898878830128, 33.024599514555916 ], [ 100.144823033356261, 32.838616034502365 ], [ 100.142032505395775, 32.647594102685673 ], [ 100.399432814672593, 32.758388372725221 ], [ 100.488781365567547, 32.683612576559142 ], [ 100.56092166520267, 32.563335680397302 ], [ 100.466457147279471, 32.464737047376786 ], [ 100.531207716762651, 32.403397122579122 ], [ 100.674713168777657, 32.683095810822977 ], [ 100.921468133747339, 32.626225897906863 ], [ 101.170806919303857, 32.688340969060448 ], [ 101.237366163917272, 32.81828135849787 ], [ 101.127192010602755, 32.954112861319459 ], [ 101.18413943878403, 33.152757066385504 ], [ 101.445157098321374, 33.235852768690279 ], [ 101.643646274655794, 33.127771511346168 ], [ 101.726948684334275, 33.267788805209193 ], [ 101.668761020904356, 33.382846381555225 ], [ 101.795368280022046, 33.605080878579656 ], [ 101.924662714312774, 33.433153388418134 ], [ 101.824720494155429, 33.248280951504682 ], [ 101.856036412150672, 33.120175076518535 ], [ 102.481838007218244, 33.465037747194231 ], [ 102.171210971908806, 33.941752835225145 ], [ 102.635161981240401, 34.088513902294721 ], [ 102.588498163059739, 34.16039582041077 ], [ 102.91245771695003, 34.299715481384339 ], [ 103.140557488936906, 34.147270006505551 ], [ 103.228562452694973, 33.783312893275365 ], [ 103.541411574284666, 33.817419339231094 ], [ 103.531282993914999, 33.706315009030448 ], [ 104.144527215858261, 33.639600734786086 ], [ 104.174654576347564, 33.490152493442793 ], [ 104.385804477694421, 33.320085354355626 ], [ 104.282038201701596, 33.282103175720977 ], [ 104.415776808552835, 33.034469713406509 ], [ 104.282141555388421, 32.85721954974241 ], [ 104.585688918009112, 32.675447700051279 ], [ 105.112685175380477, 32.59434153913071 ], [ 105.428893263912983, 32.737485255939816 ], [ 105.375201450786278, 32.847607734209532 ], [ 105.446566604065481, 32.917086697093396 ], [ 105.613688185561273, 32.702577826105767 ], [ 106.08234174987183, 32.873523464336415 ], [ 106.059500766746964, 32.706091824478108 ], [ 106.228947789109156, 32.591964423219508 ], [ 106.723129510818239, 32.741645209458852 ], [ 107.038975865044108, 32.717977403134626 ], [ 107.079593540209657, 32.51357127499432 ], [ 107.256223586249462, 32.444531562581517 ], [ 107.441793654253672, 32.532846584702099 ], [ 107.459622024037117, 32.408642279917274 ], [ 107.659196405089972, 32.388617662275294 ], [ 107.980417107863218, 32.148322252370008 ], [ 108.250994907888639, 32.264826769539752 ], [ 108.518368767904292, 32.197569892036881 ] ] ] } },
{ "type": "Feature", "properties": { "id": "chongqing", "name_en": "Chongqing", "name_cn": "重庆" }, "geometry": { "type": "Polygon", "coordinates": [ [ [ 107.811538527181256, 30.798017076426902 ], [ 107.94920454265548, 30.899923001345428 ], [ 108.037364536943755, 31.229799506142285 ], [ 108.521159295864777, 31.719821275231652 ], [ 108.260193313170817, 31.948127752793539 ], [ 108.416876255035106, 32.089333604162505 ], [ 108.388970981725379, 32.184289049400093 ], [ 108.518368767904292, 32.197569892036881 ], [ 109.055907016795345, 31.940634670753411 ], [ 109.303230421646617, 31.709356798077749 ], [ 109.658764275950546, 31.718115952888922 ], [ 109.732609897928398, 31.561122951762798 ], [ 109.968151076011281, 31.503426214748004 ], [ 110.146744825912947, 31.331111151858124 ], [ 110.078635288587634, 30.834603990181961 ], [ 109.870689324552643, 30.88858002414878 ], [ 109.394180942996059, 30.583740750335323 ], [ 108.964646437982708, 30.607486070126015 ], [ 108.732515903685965, 30.519713650364679 ], [ 108.661305780037651, 30.575420844196572 ], [ 108.380599399642563, 30.399695135721913 ], [ 108.543483514152797, 30.280994370693634 ], [ 108.536558872893636, 29.874352524749213 ], [ 108.404783969904258, 29.838669949458563 ], [ 108.440492385415212, 29.743481961123564 ], [ 108.512632684151015, 29.72185537392636 ], [ 108.640790235980546, 29.846550605126311 ], [ 108.696032342718411, 29.698161729180413 ], [ 108.889405552024584, 29.622352403340699 ], [ 108.920566441288202, 29.348984076254112 ], [ 109.285712111125008, 29.030269679701917 ], [ 109.281061232989487, 28.720882880540501 ], [ 109.213210077183248, 28.628795478528502 ], [ 109.284626906406572, 28.573475857424853 ], [ 109.155332473015164, 28.435525621110514 ], [ 109.084587437360312, 28.193602403228283 ], [ 108.736391636364885, 28.21553904878806 ], [ 108.783727248113962, 28.426094671831606 ], [ 108.712362094834759, 28.484799099199051 ], [ 108.640790235980546, 28.45857330981039 ], [ 108.679134148921776, 28.332792873892004 ], [ 108.600947707170917, 28.341732895856467 ], [ 108.578881871301292, 28.606729640860237 ], [ 108.323031853836937, 28.705845037818221 ], [ 108.375948520607722, 28.794366767312454 ], [ 108.29321455260947, 29.077243557144413 ], [ 107.850037469753374, 28.982598171168661 ], [ 107.777587110856416, 29.145947374571676 ], [ 107.486648798203419, 29.244210109908636 ], [ 107.417247348786077, 29.137808336485534 ], [ 107.499671259321133, 29.003062039281645 ], [ 107.446599562919459, 28.885058906243501 ], [ 107.270176223353985, 28.804753730100572 ], [ 107.130856560581776, 28.898029690517774 ], [ 107.015514764294892, 28.87986542395015 ], [ 106.84916832915502, 28.773024400055988 ], [ 106.837231072755742, 28.622852688300895 ], [ 106.693984003159187, 28.482783718493806 ], [ 106.555129429279702, 28.51523651805087 ], [ 106.62773481690823, 28.648355007277758 ], [ 106.489190302290581, 28.831677151479312 ], [ 106.474462517930817, 28.53681142840469 ], [ 106.298039178365343, 28.672436224751948 ], [ 106.22724246586705, 28.896789456168449 ], [ 106.000382928229499, 28.974433295560118 ], [ 105.795124139367488, 28.93652863219063 ], [ 105.703656854080521, 29.299762275008959 ], [ 105.457883741941089, 29.315032659929273 ], [ 105.292622512418973, 29.510472926784132 ], [ 105.390859410233531, 29.692193102329782 ], [ 105.716575962410673, 29.873267320030777 ], [ 105.748563673974331, 30.020777695933873 ], [ 105.552865024701077, 30.167254543962031 ], [ 105.728254836391557, 30.276731065286413 ], [ 105.801790399107574, 30.432742214481607 ], [ 106.12471642512287, 30.342334296390618 ], [ 106.239024692635439, 30.220248725098543 ], [ 106.54412234886729, 30.339905504535409 ], [ 106.729227329777416, 30.049949042014646 ], [ 107.018201938568552, 30.054289862686971 ], [ 107.477605421652868, 30.60950145083126 ], [ 107.507577753410544, 30.821994941113644 ], [ 107.721518181818567, 30.889225979295475 ], [ 107.811538527181256, 30.798017076426902 ] ] ] } },
{ "type": "Feature", "properties": { "id": "guizhou", "name_en": "Guizhou", "name_cn": "贵州" }, "geometry": { "type": "Polygon", "coordinates": [ [ [ 107.496105585004727, 29.246096300303975 ], [ 107.777587110856416, 29.145947374571676 ], [ 107.850037469753374, 28.982598171168661 ], [ 108.296160109301582, 29.075925808429304 ], [ 108.375948520607722, 28.794366767312454 ], [ 108.330318231201375, 28.689153551395236 ], [ 108.578881871301292, 28.606729640860237 ], [ 108.607458938179434, 28.335195828224869 ], [ 108.681304559257967, 28.337702135345239 ], [ 108.649936965318659, 28.470949814882033 ], [ 108.780936721052797, 28.432140814846719 ], [ 108.736391636364885, 28.21553904878806 ], [ 109.084587437360312, 28.193602403228283 ], [ 109.163135614317127, 28.449891669365059 ], [ 109.258375278596191, 28.505908922458786 ], [ 109.263852980830336, 28.322225043051276 ], [ 109.358627557116051, 28.248069362710908 ], [ 109.310826858272833, 27.887652086274727 ], [ 109.441929965895156, 27.591081040857318 ], [ 108.787913039155399, 27.09410879208707 ], [ 108.892196079985069, 27.009023545700074 ], [ 109.0954911640859, 27.134442247311824 ], [ 109.147581007657323, 27.077882391858907 ], [ 109.3818819522902, 27.151857205045985 ], [ 109.504200066679687, 27.054266262378064 ], [ 109.443841993812896, 26.897919216398691 ], [ 109.515517206353934, 26.83391795484971 ], [ 109.281371291351945, 26.711057237201715 ], [ 109.406738316120368, 26.597239895205007 ], [ 109.291603225408494, 26.337514145961052 ], [ 109.406893344851937, 26.263771878569344 ], [ 109.456709426199041, 26.038850206371933 ], [ 109.300439894585395, 25.743054308209764 ], [ 109.166701287734213, 25.80943268477057 ], [ 109.138589308849475, 25.747989407185401 ], [ 109.085362582816913, 25.805427760882424 ], [ 108.926509230616432, 25.760288397891259 ], [ 108.865479364181283, 25.658098253031937 ], [ 109.041334262965847, 25.720394192238189 ], [ 109.041437615753296, 25.543350735048364 ], [ 108.774115431681764, 25.521930854325433 ], [ 108.759491001008826, 25.60859223094667 ], [ 108.69463707873814, 25.602003486471688 ], [ 108.568029819620449, 25.447206733204155 ], [ 108.598467237572891, 25.311323554438445 ], [ 108.421113722919927, 25.508701686733446 ], [ 108.293369582240359, 25.538699856013523 ], [ 108.134154493934716, 25.39139618568538 ], [ 108.109659865310505, 25.235798448539526 ], [ 107.861871373365148, 25.145958971229504 ], [ 107.676869745242527, 25.20603282325618 ], [ 107.640902948212442, 25.31277049436278 ], [ 107.473574660242321, 25.219494533945578 ], [ 107.244234653906119, 25.558595282446333 ], [ 107.077939894710312, 25.52844208443463 ], [ 106.974587029867507, 25.440437119777243 ], [ 106.98621422700495, 25.242929796273074 ], [ 106.155722283856278, 24.960363063904254 ], [ 106.199440546244148, 24.829854233685921 ], [ 106.020743442655714, 24.641907049770509 ], [ 105.188701205895882, 25.008783881271086 ], [ 104.841073845681365, 24.694952907750462 ], [ 104.729349399655007, 24.631390895773222 ], [ 104.630337356383848, 24.682912299463055 ], [ 104.545639682725152, 24.813421128782068 ], [ 104.789087355796767, 25.250758775097381 ], [ 104.565845168419742, 25.381190090050609 ], [ 104.546104770718557, 25.501286119059102 ], [ 104.433450148705333, 25.500666002334128 ], [ 104.298626337135715, 25.754500637294541 ], [ 104.388491651968138, 25.771528022300345 ], [ 104.390041944679979, 25.943610541193493 ], [ 104.676949496821805, 26.381619981077222 ], [ 104.417172071633729, 26.718162747412862 ], [ 104.330614047799997, 26.631268825895575 ], [ 104.123753290282082, 26.643903713385669 ], [ 104.027066685179364, 26.515384426350181 ], [ 103.829249302413359, 26.547113756394708 ], [ 103.71514773957648, 26.815960394756416 ], [ 103.778296340403756, 26.955874334932616 ], [ 103.599289177553487, 27.083127550096322 ], [ 103.923713820336502, 27.395020657277485 ], [ 104.174344517085729, 27.271513984482795 ], [ 104.360999789808432, 27.447007148061402 ], [ 104.509672885695068, 27.319288844904236 ], [ 104.864018181593735, 27.307920030185244 ], [ 105.19738284724059, 27.398638007538011 ], [ 105.368380162314622, 27.763706163008976 ], [ 105.519533726000589, 27.777064520910869 ], [ 105.646916132373576, 27.678129991106175 ], [ 106.285740187659485, 27.795900580147645 ], [ 106.34537479011442, 27.83494212507901 ], [ 106.302690057400184, 27.991030789539309 ], [ 106.181457146829814, 28.141745102754271 ], [ 105.891759067626822, 28.15388906472856 ], [ 105.866024204653286, 28.258352972711521 ], [ 105.652187128133392, 28.331165065915059 ], [ 105.618804151690199, 28.491465358939138 ], [ 105.679472283818825, 28.579134425913026 ], [ 105.891914097257711, 28.609313463245712 ], [ 105.975268181980994, 28.755221868694264 ], [ 106.325634393312555, 28.471440741297158 ], [ 106.382426791862883, 28.572494005493922 ], [ 106.488725214297176, 28.540971381024406 ], [ 106.476322869904493, 28.834751899380649 ], [ 106.62773481690823, 28.648355007277758 ], [ 106.555129429279702, 28.51523651805087 ], [ 106.730157504864906, 28.483326320852996 ], [ 106.84916832915502, 28.773024400055988 ], [ 107.015514764294892, 28.87986542395015 ], [ 107.130856560581776, 28.898029690517774 ], [ 107.270176223353985, 28.804753730100572 ], [ 107.446599562919459, 28.885058906243501 ], [ 107.499671259321133, 29.003062039281645 ], [ 107.417247348786077, 29.137808336485534 ], [ 107.496105585004727, 29.246096300303975 ] ] ] } },
{ "type": "Feature", "properties": { "id": "hunan", "name_en": "Hunan", "name_cn": "湖南" }, "geometry": { "type": "Polygon", "coordinates": [ [ [ 109.263852980830336, 28.322225043051276 ], [ 109.285091994399977, 28.584637966568891 ], [ 109.213210077183248, 28.628795478528502 ], [ 109.281061232989487, 28.720882880540501 ], [ 109.285712111125008, 29.030269679701917 ], [ 109.206595494286603, 29.104244492888995 ], [ 109.436348911772825, 29.54031606733264 ], [ 109.685119257447752, 29.600725816143495 ], [ 109.783201124732102, 29.734929510988138 ], [ 110.103905063567765, 29.78541738500428 ], [ 110.376859978605069, 29.653539130126717 ], [ 110.591162144017687, 29.771361396011571 ], [ 110.473391554976217, 29.90626272194703 ], [ 110.50119347459912, 30.04615082370151 ], [ 110.698700799901928, 30.024730942978636 ], [ 110.764794957421316, 30.098395697803198 ], [ 111.246160922688375, 30.031733100402221 ], [ 111.396229282555282, 29.924685370033785 ], [ 111.754760370394706, 29.924711209354825 ], [ 112.213802118273065, 29.673098659775292 ], [ 112.281911655598378, 29.536931261068844 ], [ 112.450893589067846, 29.644004828060361 ], [ 112.664885695218572, 29.631938381351176 ], [ 112.886164178733793, 29.791773587281227 ], [ 112.936290318443412, 29.693304145469938 ], [ 113.012926466583167, 29.772989203089253 ], [ 112.90848839702187, 29.600803331408599 ], [ 112.935825229550687, 29.480526435246759 ], [ 113.032873569859362, 29.519051215341278 ], [ 113.066463250978245, 29.442363390358139 ], [ 113.590307245183226, 29.879959418192584 ], [ 113.533256464214446, 29.693304145469938 ], [ 113.649425082801258, 29.676276760464077 ], [ 113.729523554268553, 29.445541490147605 ], [ 113.580902134326038, 29.253046779984913 ], [ 113.701928339321398, 29.072385973433882 ], [ 113.772828403707763, 29.125302639305346 ], [ 113.902381220416942, 29.066339830418826 ], [ 113.905171746578844, 28.955984809051699 ], [ 114.130480992403818, 28.826121934879382 ], [ 114.056945428788481, 28.564277452142676 ], [ 114.233988885978306, 28.388861802929853 ], [ 113.989145948926307, 28.071852728720444 ], [ 113.7188265322186, 27.963719794532892 ], [ 113.558526239194521, 27.575448919831786 ], [ 113.608600702060698, 27.356728421179696 ], [ 113.850963168615294, 27.345902207920517 ], [ 113.752467889281661, 27.097002671935741 ], [ 113.893234491078829, 26.961041977904927 ], [ 113.864709100144864, 26.655866808206611 ], [ 114.087847934734327, 26.568481961173575 ], [ 113.925377232273377, 26.17036672604354 ], [ 114.215230341107258, 26.180572822577687 ], [ 114.018601515847195, 26.037222398394931 ], [ 113.902846306611764, 25.740186265883437 ], [ 113.982428013242156, 25.581668810467193 ], [ 113.927547641710248, 25.448111069869981 ], [ 113.80910525910042, 25.348220527455339 ], [ 113.569533318707613, 25.323441677091694 ], [ 113.282935825827622, 25.517590032753787 ], [ 112.864615105902317, 25.342794501165258 ], [ 112.889109735425905, 25.241457017927019 ], [ 113.028481073242915, 25.230372423148765 ], [ 112.966882766026743, 25.172365627771512 ], [ 112.988896925952304, 24.963928738220659 ], [ 112.876397332670763, 24.942172959814229 ], [ 112.714081658941382, 24.999507962522443 ], [ 112.637393833058923, 25.130352687726315 ], [ 112.195353631764647, 25.199883328352882 ], [ 112.139646437932697, 24.784430649854585 ], [ 111.667117140943276, 24.779676418931558 ], [ 111.516945429188183, 24.642656357704709 ], [ 111.42661502456366, 24.687253119236061 ], [ 111.474415725205517, 24.804817002702521 ], [ 111.415297885788732, 25.122859604786925 ], [ 111.2639892915725, 25.143866075259155 ], [ 111.023022088998175, 24.921140651819599 ], [ 110.954602492411027, 25.025346178283485 ], [ 110.993204786871388, 25.150764878995972 ], [ 111.282747837342754, 25.430024319466725 ], [ 111.319954868722164, 25.72504507127303 ], [ 111.476121046648927, 25.895861518294396 ], [ 111.278510370357253, 25.861057441247908 ], [ 111.202080926893188, 25.93027802171332 ], [ 111.270965610574422, 26.261498115445647 ], [ 110.947264439102526, 26.389888211271909 ], [ 110.878948195302939, 26.275218206754801 ], [ 110.577054478181594, 26.35079499039648 ], [ 110.536540154904174, 26.224859523947828 ], [ 110.246997105332127, 25.978207913564347 ], [ 110.033625115906318, 26.036498927983132 ], [ 110.062047154052891, 26.149928697251539 ], [ 109.927326695270722, 26.197083441847326 ], [ 109.774622837074219, 26.013761298545091 ], [ 109.7808240088209, 25.916377061452181 ], [ 109.67659264483467, 25.889066067345141 ], [ 109.613392368962593, 26.046059068471209 ], [ 109.456709426199041, 26.038850206371933 ], [ 109.406893344851937, 26.263771878569344 ], [ 109.291603225408494, 26.337514145961052 ], [ 109.408908725557183, 26.577990423918891 ], [ 109.282921584063786, 26.718627835406267 ], [ 109.515517206353934, 26.83391795484971 ], [ 109.443841993812896, 26.897919216398691 ], [ 109.501254510886952, 27.059821478978051 ], [ 109.3818819522902, 27.151857205045985 ], [ 109.147581007657323, 27.077882391858907 ], [ 109.0954911640859, 27.134442247311824 ], [ 108.903513217860677, 27.010186266582934 ], [ 108.788378127148803, 27.088217677803584 ], [ 109.441929965895156, 27.591081040857318 ], [ 109.310826858272833, 27.887652086274727 ], [ 109.358627557116051, 28.248069362710908 ], [ 109.263852980830336, 28.322225043051276 ] ] ] } },
{ "type": "Feature", "properties": { "id": "ningxia", "name_en": "Ningxia", "name_cn": "宁夏" }, "geometry": { "type": "Polygon", "coordinates": [ [ [ 106.773772413566007, 39.372997544900727 ], [ 106.808240594727636, 39.19905467403396 ], [ 106.981718377600998, 39.014621486692249 ], [ 106.470121698157811, 38.290686347496944 ], [ 106.829169549934761, 38.150384832793804 ], [ 107.162637566570424, 38.138602606924735 ], [ 107.324178094843148, 38.065945543352143 ], [ 107.411976353026205, 37.911975613283914 ], [ 107.661676873788679, 37.810715644411459 ], [ 107.311000604094545, 37.578430081383146 ], [ 107.238033482159437, 37.306353665489269 ], [ 107.326968621904314, 37.155355130534815 ], [ 107.285472446696019, 37.068461209017585 ], [ 106.644064569024579, 37.181658434289261 ], [ 106.574818150137503, 36.93133779590255 ], [ 106.649645624046286, 36.800027980906577 ], [ 106.496011590762237, 36.700240790380178 ], [ 106.431467726854066, 36.507823595482535 ], [ 106.474927605924222, 36.300239365754123 ], [ 106.82947960829722, 36.206730862239453 ], [ 106.94476972864004, 36.076945502432977 ], [ 106.938568556893358, 35.923905748351558 ], [ 106.843225538927413, 35.882202867568253 ], [ 106.910921665102705, 35.782364000198413 ], [ 106.750518020190441, 35.680664780854954 ], [ 106.434103225183662, 35.709577745416595 ], [ 106.510894402954307, 35.560930487951623 ], [ 106.413794386701568, 35.540621650368848 ], [ 106.490120477378071, 35.40517772117488 ], [ 106.338966912792728, 35.257124742013218 ], [ 106.177323032631818, 35.413006699999187 ], [ 105.897960240272823, 35.40765818897421 ], [ 106.076760694850122, 35.478945827887628 ], [ 105.829385614054786, 35.493647772926352 ], [ 105.693114861661513, 35.647075099736071 ], [ 105.725567662117896, 35.710068670932401 ], [ 105.427497999932712, 35.759548855495268 ], [ 105.314843377919487, 35.972791652812532 ], [ 105.437419874727368, 36.10668528929466 ], [ 105.44594648644113, 36.254583237926056 ], [ 105.219241978434525, 36.702411200716313 ], [ 105.320579461672764, 36.796565660276997 ], [ 104.855388217991845, 37.218193671200936 ], [ 104.621397332620745, 37.249277045199449 ], [ 104.717567172886675, 37.406864326427524 ], [ 104.358519322009045, 37.401231594562432 ], [ 104.475204706332079, 37.521430976358431 ], [ 104.944323357736721, 37.545718899407632 ], [ 105.246578810963285, 37.725268662818507 ], [ 105.641645135714384, 37.734854640828985 ], [ 105.799464960039813, 37.812782701060769 ], [ 105.826129999000216, 37.999877224254476 ], [ 105.755643344864438, 38.147801012206912 ], [ 105.847524042200746, 38.265416572516813 ], [ 105.841219516767239, 38.571289374205207 ], [ 106.110402052812447, 39.116734117185729 ], [ 106.278143751932589, 39.150427151092117 ], [ 106.302069939775834, 39.289488430546612 ], [ 106.773772413566007, 39.372997544900727 ] ] ] } },
{ "type": "Feature", "properties": { "id": "shaanxi", "name_en": "Shaanxi", "name_cn": "陕西" }, "geometry": { "type": "Polygon", "coordinates": [ [ [ 109.335993279566139, 31.705248521402098 ], [ 109.11766035364235, 31.905727240919418 ], [ 108.463591750059152, 32.256610216188506 ], [ 108.064649692629189, 32.23108205789066 ], [ 107.990494012288821, 32.145221666047007 ], [ 107.659196405089972, 32.388617662275294 ], [ 107.459622024037117, 32.408642279917274 ], [ 107.441793654253672, 32.532846584702099 ], [ 107.202170037916858, 32.452773953455164 ], [ 107.06998172377746, 32.522924709907443 ], [ 107.052928501249312, 32.714256700086594 ], [ 106.723129510818239, 32.741645209458852 ], [ 106.228947789109156, 32.591964423219508 ], [ 106.059500766746964, 32.706091824478108 ], [ 106.095519239721114, 32.868381658886449 ], [ 105.613688185561273, 32.702577826105767 ], [ 105.498553094849399, 32.907397366295413 ], [ 105.667069940325462, 32.887501938963283 ], [ 105.891759067626822, 32.985402939993662 ], [ 105.92467695517729, 33.224096381242987 ], [ 105.715129021587018, 33.374810696256588 ], [ 105.992941522133492, 33.610636095179643 ], [ 106.170605096048291, 33.562241116234532 ], [ 106.405836215768716, 33.617379869285514 ], [ 106.495546502768832, 33.543585924151046 ], [ 106.559470249052708, 33.59862132441458 ], [ 106.423199497558699, 33.925164699791026 ], [ 106.58742719920582, 34.137451484498399 ], [ 106.496786737118157, 34.266487535471356 ], [ 106.678791131705339, 34.260389716512179 ], [ 106.673623487833652, 34.384671536562166 ], [ 106.317727899223144, 34.583341580049876 ], [ 106.543192172880424, 34.820045478116299 ], [ 106.491205682096506, 35.030110174744721 ], [ 106.914849073725748, 35.089047146108896 ], [ 107.210851678362246, 34.891772365702082 ], [ 107.724515415354119, 34.953163967343187 ], [ 107.842441034026479, 34.998122464080438 ], [ 107.672218866207686, 35.220589505101543 ], [ 107.741671990669772, 35.318361314023377 ], [ 107.971838820205335, 35.222604884907469 ], [ 108.503899366862242, 35.274823919688117 ], [ 108.614900344275441, 35.384507148386149 ], [ 108.490928582587969, 35.876415106971592 ], [ 108.674948357880396, 35.999818426978777 ], [ 108.644355910296952, 36.24853709581032 ], [ 108.703680455288747, 36.358969631543232 ], [ 108.218748813906586, 36.598593247880046 ], [ 108.041705356716818, 36.597740587158341 ], [ 107.886521030720928, 36.755379544330481 ], [ 107.281958449222998, 36.91490469009932 ], [ 107.326968621904314, 37.155355130534815 ], [ 107.238033482159437, 37.306353665489269 ], [ 107.317201775841227, 37.590186468830439 ], [ 107.657646112378131, 37.85293528913229 ], [ 107.928740676341079, 37.785342515744503 ], [ 108.038708124080642, 37.632509467238094 ], [ 108.754323358036515, 37.675452582370781 ], [ 108.790703567115884, 37.941767076089661 ], [ 108.851526727076759, 37.990239570299934 ], [ 108.942632277157827, 37.918254299396381 ], [ 109.03539147273824, 38.075221463000105 ], [ 108.952244093590025, 38.212241523327634 ], [ 109.045365025275657, 38.422461248687682 ], [ 109.403482701065741, 38.754223944779199 ], [ 109.548900180998487, 38.795255031994088 ], [ 109.67426720576691, 39.011210842006733 ], [ 110.174081659341084, 39.279928290058535 ], [ 110.112793409588164, 39.432037869052408 ], [ 110.347094354221042, 39.316282659816864 ], [ 110.513440790260233, 39.371964016126412 ], [ 110.646249221124606, 39.244271552290286 ], [ 110.900238885715964, 39.506787827696087 ], [ 111.127305128928526, 39.580581772830556 ], [ 111.041005486613869, 39.4229686549794 ], [ 111.226730585148346, 39.297033189430124 ], [ 111.118003370858844, 39.067434801574791 ], [ 110.972895949288556, 38.974288032366758 ], [ 110.897138300292283, 38.535451769283725 ], [ 110.499953241149115, 38.166146145028563 ], [ 110.515042758916138, 37.954996242782329 ], [ 110.742935826227381, 37.764878648530782 ], [ 110.788772821208681, 37.561428533899686 ], [ 110.63710249178655, 37.418233141146516 ], [ 110.66500776599554, 37.282272447115702 ], [ 110.373294305187983, 37.017869981314561 ], [ 110.376963332291893, 36.775171617076467 ], [ 110.441248813781669, 36.726544094134624 ], [ 110.390089146197113, 36.688923652504513 ], [ 110.4989197123748, 36.524592597170624 ], [ 110.447243279953341, 36.141876939069448 ], [ 110.619842563683335, 35.597259020187607 ], [ 110.335415481139478, 35.198006904395129 ], [ 110.237436964843994, 34.80139028603287 ], [ 110.340376417637515, 34.436813056077654 ], [ 110.47695722929268, 34.357334703134029 ], [ 110.433807407685663, 34.26139740686483 ], [ 110.618292270971494, 34.162462877060079 ], [ 110.593797642347283, 33.879741115959689 ], [ 110.968245070253772, 33.598828029989591 ], [ 111.015580682002849, 33.374448961050689 ], [ 110.747741733993792, 33.095887153469334 ], [ 110.539330681965339, 33.246110541168491 ], [ 110.234439732207818, 33.15632273980259 ], [ 109.659694451937355, 33.264093940582882 ], [ 109.462290481220691, 33.189033921778048 ], [ 109.753383824403954, 33.083794867439167 ], [ 109.783201124732102, 32.901196194548731 ], [ 110.095843539847465, 32.841251532831961 ], [ 110.171291132279862, 32.633047187277839 ], [ 110.013316278323543, 32.549150499296104 ], [ 109.658144159225515, 32.599121609374777 ], [ 109.57944095263781, 32.541218166784972 ], [ 109.486061639433046, 32.346656399073538 ], [ 109.673802117773448, 32.069360663363909 ], [ 109.593962029623924, 31.737597968171656 ], [ 109.335993279566139, 31.705248521402098 ] ] ] } },
{ "type": "Feature", "properties": { "id": "qinghai", "name_en": "Qinghai", "name_cn": "青海" }, "geometry": { "type": "Polygon", "coordinates": [ [ [ 92.923868442974197, 39.153114326265097 ], [ 94.149891798867372, 39.324266669171436 ], [ 94.631051060358118, 39.295379543930778 ], [ 95.005963576258011, 39.151202298347357 ], [ 95.313696730819458, 39.181277981093956 ], [ 96.054788446229793, 38.678828030089505 ], [ 96.912255486701326, 38.350837713889348 ], [ 97.013282911577051, 39.192078355032038 ], [ 97.362563918190233, 39.150427151092117 ], [ 98.068619011658029, 38.80184377736839 ], [ 98.324313998592118, 39.023251451193516 ], [ 98.602229851926097, 38.947597154085372 ], [ 98.781908807445461, 39.067693183093922 ], [ 99.081890496649066, 38.968629462080003 ], [ 99.799882847415461, 38.365720526980738 ], [ 100.158465611198949, 38.207435615561167 ], [ 100.083069695609936, 38.394504299433834 ], [ 100.14079227104645, 38.485842394410952 ], [ 100.330238071729582, 38.320710354299365 ], [ 100.530122512044272, 38.27420156485033 ], [ 100.635749139111454, 38.105400499433472 ], [ 101.049780715207817, 37.963729560071101 ], [ 101.7656026547387, 37.524970812253173 ], [ 101.965590447840839, 37.734854640828985 ], [ 102.040107863387163, 37.464845283383113 ], [ 102.550619338111915, 37.163830064505873 ], [ 102.460133904755878, 36.955651557373471 ], [ 102.678621861209876, 36.7950412050875 ], [ 102.598523390641901, 36.672387193014515 ], [ 102.769727411290944, 36.497565823004322 ], [ 102.818561638908477, 36.326051743992764 ], [ 103.040356887260486, 36.216497708302597 ], [ 102.928425733860479, 36.067824612415905 ], [ 102.999532504721287, 35.990749212905826 ], [ 102.976019728927326, 35.833291123786296 ], [ 102.700325961873602, 35.839466458010634 ], [ 102.702186313847278, 35.524033514934729 ], [ 102.534961378664661, 35.535634874549771 ], [ 102.298128290288332, 35.420628974147803 ], [ 102.260249465340507, 35.290352687926202 ], [ 102.374454380065572, 35.173563950815662 ], [ 101.932414177871976, 34.878982449480418 ], [ 101.906937697316835, 34.755708319783139 ], [ 101.755060663219012, 34.70367015215578 ], [ 102.150282016701681, 34.495078232974038 ], [ 102.216066114959176, 34.364311021236631 ], [ 102.153796014174645, 34.285762844279816 ], [ 101.780382115042528, 34.067507432721811 ], [ 101.569852330420645, 34.208170680832211 ], [ 100.935265741220917, 34.386325182061455 ], [ 100.806488071767035, 34.278063055765415 ], [ 100.791708612362527, 34.154866441333184 ], [ 100.947978143076796, 33.929763901982483 ], [ 101.129465773726452, 33.850647284244758 ], [ 101.170496860941341, 33.654431871033978 ], [ 101.508925815873681, 33.704868069106055 ], [ 101.613363886334241, 33.511856594106519 ], [ 101.777539911137922, 33.530046699095863 ], [ 101.668761020904356, 33.382846381555225 ], [ 101.726948684334275, 33.267788805209193 ], [ 101.643646274655794, 33.127771511346168 ], [ 101.445157098321374, 33.235852768690279 ], [ 101.18413943878403, 33.152757066385504 ], [ 101.127192010602755, 32.954112861319459 ], [ 101.237366163917272, 32.81828135849787 ], [ 101.170806919303857, 32.688340969060448 ], [ 100.921468133747339, 32.626225897906863 ], [ 100.674713168777657, 32.683095810822977 ], [ 100.531207716762651, 32.403397122579122 ], [ 100.466457147279471, 32.464737047376786 ], [ 100.56092166520267, 32.563335680397302 ], [ 100.488781365567547, 32.683612576559142 ], [ 100.399432814672593, 32.758388372725221 ], [ 100.142032505395775, 32.647594102685673 ], [ 100.144823033356261, 32.838616034502365 ], [ 99.875898878830128, 33.024599514555916 ], [ 99.698545363277844, 32.744616604572627 ], [ 99.289371371791333, 32.887140203757383 ], [ 99.199971144952315, 33.017028917250684 ], [ 98.871619094445634, 33.159216620550581 ], [ 98.65375125471661, 33.665723172286562 ], [ 98.444151646081536, 33.848735256327018 ], [ 98.034925978650961, 33.959787908784961 ], [ 97.751119011932815, 33.859432278376914 ], [ 97.641564976242591, 34.001129055261686 ], [ 97.375172968157926, 33.86242951101309 ], [ 97.386180047671019, 33.621384793173661 ], [ 97.521313917603152, 33.462608954439702 ], [ 97.735771111747397, 33.389435126030207 ], [ 97.495062289792827, 33.187457791543807 ], [ 97.499919875301941, 33.008295599961968 ], [ 97.360961948635008, 32.897036241029696 ], [ 97.430673456414866, 32.70032990230311 ], [ 97.702853225096248, 32.509695543214718 ], [ 97.630867955092015, 32.444092312110513 ], [ 97.360858595847503, 32.500187079570026 ], [ 97.388505486738779, 32.280768948028481 ], [ 97.276936070343311, 32.2522952339379 ], [ 97.273163689552575, 32.100805772568322 ], [ 97.158648715565732, 32.020190538062877 ], [ 96.737692499109528, 31.968850003324974 ], [ 96.763737421344899, 31.680908922408832 ], [ 96.464582554441279, 31.760671495293252 ], [ 96.307434523684265, 31.906192328013503 ], [ 96.197053663895417, 31.881930243386023 ], [ 96.141243117276019, 31.797051703473301 ], [ 96.2295064643518, 31.702147935978417 ], [ 96.193022901585607, 31.53474213274319 ], [ 96.062074822694854, 31.71377513311586 ], [ 95.486864455330306, 31.746667182244664 ], [ 95.354314405985008, 31.954406439805325 ], [ 95.424335972127381, 32.018304348566801 ], [ 95.396223993242643, 32.162068183000201 ], [ 94.968394809672702, 32.319577948963172 ], [ 94.924366489821637, 32.456029568509734 ], [ 94.614928012917403, 32.672734687355899 ], [ 94.110772739570223, 32.478224596487905 ], [ 93.734154901327599, 32.572456570414374 ], [ 93.494893020196685, 32.514036362987724 ], [ 93.195738153293121, 32.667153632334248 ], [ 93.043964471083427, 32.652322496086299 ], [ 92.99776574089617, 32.741516018249627 ], [ 92.221379022024223, 32.744978338879207 ], [ 92.196109247044092, 32.868640042204163 ], [ 91.976846145133436, 32.848615424562183 ], [ 91.542660760185868, 33.080332546809586 ], [ 91.370733270024346, 33.335717475381159 ], [ 91.177566766293182, 33.334554755397619 ], [ 91.127905714577025, 33.254327094519795 ], [ 90.773818801096752, 33.139114488542816 ], [ 90.288887159714591, 33.305047512532667 ], [ 90.160212843947534, 33.56043244110424 ], [ 89.975107863037408, 33.630557359134798 ], [ 89.640141228734706, 34.057973131554775 ], [ 89.84446984160985, 34.357954819859003 ], [ 89.715847202686234, 34.72506419535631 ], [ 89.825246209644831, 34.84609040035167 ], [ 89.77822065625827, 34.930426337005827 ], [ 89.569189488404106, 34.948048001214261 ], [ 89.571669956203493, 35.073311672295802 ], [ 89.454054396792912, 35.22462026651209 ], [ 89.491623163378222, 35.350400702430477 ], [ 89.73755130424928, 35.449981187381866 ], [ 89.690680779594288, 35.519847723893349 ], [ 89.792638381356198, 35.818046576388383 ], [ 89.511621941699218, 35.863909409791404 ], [ 89.435140822291089, 35.987803657113091 ], [ 89.592960646616518, 36.07273387296982 ], [ 89.946117385009245, 36.080020250334258 ], [ 90.020996534862149, 36.258510647448418 ], [ 90.154218377775862, 36.13247182911158 ], [ 90.622665235612089, 36.111129461855171 ], [ 90.853400506827882, 36.004727688432069 ], [ 91.111317580042225, 36.073922431375081 ], [ 91.006724480850096, 36.503482773910889 ], [ 90.760279576041569, 36.59060923942485 ], [ 90.689999628380122, 36.776256821794846 ], [ 90.826425408605701, 36.923612168966429 ], [ 91.32592980291804, 37.070192368882715 ], [ 91.081655308445704, 37.483293768992212 ], [ 90.42262576656583, 37.788546453955689 ], [ 90.439265577944013, 37.99607900594134 ], [ 90.150911085877851, 38.432796536430999 ], [ 90.478229607610274, 38.532506211692294 ], [ 90.659303827109909, 38.677122707746719 ], [ 91.294407180247106, 38.745128893183846 ], [ 92.923868442974197, 39.153114326265097 ] ] ] } },
{ "type": "Feature", "properties": { "id": "shanxi", "name_en": "Shanxi", "name_cn": "山西" }, "geometry": { "type": "Polygon", "coordinates": [ [ [ 114.154097120985284, 40.74257803055167 ], [ 114.295122105200903, 40.366787013709711 ], [ 114.510664504063584, 40.324980781038164 ], [ 114.099630162402036, 40.196823229208633 ], [ 114.060821160568025, 40.086674913416516 ], [ 113.995967238297339, 40.131814277307058 ], [ 113.924447056286567, 40.02908152918917 ], [ 114.058030634406236, 39.924488429997041 ], [ 114.388088007255647, 39.857619127021053 ], [ 114.402143996248356, 39.658458157118218 ], [ 114.540946893284399, 39.531230781275497 ], [ 114.405606316877993, 39.183913479423495 ], [ 114.267991978247096, 39.082085068870811 ], [ 113.853340285425816, 39.072292385285323 ], [ 113.754224887568512, 38.931267401969023 ], [ 113.825124952854253, 38.810267035395327 ], [ 113.534496697664395, 38.53728628193636 ], [ 113.539457635961071, 38.252135728980704 ], [ 113.790656772591888, 38.152865302391774 ], [ 114.106451450873692, 37.669380601833268 ], [ 113.75432824125528, 37.11494415914558 ], [ 113.770813023002574, 36.868189195075274 ], [ 113.438378534241906, 36.719464423244517 ], [ 113.535116815288802, 36.483380641903068 ], [ 113.721772088910711, 36.354835517345236 ], [ 113.609582553991572, 35.634104316361118 ], [ 112.902752313268593, 35.240588284321859 ], [ 112.674600865337652, 35.312185980698416 ], [ 112.525979445395024, 35.220279445839708 ], [ 112.058462762646286, 35.234490465362683 ], [ 112.038153925063511, 35.045768134192031 ], [ 111.8294328146726, 35.08256175442142 ], [ 111.557666457141238, 34.863402005298269 ], [ 111.138673943647518, 34.819218654916995 ], [ 110.647644485104877, 34.602151800864874 ], [ 110.270096469976068, 34.637317613117318 ], [ 110.237436964843994, 34.80139028603287 ], [ 110.335415481139478, 35.198006904395129 ], [ 110.619842563683335, 35.597259020187607 ], [ 110.447243279953341, 36.141876939069448 ], [ 110.4989197123748, 36.524592597170624 ], [ 110.390089146197113, 36.688923652504513 ], [ 110.441248813781669, 36.726544094134624 ], [ 110.376963332291893, 36.775171617076467 ], [ 110.373294305187983, 37.017869981314561 ], [ 110.66500776599554, 37.282272447115702 ], [ 110.63710249178655, 37.418233141146516 ], [ 110.788772821208681, 37.561428533899686 ], [ 110.742935826227381, 37.764878648530782 ], [ 110.515042758916138, 37.954996242782329 ], [ 110.499953241149115, 38.166146145028563 ], [ 110.897138300292283, 38.535451769283725 ], [ 110.972895949288556, 38.974288032366758 ], [ 111.118003370858844, 39.067434801574791 ], [ 111.226730585148346, 39.297033189430124 ], [ 111.110045200825311, 39.385193182819137 ], [ 111.342692499059524, 39.444414374124051 ], [ 111.452970005161546, 39.645254827947952 ], [ 111.846951125194209, 39.628795885521697 ], [ 112.279276158168159, 40.228965969503861 ], [ 112.399217156646387, 40.288342190439721 ], [ 112.715631951653222, 40.170985012548272 ], [ 113.183148635301222, 40.425284736401466 ], [ 113.323760206568181, 40.320562446000054 ], [ 113.487316114646887, 40.333145657546027 ], [ 114.068727654657437, 40.497915961552337 ], [ 114.028420037854403, 40.642429103919994 ], [ 114.154097120985284, 40.74257803055167 ] ] ] } },
{ "type": "Feature", "properties": { "id": "jiangxi", "name_en": "Jiangxi", "name_cn": "江西" }, "geometry": { "type": "Polygon", "coordinates": [ [ [ 114.019376662203172, 25.268535468037385 ], [ 113.902846306611764, 25.740186265883437 ], [ 114.026352981205036, 26.049624741888294 ], [ 114.215230341107258, 26.180572822577687 ], [ 113.925377232273377, 26.17036672604354 ], [ 114.087847934734327, 26.568481961173575 ], [ 113.864709100144864, 26.655866808206611 ], [ 113.893234491078829, 26.961041977904927 ], [ 113.752467889281661, 27.097002671935741 ], [ 113.850963168615294, 27.345902207920517 ], [ 113.608600702060698, 27.356728421179696 ], [ 113.558526239194521, 27.575448919831786 ], [ 113.7188265322186, 27.963719794532892 ], [ 113.989145948926307, 28.071852728720444 ], [ 114.231921828429563, 28.368294582928627 ], [ 114.177041456897655, 28.507304185539738 ], [ 114.056945428788481, 28.564277452142676 ], [ 114.130480992403818, 28.826121934879382 ], [ 113.899125603563675, 28.974588324291688 ], [ 113.996742384653317, 29.16429250739327 ], [ 114.243755731142073, 29.242117213938229 ], [ 114.28938602144774, 29.358440863954684 ], [ 114.758194615389129, 29.360973009496774 ], [ 114.965468784956443, 29.557782701010808 ], [ 115.113935175268125, 29.506907254266366 ], [ 115.08122399329261, 29.655735378884629 ], [ 115.342706739924097, 29.640284125012329 ], [ 115.486212192838366, 29.86427562122293 ], [ 115.705165236386506, 29.86081329969403 ], [ 115.888874953316417, 29.731828925564457 ], [ 116.236192255168362, 29.781334946750349 ], [ 116.701693557211797, 30.056460273023163 ], [ 116.886798537222717, 29.920422065525884 ], [ 116.794142694429752, 29.751982734415662 ], [ 116.674976841408011, 29.708006090508661 ], [ 116.648466832078611, 29.62741669442488 ], [ 116.734301386399807, 29.546336371026655 ], [ 116.876204868859531, 29.549772854133892 ], [ 117.085752801550484, 29.715499172548732 ], [ 117.063686964781596, 29.836861274328328 ], [ 117.181302525091382, 29.92708832436665 ], [ 117.245898064943731, 29.835801907132293 ], [ 117.404338006893454, 29.834432481573742 ], [ 117.540867140805858, 29.614058336522987 ], [ 118.104605340663852, 29.530032457332027 ], [ 118.182481724052309, 29.362885037414514 ], [ 117.999237095115745, 29.134423530221738 ], [ 118.371669143216309, 28.798604234297954 ], [ 118.471456332843445, 28.32039053039864 ], [ 118.348879836035508, 28.219802354195281 ], [ 118.363762649126897, 28.093608507126874 ], [ 117.817387730159567, 27.935091050811309 ], [ 117.753153924613912, 27.816106064942915 ], [ 117.521798536673032, 27.974442654105189 ], [ 117.292923619229555, 27.864578559153188 ], [ 117.105751580770743, 27.554080715052919 ], [ 117.156187778842877, 27.282211004734052 ], [ 117.040122512144194, 27.109534207537649 ], [ 116.547749464666026, 26.872933661359355 ], [ 116.504961379164229, 26.689301458795285 ], [ 116.619889764301092, 26.498227851034471 ], [ 116.598030634006477, 26.402703965915293 ], [ 116.505271438426121, 26.409473578442885 ], [ 116.398973015991828, 26.287543035882379 ], [ 116.397267693649042, 26.061458645500068 ], [ 116.135164830292638, 25.866328437007724 ], [ 116.159659458017472, 25.775532945289171 ], [ 116.030106643107047, 25.642336940797179 ], [ 115.974554478006667, 25.332045803171241 ], [ 115.841280959148889, 25.186111559301025 ], [ 115.907685175030792, 24.875562039256693 ], [ 115.754981316834233, 24.819596462107029 ], [ 115.797045932823494, 24.564134019169614 ], [ 115.691522657644441, 24.547985134206556 ], [ 115.420583124211817, 24.78455984106381 ], [ 114.405761345609562, 24.501528022500224 ], [ 114.169600050801705, 24.674695746111752 ], [ 114.314707473271255, 24.774741319056602 ], [ 114.413512810967404, 24.979690050455474 ], [ 114.729307489249209, 25.118880520219818 ], [ 114.712719353815032, 25.279490872505733 ], [ 114.545907830681813, 25.415942491153032 ], [ 114.019376662203172, 25.268535468037385 ] ] ] } },
{ "type": "Feature", "properties": { "id": "henan", "name_en": "Henan", "name_cn": "河南" }, "geometry": { "type": "Polygon", "coordinates": [ [ [ 113.721048619398175, 36.355869046119551 ], [ 114.560635614142257, 36.134383857029377 ], [ 114.842272169624835, 36.148646552496359 ], [ 114.930690546331562, 36.056559150484361 ], [ 115.112436557600972, 36.186008613506715 ], [ 115.322087843978807, 36.077875678419787 ], [ 115.460322300233884, 36.157870795300937 ], [ 115.331079542786597, 35.773734035697146 ], [ 115.468228794323409, 35.912924506360866 ], [ 116.090309686342948, 36.078624986354043 ], [ 116.033672317423452, 35.96581533470993 ], [ 115.943962030423336, 35.979767970915077 ], [ 115.873785434650017, 35.865511380246005 ], [ 115.504247268196877, 35.722832750530984 ], [ 115.340381300856279, 35.48517283805603 ], [ 115.068356560906523, 35.380114650870439 ], [ 114.851573927694517, 35.178163153906382 ], [ 114.834210646803854, 35.016183376961237 ], [ 115.181631301443417, 34.939986477493903 ], [ 115.216047804862228, 34.835729275085953 ], [ 115.429264763757828, 34.779712021992225 ], [ 115.530757276627014, 34.580060126573585 ], [ 116.100851678761956, 34.607732855886582 ], [ 116.156713902224737, 34.447303372552597 ], [ 116.369310744395307, 34.286072903541651 ], [ 116.573380974852057, 34.278812363699615 ], [ 116.542943556899559, 34.120915025008401 ], [ 116.641180454714117, 33.953225002731642 ], [ 116.166170689025989, 33.716701971818509 ], [ 115.96137698815744, 34.000147203330755 ], [ 115.66170535731635, 34.054097397976534 ], [ 115.561349725109721, 33.898137926524043 ], [ 115.629304233703351, 33.844601142128965 ], [ 115.573545363028074, 33.750188300149887 ], [ 115.634575230362543, 33.584772040097562 ], [ 115.349993117288477, 33.516869208347259 ], [ 115.279093052002736, 33.138029282925061 ], [ 114.886558872793671, 33.083407293811547 ], [ 114.899219597806109, 32.974240830849624 ], [ 115.189382765901883, 32.854015611531224 ], [ 115.199304640696596, 32.59147349680444 ], [ 115.379965448146891, 32.554033922327619 ], [ 115.546673619391981, 32.409184882276463 ], [ 115.920397576886671, 32.574368598332114 ], [ 115.86174482636261, 32.515018214918655 ], [ 115.901328972753845, 31.794493720408866 ], [ 115.531532423882254, 31.736383572244051 ], [ 115.338365920151091, 31.402760525078122 ], [ 115.211396925827444, 31.455134589489717 ], [ 115.159410435043469, 31.603445950170453 ], [ 115.037764113323078, 31.485985419491499 ], [ 114.790750766834321, 31.483763333211243 ], [ 114.547871535442937, 31.572879340109466 ], [ 114.535469191949574, 31.748450018953179 ], [ 114.361836379445322, 31.734264837851981 ], [ 114.149549594738005, 31.849554959094064 ], [ 113.958088414248891, 31.750310370027535 ], [ 113.957158238262082, 31.838289496263201 ], [ 113.791121860585349, 31.979236965213772 ], [ 113.729213495006775, 32.419261785802746 ], [ 113.435949742386697, 32.288752957383053 ], [ 113.045844354133578, 32.425230414452017 ], [ 112.304287550729782, 32.344666855890694 ], [ 111.657970411605163, 32.622531033280552 ], [ 111.54557417201039, 32.596770330985976 ], [ 110.994134962858197, 33.21988475177983 ], [ 110.977081740329993, 33.583867703431736 ], [ 110.598293491751178, 33.873488268268943 ], [ 110.618292270971494, 34.162462877060079 ], [ 110.446209751179026, 34.24439586028069 ], [ 110.472616407720977, 34.36560293242934 ], [ 110.329421014068487, 34.463193875097261 ], [ 110.336035597864509, 34.615846056450323 ], [ 110.647644485104877, 34.602151800864874 ], [ 111.138673943647518, 34.819218654916995 ], [ 111.557666457141238, 34.863402005298269 ], [ 111.8294328146726, 35.08256175442142 ], [ 112.038153925063511, 35.045768134192031 ], [ 112.058462762646286, 35.234490465362683 ], [ 112.525979445395024, 35.220279445839708 ], [ 112.674600865337652, 35.312185980698416 ], [ 112.902752313268593, 35.240588284321859 ], [ 113.46762739468852, 35.505636705269694 ], [ 113.609582553991572, 35.634104316361118 ], [ 113.721048619398175, 36.355869046119551 ] ] ] } },
{ "type": "Feature", "properties": { "id": "hubei", "name_en": "Hubei", "name_cn": "湖北" }, "geometry": { "type": "Polygon", "coordinates": [ [ [ 110.022307977131391, 30.822770087469564 ], [ 110.127676222679497, 30.906408393032905 ], [ 110.146744825912947, 31.331111151858124 ], [ 109.968151076011281, 31.503426214748004 ], [ 109.732609897928398, 31.561122951762798 ], [ 109.583006626054896, 31.746176255829539 ], [ 109.673802117773448, 32.069360663363909 ], [ 109.486061639433046, 32.346656399073538 ], [ 109.639643995873655, 32.594832465545835 ], [ 110.020912714050496, 32.550468248011214 ], [ 110.168293898744366, 32.622350165227942 ], [ 110.154961379264194, 32.729578761850348 ], [ 110.08204593327315, 32.848202013412163 ], [ 109.739586216031, 32.930005805423548 ], [ 109.749043002832252, 33.087050483393057 ], [ 109.447562696860928, 33.167975776261073 ], [ 109.659694451937355, 33.264093940582882 ], [ 110.234439732207818, 33.15632273980259 ], [ 110.539330681965339, 33.246110541168491 ], [ 110.747741733993792, 33.095887153469334 ], [ 110.974601271631343, 33.266471056494026 ], [ 111.54557417201039, 32.596770330985976 ], [ 111.657970411605163, 32.622531033280552 ], [ 112.304287550729782, 32.344666855890694 ], [ 113.045844354133578, 32.425230414452017 ], [ 113.435949742386697, 32.288752957383053 ], [ 113.729213495006775, 32.419261785802746 ], [ 113.791121860585349, 31.979236965213772 ], [ 113.957158238262082, 31.838289496263201 ], [ 113.958088414248891, 31.750310370027535 ], [ 114.149549594738005, 31.849554959094064 ], [ 114.361836379445322, 31.734264837851981 ], [ 114.535469191949574, 31.748450018953179 ], [ 114.547871535442937, 31.572879340109466 ], [ 114.790750766834321, 31.483763333211243 ], [ 115.037764113323078, 31.485985419491499 ], [ 115.165921666051986, 31.601456406987552 ], [ 115.211396925827444, 31.455134589489717 ], [ 115.374022657919227, 31.417539985382007 ], [ 115.568946160836617, 31.163757026365658 ], [ 115.656331007869653, 31.221789659265369 ], [ 116.035377638866862, 31.030948595501286 ], [ 115.766608513971732, 30.694405829165646 ], [ 115.940137973688479, 30.50563182205093 ], [ 115.876627638554623, 30.375691433512827 ], [ 116.040493605895108, 30.221437283503803 ], [ 116.147257115423486, 29.788776352846412 ], [ 115.888874953316417, 29.731828925564457 ], [ 115.705165236386506, 29.86081329969403 ], [ 115.486212192838366, 29.86427562122293 ], [ 115.342706739924097, 29.640284125012329 ], [ 115.08122399329261, 29.655735378884629 ], [ 115.113935175268125, 29.506907254266366 ], [ 114.965468784956443, 29.557782701010808 ], [ 114.758194615389129, 29.360973009496774 ], [ 114.28938602144774, 29.358440863954684 ], [ 114.243755731142073, 29.242117213938229 ], [ 113.902381220416942, 29.066339830418826 ], [ 113.772828403707763, 29.125302639305346 ], [ 113.701928339321398, 29.072385973433882 ], [ 113.580902134326038, 29.253046779984913 ], [ 113.729523554268553, 29.445541490147605 ], [ 113.649425082801258, 29.676276760464077 ], [ 113.533256464214446, 29.693304145469938 ], [ 113.590307245183226, 29.879959418192584 ], [ 113.066463250978245, 29.442363390358139 ], [ 113.032873569859362, 29.519051215341278 ], [ 112.935825229550687, 29.480526435246759 ], [ 112.90848839702187, 29.600803331408599 ], [ 113.012926466583167, 29.772989203089253 ], [ 112.936290318443412, 29.693304145469938 ], [ 112.886164178733793, 29.791773587281227 ], [ 112.664885695218572, 29.631938381351176 ], [ 112.450893589067846, 29.644004828060361 ], [ 112.281911655598378, 29.536931261068844 ], [ 112.213802118273065, 29.673098659775292 ], [ 111.754760370394706, 29.924711209354825 ], [ 111.396229282555282, 29.924685370033785 ], [ 111.246160922688375, 30.031733100402221 ], [ 110.741850620609625, 30.096173611522943 ], [ 110.715598992799244, 30.029640204431871 ], [ 110.463159620919726, 30.013982244984618 ], [ 110.591162144017687, 29.771361396011571 ], [ 110.376859978605069, 29.653539130126717 ], [ 110.103905063567765, 29.78541738500428 ], [ 109.783201124732102, 29.734929510988138 ], [ 109.685119257447752, 29.600725816143495 ], [ 109.465856153738457, 29.566412665512075 ], [ 109.206595494286603, 29.104244492888995 ], [ 108.920566441288202, 29.348984076254112 ], [ 108.889405552024584, 29.622352403340699 ], [ 108.696032342718411, 29.698161729180413 ], [ 108.640790235980546, 29.846550605126311 ], [ 108.512632684151015, 29.72185537392636 ], [ 108.440492385415212, 29.743481961123564 ], [ 108.400443150131252, 29.831073512832347 ], [ 108.531081170659434, 29.86580007641237 ], [ 108.55051150909884, 29.999512843942568 ], [ 108.538832636017275, 30.302879340309289 ], [ 108.380392694067552, 30.388610540943716 ], [ 108.433206008050774, 30.487286689229279 ], [ 108.964646437982708, 30.607486070126015 ], [ 109.377747837192885, 30.580252590384703 ], [ 109.870689324552643, 30.88858002414878 ], [ 110.022307977131391, 30.822770087469564 ] ] ] } },
{ "type": "Feature", "properties": { "id": "anhui", "name_en": "Anhui", "name_cn": "安徽" }, "geometry": { "type": "Polygon", "coordinates": [ [ [ 119.629783562561329, 31.132880357042836 ], [ 119.451448195078115, 30.648129583713285 ], [ 119.360290969052926, 30.680453192960442 ], [ 119.242933791161477, 30.556584784060533 ], [ 119.392382033404033, 30.36843089457011 ], [ 119.237817824133231, 30.298641873323788 ], [ 118.881095412323361, 30.324350897875604 ], [ 118.890552199124613, 29.975069892161798 ], [ 118.723740675991394, 29.730201116688193 ], [ 118.389497512100434, 29.456316026563343 ], [ 118.174730258694467, 29.407869370774847 ], [ 118.002337681438803, 29.569952501406817 ], [ 117.540867140805858, 29.614058336522987 ], [ 117.404338006893454, 29.834432481573742 ], [ 117.245898064943731, 29.835801907132293 ], [ 117.181302525091382, 29.92708832436665 ], [ 117.063686964781596, 29.836861274328328 ], [ 117.085752801550484, 29.715499172548732 ], [ 116.876204868859531, 29.549772854133892 ], [ 116.734301386399807, 29.546336371026655 ], [ 116.649086948803642, 29.640206611545864 ], [ 116.880132276583254, 29.939077256709993 ], [ 116.650482211884537, 30.050672512426502 ], [ 116.513332961247102, 29.894196275237903 ], [ 116.147257115423486, 29.788776352846412 ], [ 116.040493605895108, 30.221437283503803 ], [ 115.876627638554623, 30.375691433512827 ], [ 115.940137973688479, 30.50563182205093 ], [ 115.766608513971732, 30.694405829165646 ], [ 116.035377638866862, 31.030948595501286 ], [ 115.656331007869653, 31.221789659265369 ], [ 115.568946160836617, 31.163757026365658 ], [ 115.374022657919227, 31.366276964110568 ], [ 115.531532423882254, 31.736383572244051 ], [ 115.901328972753845, 31.794493720408866 ], [ 115.86174482636261, 32.515018214918655 ], [ 115.920397576886671, 32.574368598332114 ], [ 115.546673619391981, 32.409184882276463 ], [ 115.379965448146891, 32.554033922327619 ], [ 115.199304640696596, 32.59147349680444 ], [ 115.189382765901883, 32.854015611531224 ], [ 114.899219597806109, 32.974240830849624 ], [ 114.886558872793671, 33.083407293811547 ], [ 115.279093052002736, 33.138029282925061 ], [ 115.349993117288477, 33.516869208347259 ], [ 115.634575230362543, 33.584772040097562 ], [ 115.573545363028074, 33.750188300149887 ], [ 115.629304233703351, 33.844601142128965 ], [ 115.561349725109721, 33.898137926524043 ], [ 115.66170535731635, 34.054097397976534 ], [ 115.96137698815744, 34.000147203330755 ], [ 116.157282343005704, 33.717890530223769 ], [ 116.632498814268843, 33.904571642267456 ], [ 116.542943556899559, 34.120915025008401 ], [ 116.573380974852057, 34.278812363699615 ], [ 116.386518995655024, 34.276486925531174 ], [ 116.153768344633363, 34.455261541686752 ], [ 116.151287875934713, 34.566727607093355 ], [ 116.428118523650937, 34.63969472902852 ], [ 116.598030634006477, 34.494768175510842 ], [ 116.949482050056531, 34.389296576275967 ], [ 117.033921340397455, 34.155538234901599 ], [ 117.634453159585632, 34.00138743678076 ], [ 117.74865807520996, 33.875710354549199 ], [ 117.726902296803473, 33.727915757805931 ], [ 118.163258091187913, 33.736752427882209 ], [ 118.115457391445375, 33.484442247211916 ], [ 117.931851027302969, 33.2351292991778 ], [ 118.080730828764672, 33.149553128174318 ], [ 118.209043410225149, 33.193969020753684 ], [ 118.299683873212189, 32.77740530001455 ], [ 118.720175001674988, 32.732136745814159 ], [ 118.857375930055127, 32.972302965409483 ], [ 118.992974887980608, 32.962045192931271 ], [ 119.153378533792306, 32.824534207087993 ], [ 119.199370559303816, 32.593721422405679 ], [ 119.080514763745327, 32.446081855293357 ], [ 118.897476841283151, 32.595530097535971 ], [ 118.558892856719922, 32.587468573815613 ], [ 118.666793247810119, 32.458871772414341 ], [ 118.665397983829848, 32.249737249974089 ], [ 118.507888217866935, 32.19751821519344 ], [ 118.350223423172338, 31.95239105910008 ], [ 118.673924594644291, 31.649773871566879 ], [ 118.865747512137887, 31.620680039851948 ], [ 118.827248569565768, 31.397541205262371 ], [ 118.737383253834082, 31.333875841396946 ], [ 118.803632440085039, 31.227629095806094 ], [ 119.344581332762232, 31.2875220815788 ], [ 119.369902784585747, 31.188355006878055 ], [ 119.629783562561329, 31.132880357042836 ] ] ] } },
{ "type": "Feature", "properties": { "id": "taiwan", "name_en": "Taiwan", "name_cn": "台湾" }, "geometry": { "type": "MultiPolygon", "coordinates": [ [ [ [ 120.948252800000091, 22.52680084800005 ], [ 120.840342644000089, 21.90460846600007 ], [ 120.700368686000047, 21.948431708000044 ], [ 120.621267123000052, 22.295070705000057 ], [ 120.511973504000025, 22.424750067000048 ], [ 120.380869988000086, 22.483872789000088 ], [ 120.331228061000047, 22.519720770000049 ], [ 120.285166863000086, 22.580064195000091 ], [ 120.33366946700005, 22.525946356000077 ], [ 120.166188998000052, 23.031724351000037 ], [ 120.055186394000089, 23.04368724200009 ], [ 120.164577389000101, 23.36171145600008 ], [ 120.143609008, 23.638035702000082 ], [ 121.00554446700005, 25.000677802000041 ], [ 121.443207227000016, 25.136419989000046 ], [ 121.436289910000028, 25.241441148000035 ], [ 121.580821160000028, 25.283026434000078 ], [ 122.005381707000083, 25.001898505000042 ], [ 121.82349694100003, 24.85492584800005 ], [ 121.814952019000089, 24.644354559000078 ], [ 121.881846550000091, 24.597805080000057 ], [ 121.607432488000086, 24.076849677000041 ], [ 121.40007571700005, 23.145493882000039 ], [ 120.948252800000091, 22.52680084800005 ] ] ], [ [ [ 120.090300909, 23.499395950000064 ], [ 120.007656285000053, 23.432593713000074 ], [ 120.124769932000049, 23.550453797000046 ], [ 120.090300909, 23.499395950000064 ] ] ], [ [ [ 119.661143425000091, 23.555731512000079 ], [ 119.563975457000083, 23.516587632000039 ], [ 119.527110222000033, 23.539984442000048 ], [ 119.613129102000016, 23.610296942000048 ], [ 119.661143425000091, 23.555731512000079 ] ] ], [ [ [ 119.501312696000014, 23.650376695000091 ], [ 119.491709832000083, 23.57103099200009 ], [ 119.442393425000091, 23.562486070000091 ], [ 119.501312696000014, 23.650376695000091 ] ] ], [ [ [ 119.545258009, 23.664943752000056 ], [ 119.596202019000089, 23.653265692000048 ], [ 119.576833530000044, 23.62250397300005 ], [ 119.545258009, 23.664943752000056 ] ] ], [ [ [ 118.448785039000086, 24.415513445000045 ], [ 118.292979363000086, 24.397650458000044 ], [ 118.282074415000011, 24.477362372000073 ], [ 118.422596613, 24.527968322000049 ], [ 118.448785039000086, 24.415513445000045 ] ] ], [ [ [ 121.566905144000089, 22.007757880000042 ], [ 121.498301629000025, 22.048041083000044 ], [ 121.492035352000016, 22.082180080000057 ], [ 121.566579623000052, 22.082180080000057 ], [ 121.566905144000089, 22.007757880000042 ] ] ], [ [ [ 121.49577884200005, 22.678534247000073 ], [ 121.486582879000025, 22.63540273600006 ], [ 121.455414259, 22.673814195000091 ], [ 121.49577884200005, 22.678534247000073 ] ] ] ] } },
{ "type": "Feature", "properties": { "id": "hong kong", "name_en": "Hong Kong", "name_cn": "香港" }, "geometry": { "type": "MultiPolygon", "coordinates": [ [ [ [ 114.154633009, 22.203599351000037 ], [ 114.104258660000028, 22.215969143000052 ], [ 114.10670006600003, 22.23578522300005 ], [ 114.154633009, 22.203599351000037 ] ] ], [ [ [ 114.228119337000066, 22.280910549000055 ], [ 114.207692905000044, 22.189561265000066 ], [ 114.11255944100003, 22.271511135000083 ], [ 114.139089389000105, 22.288723049000055 ], [ 114.228119337000066, 22.280910549000055 ] ] ], [ [ [ 113.837901238000086, 22.217962958000044 ], [ 113.892507358000103, 22.292710679000038 ], [ 114.054860873000052, 22.336330471000053 ], [ 114.000173373000052, 22.216131903000075 ], [ 113.837901238000086, 22.217962958000044 ] ] ], [ [ [ 114.227224155000044, 22.547064520000049 ], [ 114.335134311000047, 22.506415106000077 ], [ 114.167491082000083, 22.448065497000073 ], [ 114.209320509, 22.398667710000041 ], [ 114.323741082000083, 22.480047919000071 ], [ 114.399750196000014, 22.436143296000068 ], [ 114.357595248000052, 22.332424221000053 ], [ 114.258392774000072, 22.362087307000081 ], [ 114.296722852000016, 22.258286851000037 ], [ 113.896983269000089, 22.408758856000077 ], [ 114.227224155000044, 22.547064520000049 ] ] ] ] } }
]
}
